insert into users values ('c03ec651-bbc3-4af1-93b4-8b06b3a0b9c7', 'iram', 'iram_1nil@gmail.com', 'somehash');
insert into leagues values ('ea4bc412-c6e3-40e9-9753-275730216d50', 'gridiron', 'UW Gridiron', 'password');
insert into leagues values ('44f55645-8e12-4fb8-a7ca-24f98b77d2b4', 'gridiron', 'UofT Gridiron', 'password');
insert into leagues values ('8abd2c23-1df5-49f8-8c41-136e5e6a5535', 'gridiron', 'York Gridiron', 'password');
insert into gridirongames(id,leagueId,home,away,starttime) values ('dde41514-e573-42ba-86de-32d48a4bdda8','ea4bc412-c6e3-40e9-9753-275730216d50','TeamA','TeamB','2023-02-23T22:42:43+00:00');
insert into gridirongameevents(id,gameId,playType,period,teamFor,teamAgainst) values ('a00ac9ff-37a1-43a0-9abd-7532e763a149','dde41514-e573-42ba-86de-32d48a4bdda8','kick',1,'TeamB','TeamA');
insert into gridironkicks(eventId,player,yard,result) values ('a00ac9ff-37a1-43a0-9abd-7532e763a149','Bonnie',74,'field-goal');
insert into gridirongameevents(id,gameId,playType,period,teamFor,teamAgainst) values ('d188865e-9e66-4f8c-bfd3-2176142a9e7c','dde41514-e573-42ba-86de-32d48a4bdda8','flag',1,'TeamB','TeamA');
insert into gridirongameevents(id,gameId,playType,period,teamFor,teamAgainst) values ('ed4cc066-ab72-4a41-b1a5-41173efeaf4d','dde41514-e573-42ba-86de-32d48a4bdda8','safety',1,'TeamB','TeamA');
insert into gridirongameevents(id,gameId,playType,period,teamFor,teamAgainst) values ('dbb1ce21-7cfe-407b-b493-d9ce4f6ff3b5','dde41514-e573-42ba-86de-32d48a4bdda8','rush',1,'TeamB','TeamA');
insert into gridironrushes(eventId,player,yard,result) values ('dbb1ce21-7cfe-407b-b493-d9ce4f6ff3b5','Barry',29,'2pt');
insert into gridirongameevents(id,gameId,playType,period,teamFor,teamAgainst) values ('b3042927-48d8-4ee1-91cb-c496b145a6bf','dde41514-e573-42ba-86de-32d48a4bdda8','throw',1,'TeamB','TeamA');
insert into gridironthrows(eventId,playerThrowing,playerReceiving,yard,result) values ('b3042927-48d8-4ee1-91cb-c496b145a6bf','Banin','Barry','91','non-scoring');
insert into gridirongameevents(id,gameId,playType,period,teamFor,teamAgainst) values ('85dccf67-b7b6-4ca7-9fe7-f5eb0e782773','dde41514-e573-42ba-86de-32d48a4bdda8','timeout',1,'TeamB','TeamA');
insert into gridirongameevents(id,gameId,playType,period,teamFor,teamAgainst) values ('f49de346-6698-4aad-990b-9327b44f3a7e','dde41514-e573-42ba-86de-32d48a4bdda8','rush',1,'TeamB','TeamA');
insert into gridironrushes(eventId,player,yard,result) values ('f49de346-6698-4aad-990b-9327b44f3a7e','Barry',105,'touchdown');
insert into gridirongameevents(id,gameId,playType,period,teamFor,teamAgainst) values ('475507d4-1526-44d5-b873-56e3876530e5','dde41514-e573-42ba-86de-32d48a4bdda8','kick',1,'TeamB','TeamA');
insert into gridironkicks(eventId,player,yard,result) values ('475507d4-1526-44d5-b873-56e3876530e5','Beckham',66,'miss');
insert into gridirongameevents(id,gameId,playType,period,teamFor,teamAgainst) values ('46b3b545-e1be-47ec-a9db-f655e9d0df68','dde41514-e573-42ba-86de-32d48a4bdda8','throw',1,'TeamB','TeamA');
insert into gridironthrows(eventId,playerThrowing,playerReceiving,yard,result) values ('46b3b545-e1be-47ec-a9db-f655e9d0df68','Ben','Barry','102','touchdown');
insert into gridirongameevents(id,gameId,playType,period,teamFor,teamAgainst) values ('ab8083b5-64bf-4848-8cfa-153771cc7a9d','dde41514-e573-42ba-86de-32d48a4bdda8','kick',1,'TeamB','TeamA');
insert into gridironkicks(eventId,player,yard,result) values ('ab8083b5-64bf-4848-8cfa-153771cc7a9d','Ben',113,'field-goal');
insert into gridirongameevents(id,gameId,playType,period,teamFor,teamAgainst) values ('6865e46e-6171-41ae-ba54-329e10b6afed','dde41514-e573-42ba-86de-32d48a4bdda8','safety',1,'TeamA','TeamB');
insert into gridirongameevents(id,gameId,playType,period,teamFor,teamAgainst) values ('4f7a9438-8d83-43fc-bdab-02fbc2d16804','dde41514-e573-42ba-86de-32d48a4bdda8','throw',1,'TeamA','TeamB');
insert into gridironthrows(eventId,playerThrowing,playerReceiving,yard,result) values ('4f7a9438-8d83-43fc-bdab-02fbc2d16804','Abdul','Alain','2','2pt');
insert into gridirongameevents(id,gameId,playType,period,teamFor,teamAgainst) values ('dab2b11b-bc91-4495-a51c-84e517de511b','dde41514-e573-42ba-86de-32d48a4bdda8','flag',1,'TeamA','TeamB');
insert into gridirongameevents(id,gameId,playType,period,teamFor,teamAgainst) values ('7d3123ec-dec1-417e-a919-d704fee9ad26','dde41514-e573-42ba-86de-32d48a4bdda8','safety',1,'TeamA','TeamB');
insert into gridirongameevents(id,gameId,playType,period,teamFor,teamAgainst) values ('676ab0f4-7277-4831-a8d0-4a7533cd4c8b','dde41514-e573-42ba-86de-32d48a4bdda8','turnover',1,'TeamA','TeamB');
insert into gridirongameevents(id,gameId,playType,period,teamFor,teamAgainst) values ('69cf824c-e277-4dfe-8601-39c942eba4ae','dde41514-e573-42ba-86de-32d48a4bdda8','rush',1,'TeamA','TeamB');
insert into gridironrushes(eventId,player,yard,result) values ('69cf824c-e277-4dfe-8601-39c942eba4ae','Abby',77,'touchdown');
insert into gridirongameevents(id,gameId,playType,period,teamFor,teamAgainst) values ('e34568cf-cc42-4a3e-a537-c80d42012645','dde41514-e573-42ba-86de-32d48a4bdda8','rush',1,'TeamA','TeamB');
insert into gridironrushes(eventId,player,yard,result) values ('e34568cf-cc42-4a3e-a537-c80d42012645','Alice',3,'non-scoring');
insert into gridirongameevents(id,gameId,playType,period,teamFor,teamAgainst) values ('e4f6e9f4-2224-4b1a-a1b2-043ee67255c2','dde41514-e573-42ba-86de-32d48a4bdda8','throw',1,'TeamA','TeamB');
insert into gridironthrows(eventId,playerThrowing,playerReceiving,yard,result) values ('e4f6e9f4-2224-4b1a-a1b2-043ee67255c2','Abby','Abdul','36','touchdown');
insert into gridirongameevents(id,gameId,playType,period,teamFor,teamAgainst) values ('feb26eae-ef60-4a42-a87f-876dd4b5e10c','dde41514-e573-42ba-86de-32d48a4bdda8','rush',1,'TeamA','TeamB');
insert into gridironrushes(eventId,player,yard,result) values ('feb26eae-ef60-4a42-a87f-876dd4b5e10c','Adam',42,'2pt');
insert into gridirongameevents(id,gameId,playType,period,teamFor,teamAgainst) values ('4516c1cf-6956-479b-8a82-1c70722dbd58','dde41514-e573-42ba-86de-32d48a4bdda8','flag',1,'TeamB','TeamA');
insert into gridirongameevents(id,gameId,playType,period,teamFor,teamAgainst) values ('4c247dff-0296-4ef0-aad3-ae1158d9c772','dde41514-e573-42ba-86de-32d48a4bdda8','turnover',1,'TeamB','TeamA');
insert into gridirongameevents(id,gameId,playType,period,teamFor,teamAgainst) values ('e4c896b8-08b1-4637-8e95-35ed36713440','dde41514-e573-42ba-86de-32d48a4bdda8','kick',1,'TeamA','TeamB');
insert into gridironkicks(eventId,player,yard,result) values ('e4c896b8-08b1-4637-8e95-35ed36713440','Alice',90,'miss');
insert into gridirongameevents(id,gameId,playType,period,teamFor,teamAgainst) values ('81f14537-3174-4cfb-ab81-6b706e4fc5eb','dde41514-e573-42ba-86de-32d48a4bdda8','throw',1,'TeamA','TeamB');
insert into gridironthrows(eventId,playerThrowing,playerReceiving,yard,result) values ('81f14537-3174-4cfb-ab81-6b706e4fc5eb','Adam','Alice','10','non-scoring');
insert into gridirongameevents(id,gameId,playType,period,teamFor,teamAgainst) values ('6500ad33-39fb-4ed7-8902-e185f171969f','dde41514-e573-42ba-86de-32d48a4bdda8','rush',1,'TeamB','TeamA');
insert into gridironrushes(eventId,player,yard,result) values ('6500ad33-39fb-4ed7-8902-e185f171969f','Banin',31,'2pt');
insert into gridirongameevents(id,gameId,playType,period,teamFor,teamAgainst) values ('259bf091-2b40-4a8d-8ce7-c3da3e5fadb2','dde41514-e573-42ba-86de-32d48a4bdda8','timeout',1,'TeamA','TeamB');
insert into gridirongameevents(id,gameId,playType,period,teamFor,teamAgainst) values ('d7461971-979c-484c-9399-84a55fe229c3','dde41514-e573-42ba-86de-32d48a4bdda8','turnover',1,'TeamB','TeamA');
insert into gridirongameevents(id,gameId,playType,period,teamFor,teamAgainst) values ('3a68679d-1b24-4c78-ba63-e27081344fc5','dde41514-e573-42ba-86de-32d48a4bdda8','timeout',1,'TeamB','TeamA');
insert into gridirongameevents(id,gameId,playType,period,teamFor,teamAgainst) values ('538f7fb3-11c3-442d-9799-b44d67f0e989','dde41514-e573-42ba-86de-32d48a4bdda8','kick',1,'TeamA','TeamB');
insert into gridironkicks(eventId,player,yard,result) values ('538f7fb3-11c3-442d-9799-b44d67f0e989','Alice',53,'field-goal');
insert into gridirongameevents(id,gameId,playType,period,teamFor,teamAgainst) values ('de386d46-1cfd-4b37-985b-5f46cdd7c350','dde41514-e573-42ba-86de-32d48a4bdda8','turnover',1,'TeamA','TeamB');
insert into gridirongameevents(id,gameId,playType,period,teamFor,teamAgainst) values ('09ca3a49-9410-4aa6-af93-3b76e8d284b8','dde41514-e573-42ba-86de-32d48a4bdda8','kick',1,'TeamB','TeamA');
insert into gridironkicks(eventId,player,yard,result) values ('09ca3a49-9410-4aa6-af93-3b76e8d284b8','Ben',10,'field-goal');
insert into gridirongameevents(id,gameId,playType,period,teamFor,teamAgainst) values ('fb211be9-d99b-48da-a588-7bba7ea41a98','dde41514-e573-42ba-86de-32d48a4bdda8','turnover',1,'TeamA','TeamB');
insert into gridirongameevents(id,gameId,playType,period,teamFor,teamAgainst) values ('ccbb5304-e298-4ae1-ac7b-89e9b96e5882','dde41514-e573-42ba-86de-32d48a4bdda8','kick',1,'TeamA','TeamB');
insert into gridironkicks(eventId,player,yard,result) values ('ccbb5304-e298-4ae1-ac7b-89e9b96e5882','Adam',67,'field-goal');
insert into gridirongameevents(id,gameId,playType,period,teamFor,teamAgainst) values ('347115e0-77e9-4f6d-9a22-ec82bbb536e2','dde41514-e573-42ba-86de-32d48a4bdda8','rush',1,'TeamA','TeamB');
insert into gridironrushes(eventId,player,yard,result) values ('347115e0-77e9-4f6d-9a22-ec82bbb536e2','Abby',91,'touchdown');
insert into gridirongameevents(id,gameId,playType,period,teamFor,teamAgainst) values ('450187e1-abdd-4e0b-9e26-40e1c04b2e7f','dde41514-e573-42ba-86de-32d48a4bdda8','rush',1,'TeamA','TeamB');
insert into gridironrushes(eventId,player,yard,result) values ('450187e1-abdd-4e0b-9e26-40e1c04b2e7f','Abby',80,'2pt');
insert into gridirongameevents(id,gameId,playType,period,teamFor,teamAgainst) values ('02e8e045-2fd2-40c1-97cf-6edb9e07d1db','dde41514-e573-42ba-86de-32d48a4bdda8','timeout',1,'TeamA','TeamB');
insert into gridirongameevents(id,gameId,playType,period,teamFor,teamAgainst) values ('3f5fc193-2c7f-4614-a1d6-5ffc98ebf3f8','dde41514-e573-42ba-86de-32d48a4bdda8','rush',1,'TeamB','TeamA');
insert into gridironrushes(eventId,player,yard,result) values ('3f5fc193-2c7f-4614-a1d6-5ffc98ebf3f8','Bonnie',65,'touchdown');
insert into gridirongameevents(id,gameId,playType,period,teamFor,teamAgainst) values ('d6a44908-40f2-4e68-851d-dce12296ed15','dde41514-e573-42ba-86de-32d48a4bdda8','safety',1,'TeamB','TeamA');
insert into gridirongameevents(id,gameId,playType,period,teamFor,teamAgainst) values ('3e74332b-6707-4edd-98d1-8826cd69d1fc','dde41514-e573-42ba-86de-32d48a4bdda8','timeout',1,'TeamB','TeamA');
insert into gridirongameevents(id,gameId,playType,period,teamFor,teamAgainst) values ('26e39bbb-e088-4829-85d4-efa1c300c201','dde41514-e573-42ba-86de-32d48a4bdda8','throw',1,'TeamB','TeamA');
insert into gridironthrows(eventId,playerThrowing,playerReceiving,yard,result) values ('26e39bbb-e088-4829-85d4-efa1c300c201','Beckham','Ben','73','non-scoring');
insert into gridirongameevents(id,gameId,playType,period,teamFor,teamAgainst) values ('2ff28714-6f66-4641-a9be-51e241120bb6','dde41514-e573-42ba-86de-32d48a4bdda8','safety',1,'TeamA','TeamB');
insert into gridirongameevents(id,gameId,playType,period,teamFor,teamAgainst) values ('ce2d4598-e3ac-43b1-8f6b-4d4404f1afb4','dde41514-e573-42ba-86de-32d48a4bdda8','flag',1,'TeamB','TeamA');
insert into gridirongameevents(id,gameId,playType,period,teamFor,teamAgainst) values ('3ed31657-f9c5-4381-909c-889d17843a93','dde41514-e573-42ba-86de-32d48a4bdda8','rush',1,'TeamA','TeamB');
insert into gridironrushes(eventId,player,yard,result) values ('3ed31657-f9c5-4381-909c-889d17843a93','Abby',4,'non-scoring');
insert into gridirongameevents(id,gameId,playType,period,teamFor,teamAgainst) values ('13936b47-418d-4db6-a8d7-4a9bd6cedbad','dde41514-e573-42ba-86de-32d48a4bdda8','kick',1,'TeamB','TeamA');
insert into gridironkicks(eventId,player,yard,result) values ('13936b47-418d-4db6-a8d7-4a9bd6cedbad','Beckham',86,'miss');
insert into gridirongameevents(id,gameId,playType,period,teamFor,teamAgainst) values ('07512fa1-9a10-4101-81cc-30c57c87b055','dde41514-e573-42ba-86de-32d48a4bdda8','rush',1,'TeamB','TeamA');
insert into gridironrushes(eventId,player,yard,result) values ('07512fa1-9a10-4101-81cc-30c57c87b055','Beckham',88,'touchdown');
insert into gridirongameevents(id,gameId,playType,period,teamFor,teamAgainst) values ('41bc848f-e643-4f98-b9ff-525af26967dd','dde41514-e573-42ba-86de-32d48a4bdda8','safety',1,'TeamB','TeamA');
insert into gridirongameevents(id,gameId,playType,period,teamFor,teamAgainst) values ('81823b91-75be-43ba-8ab1-ffb96f61a0c5','dde41514-e573-42ba-86de-32d48a4bdda8','kick',1,'TeamB','TeamA');
insert into gridironkicks(eventId,player,yard,result) values ('81823b91-75be-43ba-8ab1-ffb96f61a0c5','Barry',28,'miss');
insert into gridirongameevents(id,gameId,playType,period,teamFor,teamAgainst) values ('38ca6777-61c5-4368-8535-1db404c0b3c2','dde41514-e573-42ba-86de-32d48a4bdda8','turnover',1,'TeamB','TeamA');
insert into gridirongameevents(id,gameId,playType,period,teamFor,teamAgainst) values ('acac8c3c-69cb-49a1-bd78-9ec638d30b11','dde41514-e573-42ba-86de-32d48a4bdda8','timeout',1,'TeamA','TeamB');
insert into gridirongameevents(id,gameId,playType,period,teamFor,teamAgainst) values ('ea5b1959-9d07-4524-a3bb-8122c06cf283','dde41514-e573-42ba-86de-32d48a4bdda8','rush',1,'TeamB','TeamA');
insert into gridironrushes(eventId,player,yard,result) values ('ea5b1959-9d07-4524-a3bb-8122c06cf283','Barry',1,'2pt');
insert into gridirongameevents(id,gameId,playType,period,teamFor,teamAgainst) values ('a28d9936-f7d7-4f89-9827-4a9627cb3bf3','dde41514-e573-42ba-86de-32d48a4bdda8','timeout',1,'TeamB','TeamA');
insert into gridirongameevents(id,gameId,playType,period,teamFor,teamAgainst) values ('84480dce-a2da-4223-b532-97334602276b','dde41514-e573-42ba-86de-32d48a4bdda8','safety',1,'TeamB','TeamA');
insert into gridirongameevents(id,gameId,playType,period,teamFor,teamAgainst) values ('e7a471db-7b4a-4a75-9a8f-7a8b4497f6c7','dde41514-e573-42ba-86de-32d48a4bdda8','throw',1,'TeamB','TeamA');
insert into gridironthrows(eventId,playerThrowing,playerReceiving,yard,result) values ('e7a471db-7b4a-4a75-9a8f-7a8b4497f6c7','Bonnie','Barry','69','miss');
insert into gridirongameevents(id,gameId,playType,period,teamFor,teamAgainst) values ('10538c87-5496-49c9-8054-acc3c2f9ad0b','dde41514-e573-42ba-86de-32d48a4bdda8','timeout',1,'TeamB','TeamA');
insert into gridirongameevents(id,gameId,playType,period,teamFor,teamAgainst) values ('41436c00-482e-46e4-aad7-47ea2dee522c','dde41514-e573-42ba-86de-32d48a4bdda8','safety',1,'TeamA','TeamB');
insert into gridirongameevents(id,gameId,playType,period,teamFor,teamAgainst) values ('38c36c18-3e93-4442-b8b1-b9722d546ff6','dde41514-e573-42ba-86de-32d48a4bdda8','turnover',1,'TeamB','TeamA');
insert into gridirongameevents(id,gameId,playType,period,teamFor,teamAgainst) values ('025ddd9d-88e0-4665-8faf-b10aea15a47f','dde41514-e573-42ba-86de-32d48a4bdda8','timeout',1,'TeamA','TeamB');
insert into gridirongameevents(id,gameId,playType,period,teamFor,teamAgainst) values ('0b580502-bdc4-4a4c-8870-016be153f124','dde41514-e573-42ba-86de-32d48a4bdda8','turnover',1,'TeamA','TeamB');
insert into gridirongameevents(id,gameId,playType,period,teamFor,teamAgainst) values ('85bf1bb6-2fc6-4f67-b79d-ece931eaab55','dde41514-e573-42ba-86de-32d48a4bdda8','turnover',1,'TeamA','TeamB');
insert into gridirongameevents(id,gameId,playType,period,teamFor,teamAgainst) values ('85e8cf6f-0f01-436d-b3a1-e7b31efbc44a','dde41514-e573-42ba-86de-32d48a4bdda8','safety',1,'TeamA','TeamB');
insert into gridirongameevents(id,gameId,playType,period,teamFor,teamAgainst) values ('22f9dfd1-2a52-4691-ac6b-0a2674405242','dde41514-e573-42ba-86de-32d48a4bdda8','rush',1,'TeamA','TeamB');
insert into gridironrushes(eventId,player,yard,result) values ('22f9dfd1-2a52-4691-ac6b-0a2674405242','Adam',85,'non-scoring');
insert into gridirongameevents(id,gameId,playType,period,teamFor,teamAgainst) values ('533dec86-e59d-47aa-a619-caeb2cf5fe10','dde41514-e573-42ba-86de-32d48a4bdda8','turnover',1,'TeamA','TeamB');
insert into gridirongameevents(id,gameId,playType,period,teamFor,teamAgainst) values ('7ee4ed47-50ee-4f00-b371-ab49947b6941','dde41514-e573-42ba-86de-32d48a4bdda8','throw',1,'TeamB','TeamA');
insert into gridironthrows(eventId,playerThrowing,playerReceiving,yard,result) values ('7ee4ed47-50ee-4f00-b371-ab49947b6941','Ben','Bonnie','6','touchdown');
insert into gridirongameevents(id,gameId,playType,period,teamFor,teamAgainst) values ('fa92f557-6e99-48a0-a539-b837fc7a414a','dde41514-e573-42ba-86de-32d48a4bdda8','turnover',1,'TeamB','TeamA');
insert into gridirongameevents(id,gameId,playType,period,teamFor,teamAgainst) values ('94f581a9-ba65-44be-934b-f11ac78ac850','dde41514-e573-42ba-86de-32d48a4bdda8','throw',1,'TeamA','TeamB');
insert into gridironthrows(eventId,playerThrowing,playerReceiving,yard,result) values ('94f581a9-ba65-44be-934b-f11ac78ac850','Abby','Alice','26','touchdown');
insert into gridirongameevents(id,gameId,playType,period,teamFor,teamAgainst) values ('c86d27c8-024d-4d51-9a24-471d596dc42c','dde41514-e573-42ba-86de-32d48a4bdda8','timeout',1,'TeamA','TeamB');
insert into gridirongameevents(id,gameId,playType,period,teamFor,teamAgainst) values ('d21f1ba6-03b6-4fd5-b6d2-9f15c8d767de','dde41514-e573-42ba-86de-32d48a4bdda8','throw',1,'TeamB','TeamA');
insert into gridironthrows(eventId,playerThrowing,playerReceiving,yard,result) values ('d21f1ba6-03b6-4fd5-b6d2-9f15c8d767de','Banin','Ben','72','touchdown');
insert into gridirongameevents(id,gameId,playType,period,teamFor,teamAgainst) values ('7619ba0d-b161-41b4-b01a-5e776f083161','dde41514-e573-42ba-86de-32d48a4bdda8','flag',1,'TeamA','TeamB');
insert into gridirongameevents(id,gameId,playType,period,teamFor,teamAgainst) values ('b614c419-d858-462b-b0b6-ee28503a4b56','dde41514-e573-42ba-86de-32d48a4bdda8','turnover',1,'TeamA','TeamB');
insert into gridirongameevents(id,gameId,playType,period,teamFor,teamAgainst) values ('802a043f-52db-43cd-826f-5199f4f3753c','dde41514-e573-42ba-86de-32d48a4bdda8','throw',1,'TeamA','TeamB');
insert into gridironthrows(eventId,playerThrowing,playerReceiving,yard,result) values ('802a043f-52db-43cd-826f-5199f4f3753c','Alice','Abby','33','miss');
insert into gridirongameevents(id,gameId,playType,period,teamFor,teamAgainst) values ('14893aff-9990-4741-8c63-044131d6e24b','dde41514-e573-42ba-86de-32d48a4bdda8','kick',1,'TeamA','TeamB');
insert into gridironkicks(eventId,player,yard,result) values ('14893aff-9990-4741-8c63-044131d6e24b','Alain',21,'extra-kick');
insert into gridirongameevents(id,gameId,playType,period,teamFor,teamAgainst) values ('47990dfe-9202-4a4d-852b-8c843fb7f846','dde41514-e573-42ba-86de-32d48a4bdda8','throw',1,'TeamB','TeamA');
insert into gridironthrows(eventId,playerThrowing,playerReceiving,yard,result) values ('47990dfe-9202-4a4d-852b-8c843fb7f846','Bonnie','Banin','21','miss');
insert into gridirongameevents(id,gameId,playType,period,teamFor,teamAgainst) values ('47e654ba-197f-4010-aa31-fc69eeef9871','dde41514-e573-42ba-86de-32d48a4bdda8','turnover',1,'TeamA','TeamB');
insert into gridirongameevents(id,gameId,playType,period,teamFor,teamAgainst) values ('5ee29ea5-dfda-4081-a4dc-b26a49697379','dde41514-e573-42ba-86de-32d48a4bdda8','throw',1,'TeamA','TeamB');
insert into gridironthrows(eventId,playerThrowing,playerReceiving,yard,result) values ('5ee29ea5-dfda-4081-a4dc-b26a49697379','Adam','Abdul','-1','non-scoring');
insert into gridirongameevents(id,gameId,playType,period,teamFor,teamAgainst) values ('257d04de-33a0-460e-bfa1-a56c104f907b','dde41514-e573-42ba-86de-32d48a4bdda8','kick',1,'TeamA','TeamB');
insert into gridironkicks(eventId,player,yard,result) values ('257d04de-33a0-460e-bfa1-a56c104f907b','Alain',16,'miss');
insert into gridirongameevents(id,gameId,playType,period,teamFor,teamAgainst) values ('5c8a4990-7ede-41ee-bc9b-ecaf1aaca83e','dde41514-e573-42ba-86de-32d48a4bdda8','throw',1,'TeamB','TeamA');
insert into gridironthrows(eventId,playerThrowing,playerReceiving,yard,result) values ('5c8a4990-7ede-41ee-bc9b-ecaf1aaca83e','Ben','Bonnie','42','2pt');
insert into gridirongameevents(id,gameId,playType,period,teamFor,teamAgainst) values ('e82f3ee0-d703-4363-8f0b-90929d0fd156','dde41514-e573-42ba-86de-32d48a4bdda8','turnover',1,'TeamA','TeamB');
insert into gridirongameevents(id,gameId,playType,period,teamFor,teamAgainst) values ('28854896-e07c-4ba9-beab-85f3d15f5f26','dde41514-e573-42ba-86de-32d48a4bdda8','flag',1,'TeamB','TeamA');
insert into gridirongameevents(id,gameId,playType,period,teamFor,teamAgainst) values ('58ac513c-69d6-41a7-a249-30899435974d','dde41514-e573-42ba-86de-32d48a4bdda8','turnover',1,'TeamB','TeamA');
insert into gridirongameevents(id,gameId,playType,period,teamFor,teamAgainst) values ('60cf9fe2-2ab7-414a-a603-c3991bbf4f57','dde41514-e573-42ba-86de-32d48a4bdda8','timeout',1,'TeamB','TeamA');
insert into gridirongameevents(id,gameId,playType,period,teamFor,teamAgainst) values ('9038ed22-3afd-4d73-a29a-6222859d1830','dde41514-e573-42ba-86de-32d48a4bdda8','turnover',1,'TeamB','TeamA');
insert into gridirongameevents(id,gameId,playType,period,teamFor,teamAgainst) values ('58b335f9-695f-4eb1-9899-3013643095f2','dde41514-e573-42ba-86de-32d48a4bdda8','throw',1,'TeamA','TeamB');
insert into gridironthrows(eventId,playerThrowing,playerReceiving,yard,result) values ('58b335f9-695f-4eb1-9899-3013643095f2','Abby','Alain','-6','miss');
insert into gridirongameevents(id,gameId,playType,period,teamFor,teamAgainst) values ('2a1a05c3-aea1-4380-b15e-da52994feee8','dde41514-e573-42ba-86de-32d48a4bdda8','timeout',1,'TeamB','TeamA');
insert into gridirongameevents(id,gameId,playType,period,teamFor,teamAgainst) values ('ebdedc61-eee9-47de-8e72-7cd63babd20d','dde41514-e573-42ba-86de-32d48a4bdda8','kick',1,'TeamA','TeamB');
insert into gridironkicks(eventId,player,yard,result) values ('ebdedc61-eee9-47de-8e72-7cd63babd20d','Adam',31,'field-goal');
insert into gridirongameevents(id,gameId,playType,period,teamFor,teamAgainst) values ('23765423-083f-4e66-be92-cd80d9cb6fa6','dde41514-e573-42ba-86de-32d48a4bdda8','rush',1,'TeamB','TeamA');
insert into gridironrushes(eventId,player,yard,result) values ('23765423-083f-4e66-be92-cd80d9cb6fa6','Barry',50,'non-scoring');
insert into gridirongameevents(id,gameId,playType,period,teamFor,teamAgainst) values ('1a2c2dfa-4433-4406-998a-851b1fe03998','dde41514-e573-42ba-86de-32d48a4bdda8','safety',1,'TeamA','TeamB');
insert into gridirongameevents(id,gameId,playType,period,teamFor,teamAgainst) values ('f51d2011-69d6-4063-8647-6003dfbbc765','dde41514-e573-42ba-86de-32d48a4bdda8','turnover',1,'TeamB','TeamA');
insert into gridirongameevents(id,gameId,playType,period,teamFor,teamAgainst) values ('00f1aeda-53c8-43e6-adf8-444cc01d68ec','dde41514-e573-42ba-86de-32d48a4bdda8','safety',1,'TeamA','TeamB');
insert into gridirongameevents(id,gameId,playType,period,teamFor,teamAgainst) values ('cc04c9dc-cd32-41b1-94ee-da2cd81a427f','dde41514-e573-42ba-86de-32d48a4bdda8','kick',1,'TeamA','TeamB');
insert into gridironkicks(eventId,player,yard,result) values ('cc04c9dc-cd32-41b1-94ee-da2cd81a427f','Adam',18,'miss');
insert into gridirongameevents(id,gameId,playType,period,teamFor,teamAgainst) values ('03f1d9e9-ffcf-4184-ba04-9d6311d4c906','dde41514-e573-42ba-86de-32d48a4bdda8','rush',1,'TeamA','TeamB');
insert into gridironrushes(eventId,player,yard,result) values ('03f1d9e9-ffcf-4184-ba04-9d6311d4c906','Alain',19,'2pt');
insert into gridirongameevents(id,gameId,playType,period,teamFor,teamAgainst) values ('eeabadd6-0b6c-4b67-b3d8-eb022f318767','dde41514-e573-42ba-86de-32d48a4bdda8','timeout',1,'TeamA','TeamB');
insert into gridirongameevents(id,gameId,playType,period,teamFor,teamAgainst) values ('11f8230d-8386-486d-afda-6657fecae15b','dde41514-e573-42ba-86de-32d48a4bdda8','turnover',1,'TeamB','TeamA');
insert into gridirongameevents(id,gameId,playType,period,teamFor,teamAgainst) values ('dbe3015e-36ab-4fc8-b32f-de680a67372b','dde41514-e573-42ba-86de-32d48a4bdda8','flag',1,'TeamB','TeamA');
insert into gridirongameevents(id,gameId,playType,period,teamFor,teamAgainst) values ('2dc7f960-47be-4d5a-89c9-84eac10a8cef','dde41514-e573-42ba-86de-32d48a4bdda8','turnover',1,'TeamA','TeamB');
insert into gridirongameevents(id,gameId,playType,period,teamFor,teamAgainst) values ('e9408325-81df-4e9d-a259-9973b08517e2','dde41514-e573-42ba-86de-32d48a4bdda8','flag',1,'TeamA','TeamB');
insert into gridirongameevents(id,gameId,playType,period,teamFor,teamAgainst) values ('afccad85-908f-476f-8ce8-ea4b98a856b7','dde41514-e573-42ba-86de-32d48a4bdda8','timeout',1,'TeamB','TeamA');
insert into gridirongameevents(id,gameId,playType,period,teamFor,teamAgainst) values ('958429fa-7ab9-4ebd-a6f4-6e57f0a730b5','dde41514-e573-42ba-86de-32d48a4bdda8','throw',1,'TeamA','TeamB');
insert into gridironthrows(eventId,playerThrowing,playerReceiving,yard,result) values ('958429fa-7ab9-4ebd-a6f4-6e57f0a730b5','Abby','Alain','59','2pt');
insert into gridirongameevents(id,gameId,playType,period,teamFor,teamAgainst) values ('41bdf890-147a-417d-a3be-f4d14a597fa1','dde41514-e573-42ba-86de-32d48a4bdda8','rush',1,'TeamA','TeamB');
insert into gridironrushes(eventId,player,yard,result) values ('41bdf890-147a-417d-a3be-f4d14a597fa1','Abdul',79,'non-scoring');
insert into gridirongameevents(id,gameId,playType,period,teamFor,teamAgainst) values ('c58df3c4-3075-45d9-a5f0-47b073ec07a4','dde41514-e573-42ba-86de-32d48a4bdda8','turnover',1,'TeamB','TeamA');
insert into gridirongameevents(id,gameId,playType,period,teamFor,teamAgainst) values ('426bf6cb-924f-4477-a65c-c23c4fa90a56','dde41514-e573-42ba-86de-32d48a4bdda8','throw',1,'TeamA','TeamB');
insert into gridironthrows(eventId,playerThrowing,playerReceiving,yard,result) values ('426bf6cb-924f-4477-a65c-c23c4fa90a56','Adam','Alain','29','non-scoring');
insert into gridirongameevents(id,gameId,playType,period,teamFor,teamAgainst) values ('f9202926-bd38-407c-aa45-852b01dea815','dde41514-e573-42ba-86de-32d48a4bdda8','flag',1,'TeamB','TeamA');
insert into gridirongameevents(id,gameId,playType,period,teamFor,teamAgainst) values ('56625396-ddb2-4ca2-8d0b-e74b582e87e2','dde41514-e573-42ba-86de-32d48a4bdda8','throw',2,'TeamB','TeamA');
insert into gridironthrows(eventId,playerThrowing,playerReceiving,yard,result) values ('56625396-ddb2-4ca2-8d0b-e74b582e87e2','Banin','Bonnie','34','touchdown');
insert into gridirongameevents(id,gameId,playType,period,teamFor,teamAgainst) values ('3972115b-6f76-49e3-a02c-70686a20b90c','dde41514-e573-42ba-86de-32d48a4bdda8','timeout',2,'TeamA','TeamB');
insert into gridirongameevents(id,gameId,playType,period,teamFor,teamAgainst) values ('c960c2cb-1950-448a-9d61-88a953d05ebd','dde41514-e573-42ba-86de-32d48a4bdda8','safety',2,'TeamB','TeamA');
insert into gridirongameevents(id,gameId,playType,period,teamFor,teamAgainst) values ('83067baa-36ee-40ce-a86b-ee4118199514','dde41514-e573-42ba-86de-32d48a4bdda8','timeout',2,'TeamA','TeamB');
insert into gridirongameevents(id,gameId,playType,period,teamFor,teamAgainst) values ('e3cd9ec5-a5c6-414f-a9e6-7551eb09ad40','dde41514-e573-42ba-86de-32d48a4bdda8','throw',2,'TeamA','TeamB');
insert into gridironthrows(eventId,playerThrowing,playerReceiving,yard,result) values ('e3cd9ec5-a5c6-414f-a9e6-7551eb09ad40','Abdul','Adam','10','2pt');
insert into gridirongameevents(id,gameId,playType,period,teamFor,teamAgainst) values ('b072fa90-f1be-4f2a-89fa-6cb469167c4d','dde41514-e573-42ba-86de-32d48a4bdda8','rush',2,'TeamB','TeamA');
insert into gridironrushes(eventId,player,yard,result) values ('b072fa90-f1be-4f2a-89fa-6cb469167c4d','Banin',63,'touchdown');
insert into gridirongameevents(id,gameId,playType,period,teamFor,teamAgainst) values ('4649dde5-2937-4bc2-b918-a8a0071d7cdd','dde41514-e573-42ba-86de-32d48a4bdda8','rush',2,'TeamB','TeamA');
insert into gridironrushes(eventId,player,yard,result) values ('4649dde5-2937-4bc2-b918-a8a0071d7cdd','Ben',68,'touchdown');
insert into gridirongameevents(id,gameId,playType,period,teamFor,teamAgainst) values ('a1d3428f-b35d-4fca-9d0e-6bd8cf57b8d5','dde41514-e573-42ba-86de-32d48a4bdda8','turnover',2,'TeamA','TeamB');
insert into gridirongameevents(id,gameId,playType,period,teamFor,teamAgainst) values ('d06c371e-be1f-4ec9-b5bf-25324ebe643d','dde41514-e573-42ba-86de-32d48a4bdda8','timeout',2,'TeamB','TeamA');
insert into gridirongameevents(id,gameId,playType,period,teamFor,teamAgainst) values ('f74ac487-c5e9-403a-9ab5-02b4bfbd6545','dde41514-e573-42ba-86de-32d48a4bdda8','rush',2,'TeamA','TeamB');
insert into gridironrushes(eventId,player,yard,result) values ('f74ac487-c5e9-403a-9ab5-02b4bfbd6545','Abby',63,'2pt');
insert into gridirongameevents(id,gameId,playType,period,teamFor,teamAgainst) values ('1b8e1b33-ed34-498d-8710-14acc64d20bc','dde41514-e573-42ba-86de-32d48a4bdda8','kick',2,'TeamB','TeamA');
insert into gridironkicks(eventId,player,yard,result) values ('1b8e1b33-ed34-498d-8710-14acc64d20bc','Banin',13,'extra-kick');
insert into gridirongameevents(id,gameId,playType,period,teamFor,teamAgainst) values ('221695b7-c436-454c-a19c-d846f9e9037a','dde41514-e573-42ba-86de-32d48a4bdda8','kick',2,'TeamB','TeamA');
insert into gridironkicks(eventId,player,yard,result) values ('221695b7-c436-454c-a19c-d846f9e9037a','Barry',118,'miss');
insert into gridirongameevents(id,gameId,playType,period,teamFor,teamAgainst) values ('d75ddb77-77f1-43b2-b0dc-2b5b756f16bf','dde41514-e573-42ba-86de-32d48a4bdda8','throw',2,'TeamA','TeamB');
insert into gridironthrows(eventId,playerThrowing,playerReceiving,yard,result) values ('d75ddb77-77f1-43b2-b0dc-2b5b756f16bf','Adam','Abby','96','non-scoring');
insert into gridirongameevents(id,gameId,playType,period,teamFor,teamAgainst) values ('a2a45414-1360-48fb-bb30-2c4d796bc5bd','dde41514-e573-42ba-86de-32d48a4bdda8','flag',2,'TeamA','TeamB');
insert into gridirongameevents(id,gameId,playType,period,teamFor,teamAgainst) values ('0b91f522-e805-42f7-a2e3-367790782ccd','dde41514-e573-42ba-86de-32d48a4bdda8','flag',2,'TeamB','TeamA');
insert into gridirongameevents(id,gameId,playType,period,teamFor,teamAgainst) values ('24cc39c6-c1a3-4f7b-9291-a8a6031b8988','dde41514-e573-42ba-86de-32d48a4bdda8','rush',2,'TeamB','TeamA');
insert into gridironrushes(eventId,player,yard,result) values ('24cc39c6-c1a3-4f7b-9291-a8a6031b8988','Barry',65,'touchdown');
insert into gridirongameevents(id,gameId,playType,period,teamFor,teamAgainst) values ('e3f42f61-1017-439e-aa9b-9aa2aeb96bec','dde41514-e573-42ba-86de-32d48a4bdda8','flag',2,'TeamB','TeamA');
insert into gridirongameevents(id,gameId,playType,period,teamFor,teamAgainst) values ('d78e9f82-c7e3-46f4-b165-cc14ed221b30','dde41514-e573-42ba-86de-32d48a4bdda8','throw',2,'TeamB','TeamA');
insert into gridironthrows(eventId,playerThrowing,playerReceiving,yard,result) values ('d78e9f82-c7e3-46f4-b165-cc14ed221b30','Beckham','Barry','91','miss');
insert into gridirongameevents(id,gameId,playType,period,teamFor,teamAgainst) values ('f441e620-b217-4463-8b4a-15eaa20e89c9','dde41514-e573-42ba-86de-32d48a4bdda8','safety',2,'TeamA','TeamB');
insert into gridirongameevents(id,gameId,playType,period,teamFor,teamAgainst) values ('6857db84-3d57-4395-8757-5fecf3b30798','dde41514-e573-42ba-86de-32d48a4bdda8','flag',2,'TeamA','TeamB');
insert into gridirongameevents(id,gameId,playType,period,teamFor,teamAgainst) values ('06ed7d2f-a929-4006-930c-4d0a7ef7418c','dde41514-e573-42ba-86de-32d48a4bdda8','throw',2,'TeamB','TeamA');
insert into gridironthrows(eventId,playerThrowing,playerReceiving,yard,result) values ('06ed7d2f-a929-4006-930c-4d0a7ef7418c','Beckham','Barry','63','miss');
insert into gridirongameevents(id,gameId,playType,period,teamFor,teamAgainst) values ('367f76a7-7e26-46eb-be35-2e3f62d10a29','dde41514-e573-42ba-86de-32d48a4bdda8','turnover',2,'TeamA','TeamB');
insert into gridirongameevents(id,gameId,playType,period,teamFor,teamAgainst) values ('f8c4b264-0fda-4c5c-aac5-987db0b1a298','dde41514-e573-42ba-86de-32d48a4bdda8','safety',2,'TeamB','TeamA');
insert into gridirongameevents(id,gameId,playType,period,teamFor,teamAgainst) values ('ca7c5654-cd46-4876-869d-899d00941ee1','dde41514-e573-42ba-86de-32d48a4bdda8','rush',2,'TeamA','TeamB');
insert into gridironrushes(eventId,player,yard,result) values ('ca7c5654-cd46-4876-869d-899d00941ee1','Abdul',99,'2pt');
insert into gridirongameevents(id,gameId,playType,period,teamFor,teamAgainst) values ('bf97b41f-e18f-46e1-88d2-34006849d3c9','dde41514-e573-42ba-86de-32d48a4bdda8','kick',2,'TeamA','TeamB');
insert into gridironkicks(eventId,player,yard,result) values ('bf97b41f-e18f-46e1-88d2-34006849d3c9','Alice',13,'field-goal');
insert into gridirongameevents(id,gameId,playType,period,teamFor,teamAgainst) values ('80dc779c-3707-4fd0-b88d-be9cb49aa56f','dde41514-e573-42ba-86de-32d48a4bdda8','throw',2,'TeamB','TeamA');
insert into gridironthrows(eventId,playerThrowing,playerReceiving,yard,result) values ('80dc779c-3707-4fd0-b88d-be9cb49aa56f','Bonnie','Beckham','82','touchdown');
insert into gridirongameevents(id,gameId,playType,period,teamFor,teamAgainst) values ('397dafff-c109-4f9d-99d6-046a52158f79','dde41514-e573-42ba-86de-32d48a4bdda8','timeout',2,'TeamB','TeamA');
insert into gridirongameevents(id,gameId,playType,period,teamFor,teamAgainst) values ('9237726f-4d01-4f44-8183-74b96166f13d','dde41514-e573-42ba-86de-32d48a4bdda8','timeout',2,'TeamA','TeamB');
insert into gridirongameevents(id,gameId,playType,period,teamFor,teamAgainst) values ('4b69ad60-e8da-43ae-8ab6-495d9b379ee0','dde41514-e573-42ba-86de-32d48a4bdda8','throw',2,'TeamB','TeamA');
insert into gridironthrows(eventId,playerThrowing,playerReceiving,yard,result) values ('4b69ad60-e8da-43ae-8ab6-495d9b379ee0','Barry','Ben','29','non-scoring');
insert into gridirongameevents(id,gameId,playType,period,teamFor,teamAgainst) values ('93b38582-a804-4071-a01e-718b6842089c','dde41514-e573-42ba-86de-32d48a4bdda8','rush',2,'TeamB','TeamA');
insert into gridironrushes(eventId,player,yard,result) values ('93b38582-a804-4071-a01e-718b6842089c','Bonnie',87,'non-scoring');
insert into gridirongameevents(id,gameId,playType,period,teamFor,teamAgainst) values ('cea9f01e-394b-4009-ac35-ad46b15e2d47','dde41514-e573-42ba-86de-32d48a4bdda8','rush',2,'TeamB','TeamA');
insert into gridironrushes(eventId,player,yard,result) values ('cea9f01e-394b-4009-ac35-ad46b15e2d47','Banin',116,'2pt');
insert into gridirongameevents(id,gameId,playType,period,teamFor,teamAgainst) values ('a6d272bd-33f7-466c-adc2-cbae1d419bc7','dde41514-e573-42ba-86de-32d48a4bdda8','kick',2,'TeamB','TeamA');
insert into gridironkicks(eventId,player,yard,result) values ('a6d272bd-33f7-466c-adc2-cbae1d419bc7','Bonnie',21,'extra-kick');
insert into gridirongameevents(id,gameId,playType,period,teamFor,teamAgainst) values ('136baa10-be55-4658-80ce-5f382e9e59ec','dde41514-e573-42ba-86de-32d48a4bdda8','turnover',2,'TeamA','TeamB');
insert into gridirongameevents(id,gameId,playType,period,teamFor,teamAgainst) values ('258d1b81-2cd2-4197-b6fe-25f1154706ad','dde41514-e573-42ba-86de-32d48a4bdda8','flag',2,'TeamA','TeamB');
insert into gridirongameevents(id,gameId,playType,period,teamFor,teamAgainst) values ('08d82796-dc5f-42de-86d3-91be1f170314','dde41514-e573-42ba-86de-32d48a4bdda8','turnover',2,'TeamA','TeamB');
insert into gridirongameevents(id,gameId,playType,period,teamFor,teamAgainst) values ('9d813c49-0c84-4af8-b353-fddc5eeda1be','dde41514-e573-42ba-86de-32d48a4bdda8','turnover',2,'TeamA','TeamB');
insert into gridirongameevents(id,gameId,playType,period,teamFor,teamAgainst) values ('b396eb70-2688-4466-a253-6ea0023aa777','dde41514-e573-42ba-86de-32d48a4bdda8','rush',2,'TeamA','TeamB');
insert into gridironrushes(eventId,player,yard,result) values ('b396eb70-2688-4466-a253-6ea0023aa777','Abby',24,'non-scoring');
insert into gridirongameevents(id,gameId,playType,period,teamFor,teamAgainst) values ('aa5b837a-04f0-44c6-abbc-eeb2712c40e3','dde41514-e573-42ba-86de-32d48a4bdda8','throw',2,'TeamB','TeamA');
insert into gridironthrows(eventId,playerThrowing,playerReceiving,yard,result) values ('aa5b837a-04f0-44c6-abbc-eeb2712c40e3','Ben','Barry','3','touchdown');
insert into gridirongameevents(id,gameId,playType,period,teamFor,teamAgainst) values ('609784d4-6e8b-4f49-91a2-b84d3f8cb255','dde41514-e573-42ba-86de-32d48a4bdda8','timeout',2,'TeamA','TeamB');
insert into gridirongameevents(id,gameId,playType,period,teamFor,teamAgainst) values ('5a6fc9f8-0e3d-4a76-af83-2768e4cc8ebb','dde41514-e573-42ba-86de-32d48a4bdda8','throw',2,'TeamB','TeamA');
insert into gridironthrows(eventId,playerThrowing,playerReceiving,yard,result) values ('5a6fc9f8-0e3d-4a76-af83-2768e4cc8ebb','Banin','Bonnie','54','non-scoring');
insert into gridirongameevents(id,gameId,playType,period,teamFor,teamAgainst) values ('f8101c0a-892f-48cc-b635-e08a168d1104','dde41514-e573-42ba-86de-32d48a4bdda8','timeout',2,'TeamB','TeamA');
insert into gridirongameevents(id,gameId,playType,period,teamFor,teamAgainst) values ('ebd1aa2f-25e2-425b-bc47-18ea5d5548ca','dde41514-e573-42ba-86de-32d48a4bdda8','kick',2,'TeamA','TeamB');
insert into gridironkicks(eventId,player,yard,result) values ('ebd1aa2f-25e2-425b-bc47-18ea5d5548ca','Alain',65,'extra-kick');
insert into gridirongameevents(id,gameId,playType,period,teamFor,teamAgainst) values ('e3be75b6-b4d3-4cff-af8e-488ae0a8831a','dde41514-e573-42ba-86de-32d48a4bdda8','throw',2,'TeamA','TeamB');
insert into gridironthrows(eventId,playerThrowing,playerReceiving,yard,result) values ('e3be75b6-b4d3-4cff-af8e-488ae0a8831a','Abdul','Alain','56','non-scoring');
insert into gridirongameevents(id,gameId,playType,period,teamFor,teamAgainst) values ('1dd94b18-cced-47cc-9584-3038e724b0fa','dde41514-e573-42ba-86de-32d48a4bdda8','rush',2,'TeamA','TeamB');
insert into gridironrushes(eventId,player,yard,result) values ('1dd94b18-cced-47cc-9584-3038e724b0fa','Alice',94,'non-scoring');
insert into gridirongameevents(id,gameId,playType,period,teamFor,teamAgainst) values ('15e16291-26af-46e4-8482-0731a8a64c96','dde41514-e573-42ba-86de-32d48a4bdda8','rush',2,'TeamA','TeamB');
insert into gridironrushes(eventId,player,yard,result) values ('15e16291-26af-46e4-8482-0731a8a64c96','Adam',30,'2pt');
insert into gridirongameevents(id,gameId,playType,period,teamFor,teamAgainst) values ('527c393d-3dde-44b6-b927-b93d1a89ab84','dde41514-e573-42ba-86de-32d48a4bdda8','flag',2,'TeamA','TeamB');
insert into gridirongameevents(id,gameId,playType,period,teamFor,teamAgainst) values ('165b6d83-67a4-4cc4-a289-9e64c06d6b59','dde41514-e573-42ba-86de-32d48a4bdda8','throw',2,'TeamB','TeamA');
insert into gridironthrows(eventId,playerThrowing,playerReceiving,yard,result) values ('165b6d83-67a4-4cc4-a289-9e64c06d6b59','Barry','Banin','53','2pt');
insert into gridirongameevents(id,gameId,playType,period,teamFor,teamAgainst) values ('10caaec9-acc6-4a2e-9f2b-d99cdbc43207','dde41514-e573-42ba-86de-32d48a4bdda8','turnover',2,'TeamB','TeamA');
insert into gridirongameevents(id,gameId,playType,period,teamFor,teamAgainst) values ('7358bff8-2a99-4631-b09b-9cdd925af82a','dde41514-e573-42ba-86de-32d48a4bdda8','turnover',2,'TeamA','TeamB');
insert into gridirongameevents(id,gameId,playType,period,teamFor,teamAgainst) values ('52801868-4213-48ca-81ad-296737f36017','dde41514-e573-42ba-86de-32d48a4bdda8','timeout',2,'TeamA','TeamB');
insert into gridirongameevents(id,gameId,playType,period,teamFor,teamAgainst) values ('3474597d-c9f8-4a23-9f98-29c80a20104b','dde41514-e573-42ba-86de-32d48a4bdda8','safety',2,'TeamA','TeamB');
insert into gridirongameevents(id,gameId,playType,period,teamFor,teamAgainst) values ('99a47fb7-29f3-4961-9bd6-916406c303f6','dde41514-e573-42ba-86de-32d48a4bdda8','safety',2,'TeamB','TeamA');
insert into gridirongameevents(id,gameId,playType,period,teamFor,teamAgainst) values ('baff7639-cb7b-4bff-b166-0a558f13bcbb','dde41514-e573-42ba-86de-32d48a4bdda8','throw',2,'TeamB','TeamA');
insert into gridironthrows(eventId,playerThrowing,playerReceiving,yard,result) values ('baff7639-cb7b-4bff-b166-0a558f13bcbb','Barry','Beckham','-3','non-scoring');
insert into gridirongameevents(id,gameId,playType,period,teamFor,teamAgainst) values ('552d59bb-9e95-4939-8f80-36f987cb1c93','dde41514-e573-42ba-86de-32d48a4bdda8','flag',2,'TeamB','TeamA');
insert into gridirongameevents(id,gameId,playType,period,teamFor,teamAgainst) values ('f60ca974-a9a1-4919-a5c2-c2779527f258','dde41514-e573-42ba-86de-32d48a4bdda8','safety',2,'TeamA','TeamB');
insert into gridirongameevents(id,gameId,playType,period,teamFor,teamAgainst) values ('13994775-ea7d-4038-9d0a-fd286e19294e','dde41514-e573-42ba-86de-32d48a4bdda8','kick',2,'TeamB','TeamA');
insert into gridironkicks(eventId,player,yard,result) values ('13994775-ea7d-4038-9d0a-fd286e19294e','Beckham',66,'miss');
insert into gridirongameevents(id,gameId,playType,period,teamFor,teamAgainst) values ('999290e0-81dc-46d5-bfdf-339ec8277431','dde41514-e573-42ba-86de-32d48a4bdda8','rush',2,'TeamB','TeamA');
insert into gridironrushes(eventId,player,yard,result) values ('999290e0-81dc-46d5-bfdf-339ec8277431','Barry',87,'2pt');
insert into gridirongameevents(id,gameId,playType,period,teamFor,teamAgainst) values ('cc04047e-0525-4b92-8319-619bedc42e41','dde41514-e573-42ba-86de-32d48a4bdda8','rush',2,'TeamB','TeamA');
insert into gridironrushes(eventId,player,yard,result) values ('cc04047e-0525-4b92-8319-619bedc42e41','Bonnie',94,'touchdown');
insert into gridirongameevents(id,gameId,playType,period,teamFor,teamAgainst) values ('0a58ff35-b435-4779-a239-c8c505b2fa35','dde41514-e573-42ba-86de-32d48a4bdda8','flag',2,'TeamA','TeamB');
insert into gridirongameevents(id,gameId,playType,period,teamFor,teamAgainst) values ('fd46f8f0-d6c5-430b-a474-95926814b7b4','dde41514-e573-42ba-86de-32d48a4bdda8','throw',2,'TeamA','TeamB');
insert into gridironthrows(eventId,playerThrowing,playerReceiving,yard,result) values ('fd46f8f0-d6c5-430b-a474-95926814b7b4','Abdul','Adam','117','touchdown');
insert into gridirongameevents(id,gameId,playType,period,teamFor,teamAgainst) values ('b33ade29-e42c-4a64-ab99-a799fec64f03','dde41514-e573-42ba-86de-32d48a4bdda8','turnover',2,'TeamA','TeamB');
insert into gridirongameevents(id,gameId,playType,period,teamFor,teamAgainst) values ('9b59d7db-b12b-47a4-80f3-a12a50efa157','dde41514-e573-42ba-86de-32d48a4bdda8','turnover',2,'TeamA','TeamB');
insert into gridirongameevents(id,gameId,playType,period,teamFor,teamAgainst) values ('0fd727d3-de7a-48db-b960-bcc083188183','dde41514-e573-42ba-86de-32d48a4bdda8','rush',2,'TeamB','TeamA');
insert into gridironrushes(eventId,player,yard,result) values ('0fd727d3-de7a-48db-b960-bcc083188183','Bonnie',115,'touchdown');
insert into gridirongameevents(id,gameId,playType,period,teamFor,teamAgainst) values ('32d11760-74bc-4f7b-a7cf-e74651acaeb1','dde41514-e573-42ba-86de-32d48a4bdda8','safety',2,'TeamA','TeamB');
insert into gridirongameevents(id,gameId,playType,period,teamFor,teamAgainst) values ('4c8eabf7-c837-457a-a8bb-189dcbcc232e','dde41514-e573-42ba-86de-32d48a4bdda8','rush',2,'TeamA','TeamB');
insert into gridironrushes(eventId,player,yard,result) values ('4c8eabf7-c837-457a-a8bb-189dcbcc232e','Adam',90,'touchdown');
insert into gridirongameevents(id,gameId,playType,period,teamFor,teamAgainst) values ('3d660b98-c3e6-4982-a846-59dff90cbc4c','dde41514-e573-42ba-86de-32d48a4bdda8','kick',2,'TeamA','TeamB');
insert into gridironkicks(eventId,player,yard,result) values ('3d660b98-c3e6-4982-a846-59dff90cbc4c','Alice',5,'miss');
insert into gridirongameevents(id,gameId,playType,period,teamFor,teamAgainst) values ('d8927930-7512-41b1-a2d8-835193555af1','dde41514-e573-42ba-86de-32d48a4bdda8','throw',2,'TeamB','TeamA');
insert into gridironthrows(eventId,playerThrowing,playerReceiving,yard,result) values ('d8927930-7512-41b1-a2d8-835193555af1','Ben','Bonnie','43','2pt');
insert into gridirongameevents(id,gameId,playType,period,teamFor,teamAgainst) values ('3116020c-71fd-4113-b5ad-b80a004eebb0','dde41514-e573-42ba-86de-32d48a4bdda8','rush',2,'TeamB','TeamA');
insert into gridironrushes(eventId,player,yard,result) values ('3116020c-71fd-4113-b5ad-b80a004eebb0','Barry',52,'non-scoring');
insert into gridirongameevents(id,gameId,playType,period,teamFor,teamAgainst) values ('5b85de7f-f0f0-4f7c-98cb-c913fea1db44','dde41514-e573-42ba-86de-32d48a4bdda8','flag',2,'TeamA','TeamB');
insert into gridirongameevents(id,gameId,playType,period,teamFor,teamAgainst) values ('84ef1719-6060-446c-8ca4-33332c1a8215','dde41514-e573-42ba-86de-32d48a4bdda8','turnover',2,'TeamA','TeamB');
insert into gridirongameevents(id,gameId,playType,period,teamFor,teamAgainst) values ('4a9dc3ec-b12c-4ca4-9902-6783b444c57d','dde41514-e573-42ba-86de-32d48a4bdda8','throw',2,'TeamB','TeamA');
insert into gridironthrows(eventId,playerThrowing,playerReceiving,yard,result) values ('4a9dc3ec-b12c-4ca4-9902-6783b444c57d','Bonnie','Ben','87','miss');
insert into gridirongameevents(id,gameId,playType,period,teamFor,teamAgainst) values ('8699c842-6b15-4836-a0eb-b4d38a6bb584','dde41514-e573-42ba-86de-32d48a4bdda8','flag',2,'TeamA','TeamB');
insert into gridirongameevents(id,gameId,playType,period,teamFor,teamAgainst) values ('a33a1130-ae9f-43ad-ba56-4df4ac10d825','dde41514-e573-42ba-86de-32d48a4bdda8','timeout',2,'TeamA','TeamB');
insert into gridirongameevents(id,gameId,playType,period,teamFor,teamAgainst) values ('8af02537-5d6f-4cd0-923e-a387752003dd','dde41514-e573-42ba-86de-32d48a4bdda8','rush',2,'TeamA','TeamB');
insert into gridironrushes(eventId,player,yard,result) values ('8af02537-5d6f-4cd0-923e-a387752003dd','Abdul',65,'touchdown');
insert into gridirongameevents(id,gameId,playType,period,teamFor,teamAgainst) values ('9cba971a-3403-4d37-a99b-50bb48b7ee6d','dde41514-e573-42ba-86de-32d48a4bdda8','throw',2,'TeamA','TeamB');
insert into gridironthrows(eventId,playerThrowing,playerReceiving,yard,result) values ('9cba971a-3403-4d37-a99b-50bb48b7ee6d','Abby','Adam','63','non-scoring');
insert into gridirongameevents(id,gameId,playType,period,teamFor,teamAgainst) values ('229c12db-c699-49d5-9fc2-959ade4ca9e5','dde41514-e573-42ba-86de-32d48a4bdda8','kick',2,'TeamA','TeamB');
insert into gridironkicks(eventId,player,yard,result) values ('229c12db-c699-49d5-9fc2-959ade4ca9e5','Adam',40,'miss');
insert into gridirongameevents(id,gameId,playType,period,teamFor,teamAgainst) values ('91fa567e-633e-4188-9554-f69da7a0c598','dde41514-e573-42ba-86de-32d48a4bdda8','turnover',2,'TeamB','TeamA');
insert into gridirongameevents(id,gameId,playType,period,teamFor,teamAgainst) values ('5f4c983a-97b6-4e13-8e38-612972eee3eb','dde41514-e573-42ba-86de-32d48a4bdda8','safety',2,'TeamB','TeamA');
insert into gridirongameevents(id,gameId,playType,period,teamFor,teamAgainst) values ('d9b38e30-0d05-4a45-97ee-4588d0f14593','dde41514-e573-42ba-86de-32d48a4bdda8','throw',2,'TeamA','TeamB');
insert into gridironthrows(eventId,playerThrowing,playerReceiving,yard,result) values ('d9b38e30-0d05-4a45-97ee-4588d0f14593','Alice','Abdul','69','miss');
insert into gridirongameevents(id,gameId,playType,period,teamFor,teamAgainst) values ('1b37848d-c4dd-4160-940f-9391b4106426','dde41514-e573-42ba-86de-32d48a4bdda8','throw',2,'TeamB','TeamA');
insert into gridironthrows(eventId,playerThrowing,playerReceiving,yard,result) values ('1b37848d-c4dd-4160-940f-9391b4106426','Beckham','Bonnie','43','miss');
insert into gridirongameevents(id,gameId,playType,period,teamFor,teamAgainst) values ('dbbfc4b2-764b-4fd1-8bb3-477d8893bb7e','dde41514-e573-42ba-86de-32d48a4bdda8','turnover',2,'TeamB','TeamA');
insert into gridirongameevents(id,gameId,playType,period,teamFor,teamAgainst) values ('f962bb3a-4f79-49fe-b7ba-502e2b19d3df','dde41514-e573-42ba-86de-32d48a4bdda8','flag',2,'TeamA','TeamB');
insert into gridirongameevents(id,gameId,playType,period,teamFor,teamAgainst) values ('c9759554-a788-4478-b14d-f8d11ffa5d0d','dde41514-e573-42ba-86de-32d48a4bdda8','rush',2,'TeamA','TeamB');
insert into gridironrushes(eventId,player,yard,result) values ('c9759554-a788-4478-b14d-f8d11ffa5d0d','Abdul',20,'touchdown');
insert into gridirongameevents(id,gameId,playType,period,teamFor,teamAgainst) values ('0ddf2d80-06c3-4edd-85c2-9b9653249d64','dde41514-e573-42ba-86de-32d48a4bdda8','kick',2,'TeamA','TeamB');
insert into gridironkicks(eventId,player,yard,result) values ('0ddf2d80-06c3-4edd-85c2-9b9653249d64','Alain',54,'miss');
insert into gridirongameevents(id,gameId,playType,period,teamFor,teamAgainst) values ('c042230e-88f6-47d2-9145-2af753b85224','dde41514-e573-42ba-86de-32d48a4bdda8','throw',2,'TeamB','TeamA');
insert into gridironthrows(eventId,playerThrowing,playerReceiving,yard,result) values ('c042230e-88f6-47d2-9145-2af753b85224','Bonnie','Barry','18','miss');
insert into gridirongameevents(id,gameId,playType,period,teamFor,teamAgainst) values ('8fe02d7f-4f26-4fb3-8174-3beda1a80ec2','dde41514-e573-42ba-86de-32d48a4bdda8','throw',2,'TeamA','TeamB');
insert into gridironthrows(eventId,playerThrowing,playerReceiving,yard,result) values ('8fe02d7f-4f26-4fb3-8174-3beda1a80ec2','Abdul','Alain','-5','miss');
insert into gridirongameevents(id,gameId,playType,period,teamFor,teamAgainst) values ('d4c74a19-990c-47f5-abf2-0c38a8d03e01','dde41514-e573-42ba-86de-32d48a4bdda8','safety',2,'TeamA','TeamB');
insert into gridirongameevents(id,gameId,playType,period,teamFor,teamAgainst) values ('d5ea05b4-d3a5-425e-982c-0f72f87012ca','dde41514-e573-42ba-86de-32d48a4bdda8','safety',2,'TeamA','TeamB');
insert into gridirongameevents(id,gameId,playType,period,teamFor,teamAgainst) values ('b420efe0-4681-439f-b69d-b44d6251342c','dde41514-e573-42ba-86de-32d48a4bdda8','turnover',2,'TeamB','TeamA');
insert into gridirongameevents(id,gameId,playType,period,teamFor,teamAgainst) values ('7cec6afc-a03a-4561-aa0a-88b41d60c424','dde41514-e573-42ba-86de-32d48a4bdda8','turnover',2,'TeamB','TeamA');
insert into gridirongameevents(id,gameId,playType,period,teamFor,teamAgainst) values ('0c52dce1-52a2-4787-8adb-66eb4569103f','dde41514-e573-42ba-86de-32d48a4bdda8','rush',2,'TeamA','TeamB');
insert into gridironrushes(eventId,player,yard,result) values ('0c52dce1-52a2-4787-8adb-66eb4569103f','Adam',66,'non-scoring');
insert into gridirongameevents(id,gameId,playType,period,teamFor,teamAgainst) values ('b18f2b87-e590-4851-9ca3-d9c7af4c92fd','dde41514-e573-42ba-86de-32d48a4bdda8','rush',2,'TeamA','TeamB');
insert into gridironrushes(eventId,player,yard,result) values ('b18f2b87-e590-4851-9ca3-d9c7af4c92fd','Abby',25,'2pt');
insert into gridirongameevents(id,gameId,playType,period,teamFor,teamAgainst) values ('10740d54-0015-4a1e-ad66-ceedefc3580e','dde41514-e573-42ba-86de-32d48a4bdda8','throw',2,'TeamA','TeamB');
insert into gridironthrows(eventId,playerThrowing,playerReceiving,yard,result) values ('10740d54-0015-4a1e-ad66-ceedefc3580e','Abby','Alain','14','2pt');
insert into gridirongameevents(id,gameId,playType,period,teamFor,teamAgainst) values ('87fcf8ce-c68f-4e8a-b3d0-fdc97d204dbf','dde41514-e573-42ba-86de-32d48a4bdda8','flag',2,'TeamB','TeamA');
insert into gridirongameevents(id,gameId,playType,period,teamFor,teamAgainst) values ('4b271c59-bf17-446f-998e-cd73084e224a','dde41514-e573-42ba-86de-32d48a4bdda8','timeout',2,'TeamB','TeamA');
insert into gridirongameevents(id,gameId,playType,period,teamFor,teamAgainst) values ('14cdc9a6-7378-44a0-acf4-bb51b7aed7e9','dde41514-e573-42ba-86de-32d48a4bdda8','throw',2,'TeamA','TeamB');
insert into gridironthrows(eventId,playerThrowing,playerReceiving,yard,result) values ('14cdc9a6-7378-44a0-acf4-bb51b7aed7e9','Alice','Abby','16','2pt');
insert into gridirongameevents(id,gameId,playType,period,teamFor,teamAgainst) values ('31df25b8-d8cb-4c85-81cd-5bb75ac9827f','dde41514-e573-42ba-86de-32d48a4bdda8','turnover',2,'TeamA','TeamB');
insert into gridirongameevents(id,gameId,playType,period,teamFor,teamAgainst) values ('7cbf8684-2f1e-4000-a706-efaf38b1de2f','dde41514-e573-42ba-86de-32d48a4bdda8','rush',2,'TeamB','TeamA');
insert into gridironrushes(eventId,player,yard,result) values ('7cbf8684-2f1e-4000-a706-efaf38b1de2f','Banin',33,'2pt');
insert into gridirongameevents(id,gameId,playType,period,teamFor,teamAgainst) values ('c018ec56-f78c-402b-86e0-61faa683438b','dde41514-e573-42ba-86de-32d48a4bdda8','throw',2,'TeamB','TeamA');
insert into gridironthrows(eventId,playerThrowing,playerReceiving,yard,result) values ('c018ec56-f78c-402b-86e0-61faa683438b','Ben','Banin','0','miss');
insert into gridirongameevents(id,gameId,playType,period,teamFor,teamAgainst) values ('6afb252f-bf68-47d9-a38a-066af31611fb','dde41514-e573-42ba-86de-32d48a4bdda8','throw',2,'TeamA','TeamB');
insert into gridironthrows(eventId,playerThrowing,playerReceiving,yard,result) values ('6afb252f-bf68-47d9-a38a-066af31611fb','Abby','Adam','110','miss');
insert into gridirongameevents(id,gameId,playType,period,teamFor,teamAgainst) values ('4de8cc33-d7c6-44ec-adc4-b40f25c2a50c','dde41514-e573-42ba-86de-32d48a4bdda8','kick',3,'TeamB','TeamA');
insert into gridironkicks(eventId,player,yard,result) values ('4de8cc33-d7c6-44ec-adc4-b40f25c2a50c','Bonnie',81,'extra-kick');
insert into gridirongameevents(id,gameId,playType,period,teamFor,teamAgainst) values ('0d4b6264-eb9b-4ba8-abe7-70c5297abcdb','dde41514-e573-42ba-86de-32d48a4bdda8','safety',3,'TeamA','TeamB');
insert into gridirongameevents(id,gameId,playType,period,teamFor,teamAgainst) values ('ccafe680-b0d9-4725-b53f-a59048b8413c','dde41514-e573-42ba-86de-32d48a4bdda8','turnover',3,'TeamA','TeamB');
insert into gridirongameevents(id,gameId,playType,period,teamFor,teamAgainst) values ('4f48cdce-2aa8-4256-8ff4-fe69b96273f7','dde41514-e573-42ba-86de-32d48a4bdda8','safety',3,'TeamB','TeamA');
insert into gridirongameevents(id,gameId,playType,period,teamFor,teamAgainst) values ('4a8b128c-548c-4a40-a667-57c92ad69f71','dde41514-e573-42ba-86de-32d48a4bdda8','rush',3,'TeamB','TeamA');
insert into gridironrushes(eventId,player,yard,result) values ('4a8b128c-548c-4a40-a667-57c92ad69f71','Bonnie',71,'2pt');
insert into gridirongameevents(id,gameId,playType,period,teamFor,teamAgainst) values ('c3f8452c-da0f-4540-97ba-f4a2d633cf8c','dde41514-e573-42ba-86de-32d48a4bdda8','turnover',3,'TeamB','TeamA');
insert into gridirongameevents(id,gameId,playType,period,teamFor,teamAgainst) values ('83cd21d5-a8bb-4d62-a881-1fa0fb1217fd','dde41514-e573-42ba-86de-32d48a4bdda8','turnover',3,'TeamA','TeamB');
insert into gridirongameevents(id,gameId,playType,period,teamFor,teamAgainst) values ('99f7e5ed-d2cb-45d9-aec1-3ed42b0e6420','dde41514-e573-42ba-86de-32d48a4bdda8','rush',3,'TeamB','TeamA');
insert into gridironrushes(eventId,player,yard,result) values ('99f7e5ed-d2cb-45d9-aec1-3ed42b0e6420','Beckham',92,'touchdown');
insert into gridirongameevents(id,gameId,playType,period,teamFor,teamAgainst) values ('6a19859d-f010-406d-a258-f9cf3316a84c','dde41514-e573-42ba-86de-32d48a4bdda8','timeout',3,'TeamB','TeamA');
insert into gridirongameevents(id,gameId,playType,period,teamFor,teamAgainst) values ('1017a57e-020d-497d-be85-8b8d062b2a35','dde41514-e573-42ba-86de-32d48a4bdda8','safety',3,'TeamA','TeamB');
insert into gridirongameevents(id,gameId,playType,period,teamFor,teamAgainst) values ('9046e39d-e0ab-454e-8177-fedc88e992a7','dde41514-e573-42ba-86de-32d48a4bdda8','turnover',3,'TeamA','TeamB');
insert into gridirongameevents(id,gameId,playType,period,teamFor,teamAgainst) values ('a76010e2-c3d6-4e0b-b14f-a5220345fca6','dde41514-e573-42ba-86de-32d48a4bdda8','flag',3,'TeamB','TeamA');
insert into gridirongameevents(id,gameId,playType,period,teamFor,teamAgainst) values ('6151577d-3dbd-4952-862d-7c905e221e14','dde41514-e573-42ba-86de-32d48a4bdda8','rush',3,'TeamA','TeamB');
insert into gridironrushes(eventId,player,yard,result) values ('6151577d-3dbd-4952-862d-7c905e221e14','Alice',18,'touchdown');
insert into gridirongameevents(id,gameId,playType,period,teamFor,teamAgainst) values ('0184c6a5-c26e-4100-beff-2d8220d69fb0','dde41514-e573-42ba-86de-32d48a4bdda8','throw',3,'TeamB','TeamA');
insert into gridironthrows(eventId,playerThrowing,playerReceiving,yard,result) values ('0184c6a5-c26e-4100-beff-2d8220d69fb0','Barry','Banin','84','touchdown');
insert into gridirongameevents(id,gameId,playType,period,teamFor,teamAgainst) values ('94f049d0-e9c8-4280-bcb3-2fd3de3adf2c','dde41514-e573-42ba-86de-32d48a4bdda8','kick',3,'TeamA','TeamB');
insert into gridironkicks(eventId,player,yard,result) values ('94f049d0-e9c8-4280-bcb3-2fd3de3adf2c','Abdul',8,'miss');
insert into gridirongameevents(id,gameId,playType,period,teamFor,teamAgainst) values ('e9de4e83-ba2e-4738-802c-5321c0fb442a','dde41514-e573-42ba-86de-32d48a4bdda8','safety',3,'TeamB','TeamA');
insert into gridirongameevents(id,gameId,playType,period,teamFor,teamAgainst) values ('db74232e-a21d-4305-9d60-972b0cf75e25','dde41514-e573-42ba-86de-32d48a4bdda8','throw',3,'TeamA','TeamB');
insert into gridironthrows(eventId,playerThrowing,playerReceiving,yard,result) values ('db74232e-a21d-4305-9d60-972b0cf75e25','Alain','Abdul','-7','miss');
insert into gridirongameevents(id,gameId,playType,period,teamFor,teamAgainst) values ('014925b8-b163-476c-8064-3c6caee2cbfd','dde41514-e573-42ba-86de-32d48a4bdda8','turnover',3,'TeamB','TeamA');
insert into gridirongameevents(id,gameId,playType,period,teamFor,teamAgainst) values ('26974c5a-e29f-4883-a6cf-3b632107c0ba','dde41514-e573-42ba-86de-32d48a4bdda8','flag',3,'TeamA','TeamB');
insert into gridirongameevents(id,gameId,playType,period,teamFor,teamAgainst) values ('9b944f1c-25bc-42d8-8ce7-24a5c620fb94','dde41514-e573-42ba-86de-32d48a4bdda8','flag',3,'TeamB','TeamA');
insert into gridirongameevents(id,gameId,playType,period,teamFor,teamAgainst) values ('1072709f-8ed5-42e9-9bbc-e2936e20e583','dde41514-e573-42ba-86de-32d48a4bdda8','rush',3,'TeamB','TeamA');
insert into gridironrushes(eventId,player,yard,result) values ('1072709f-8ed5-42e9-9bbc-e2936e20e583','Ben',81,'2pt');
insert into gridirongameevents(id,gameId,playType,period,teamFor,teamAgainst) values ('e6ff1fa6-59c5-44d4-913e-c55cc22fd0c1','dde41514-e573-42ba-86de-32d48a4bdda8','kick',3,'TeamB','TeamA');
insert into gridironkicks(eventId,player,yard,result) values ('e6ff1fa6-59c5-44d4-913e-c55cc22fd0c1','Beckham',118,'extra-kick');
insert into gridirongameevents(id,gameId,playType,period,teamFor,teamAgainst) values ('90de645b-299c-423b-8861-565af87b6eb2','dde41514-e573-42ba-86de-32d48a4bdda8','kick',3,'TeamB','TeamA');
insert into gridironkicks(eventId,player,yard,result) values ('90de645b-299c-423b-8861-565af87b6eb2','Beckham',85,'miss');
insert into gridirongameevents(id,gameId,playType,period,teamFor,teamAgainst) values ('1b631a01-23b1-4084-9807-53b246045df0','dde41514-e573-42ba-86de-32d48a4bdda8','timeout',3,'TeamA','TeamB');
insert into gridirongameevents(id,gameId,playType,period,teamFor,teamAgainst) values ('84057367-85d1-4d46-b2ea-418744e14f96','dde41514-e573-42ba-86de-32d48a4bdda8','rush',3,'TeamB','TeamA');
insert into gridironrushes(eventId,player,yard,result) values ('84057367-85d1-4d46-b2ea-418744e14f96','Banin',105,'touchdown');
insert into gridirongameevents(id,gameId,playType,period,teamFor,teamAgainst) values ('2ad69763-1590-466d-9cc9-6db6be028889','dde41514-e573-42ba-86de-32d48a4bdda8','flag',3,'TeamB','TeamA');
insert into gridirongameevents(id,gameId,playType,period,teamFor,teamAgainst) values ('57fb2d3f-dff1-4902-a463-e4a6b83866d6','dde41514-e573-42ba-86de-32d48a4bdda8','throw',3,'TeamA','TeamB');
insert into gridironthrows(eventId,playerThrowing,playerReceiving,yard,result) values ('57fb2d3f-dff1-4902-a463-e4a6b83866d6','Abdul','Adam','77','non-scoring');
insert into gridirongameevents(id,gameId,playType,period,teamFor,teamAgainst) values ('9e4616b7-e21e-44a0-8765-eb0dd5587d4e','dde41514-e573-42ba-86de-32d48a4bdda8','rush',3,'TeamB','TeamA');
insert into gridironrushes(eventId,player,yard,result) values ('9e4616b7-e21e-44a0-8765-eb0dd5587d4e','Bonnie',97,'2pt');
insert into gridirongameevents(id,gameId,playType,period,teamFor,teamAgainst) values ('90bc0805-f6ac-4061-aa94-83ec9597950e','dde41514-e573-42ba-86de-32d48a4bdda8','turnover',3,'TeamB','TeamA');
insert into gridirongameevents(id,gameId,playType,period,teamFor,teamAgainst) values ('39377d4e-ddda-4b5d-952b-2f6fb39aaa4b','dde41514-e573-42ba-86de-32d48a4bdda8','turnover',3,'TeamB','TeamA');
insert into gridirongameevents(id,gameId,playType,period,teamFor,teamAgainst) values ('1464358f-22a8-4d31-8fec-f2640db134a8','dde41514-e573-42ba-86de-32d48a4bdda8','kick',3,'TeamB','TeamA');
insert into gridironkicks(eventId,player,yard,result) values ('1464358f-22a8-4d31-8fec-f2640db134a8','Banin',103,'field-goal');
insert into gridirongameevents(id,gameId,playType,period,teamFor,teamAgainst) values ('32a8ca8b-4a6b-4adf-bf27-73fe5423dcc7','dde41514-e573-42ba-86de-32d48a4bdda8','flag',3,'TeamB','TeamA');
insert into gridirongameevents(id,gameId,playType,period,teamFor,teamAgainst) values ('4f2f7c6a-bcd4-4c9e-b6c9-41562b4468db','dde41514-e573-42ba-86de-32d48a4bdda8','throw',3,'TeamB','TeamA');
insert into gridironthrows(eventId,playerThrowing,playerReceiving,yard,result) values ('4f2f7c6a-bcd4-4c9e-b6c9-41562b4468db','Beckham','Banin','62','non-scoring');
insert into gridirongameevents(id,gameId,playType,period,teamFor,teamAgainst) values ('52f6d74f-8779-435d-8d7e-76b0de5f2774','dde41514-e573-42ba-86de-32d48a4bdda8','throw',3,'TeamB','TeamA');
insert into gridironthrows(eventId,playerThrowing,playerReceiving,yard,result) values ('52f6d74f-8779-435d-8d7e-76b0de5f2774','Ben','Beckham','106','non-scoring');
insert into gridirongameevents(id,gameId,playType,period,teamFor,teamAgainst) values ('b05a39c3-8791-466a-abd5-d5e05eb03bec','dde41514-e573-42ba-86de-32d48a4bdda8','rush',3,'TeamA','TeamB');
insert into gridironrushes(eventId,player,yard,result) values ('b05a39c3-8791-466a-abd5-d5e05eb03bec','Adam',100,'2pt');
insert into gridirongameevents(id,gameId,playType,period,teamFor,teamAgainst) values ('8644d244-0efe-47a1-9189-d0b04be02eda','dde41514-e573-42ba-86de-32d48a4bdda8','rush',3,'TeamB','TeamA');
insert into gridironrushes(eventId,player,yard,result) values ('8644d244-0efe-47a1-9189-d0b04be02eda','Barry',27,'2pt');
insert into gridirongameevents(id,gameId,playType,period,teamFor,teamAgainst) values ('1db52b5d-5c9e-4e04-b118-d962df8d8cf5','dde41514-e573-42ba-86de-32d48a4bdda8','timeout',3,'TeamA','TeamB');
insert into gridirongameevents(id,gameId,playType,period,teamFor,teamAgainst) values ('cc390814-619e-4079-b7dd-24748e876fc9','dde41514-e573-42ba-86de-32d48a4bdda8','throw',3,'TeamB','TeamA');
insert into gridironthrows(eventId,playerThrowing,playerReceiving,yard,result) values ('cc390814-619e-4079-b7dd-24748e876fc9','Beckham','Bonnie','10','non-scoring');
insert into gridirongameevents(id,gameId,playType,period,teamFor,teamAgainst) values ('37c59301-be34-4ba7-b31f-4cdbdc9c7f27','dde41514-e573-42ba-86de-32d48a4bdda8','turnover',3,'TeamB','TeamA');
insert into gridirongameevents(id,gameId,playType,period,teamFor,teamAgainst) values ('3cb8bb2f-f593-4cbd-8567-f5d086ae4ca1','dde41514-e573-42ba-86de-32d48a4bdda8','throw',3,'TeamB','TeamA');
insert into gridironthrows(eventId,playerThrowing,playerReceiving,yard,result) values ('3cb8bb2f-f593-4cbd-8567-f5d086ae4ca1','Bonnie','Beckham','41','touchdown');
insert into gridirongameevents(id,gameId,playType,period,teamFor,teamAgainst) values ('156deb8e-1039-4e2a-8b45-77244b0fe881','dde41514-e573-42ba-86de-32d48a4bdda8','timeout',3,'TeamA','TeamB');
insert into gridirongameevents(id,gameId,playType,period,teamFor,teamAgainst) values ('5e1c0902-e9db-46be-b282-eedffbfb0e1b','dde41514-e573-42ba-86de-32d48a4bdda8','rush',3,'TeamB','TeamA');
insert into gridironrushes(eventId,player,yard,result) values ('5e1c0902-e9db-46be-b282-eedffbfb0e1b','Beckham',-6,'non-scoring');
insert into gridirongameevents(id,gameId,playType,period,teamFor,teamAgainst) values ('f7eb1575-00c8-4b68-bc78-24f0c3ab7623','dde41514-e573-42ba-86de-32d48a4bdda8','throw',3,'TeamA','TeamB');
insert into gridironthrows(eventId,playerThrowing,playerReceiving,yard,result) values ('f7eb1575-00c8-4b68-bc78-24f0c3ab7623','Alain','Adam','5','miss');
insert into gridirongameevents(id,gameId,playType,period,teamFor,teamAgainst) values ('d1afa2af-1df6-4463-b4aa-b721d12c8e8c','dde41514-e573-42ba-86de-32d48a4bdda8','throw',3,'TeamB','TeamA');
insert into gridironthrows(eventId,playerThrowing,playerReceiving,yard,result) values ('d1afa2af-1df6-4463-b4aa-b721d12c8e8c','Bonnie','Ben','118','2pt');
insert into gridirongameevents(id,gameId,playType,period,teamFor,teamAgainst) values ('5c42b449-00ed-4428-87af-28cc997aff6d','dde41514-e573-42ba-86de-32d48a4bdda8','throw',3,'TeamA','TeamB');
insert into gridironthrows(eventId,playerThrowing,playerReceiving,yard,result) values ('5c42b449-00ed-4428-87af-28cc997aff6d','Alice','Abdul','86','miss');
insert into gridirongameevents(id,gameId,playType,period,teamFor,teamAgainst) values ('9ddb219b-d524-49b9-8278-87b000d128f8','dde41514-e573-42ba-86de-32d48a4bdda8','flag',3,'TeamB','TeamA');
insert into gridirongameevents(id,gameId,playType,period,teamFor,teamAgainst) values ('778a583c-4e75-4a38-8645-fa46333e45eb','dde41514-e573-42ba-86de-32d48a4bdda8','safety',3,'TeamB','TeamA');
insert into gridirongameevents(id,gameId,playType,period,teamFor,teamAgainst) values ('48097b99-8bf2-4b44-a21a-422f975e0795','dde41514-e573-42ba-86de-32d48a4bdda8','safety',3,'TeamA','TeamB');
insert into gridirongameevents(id,gameId,playType,period,teamFor,teamAgainst) values ('d48a5c6f-1bc6-4986-827a-9c299b0cb2b0','dde41514-e573-42ba-86de-32d48a4bdda8','throw',3,'TeamB','TeamA');
insert into gridironthrows(eventId,playerThrowing,playerReceiving,yard,result) values ('d48a5c6f-1bc6-4986-827a-9c299b0cb2b0','Beckham','Bonnie','58','2pt');
insert into gridirongameevents(id,gameId,playType,period,teamFor,teamAgainst) values ('9f2fba64-314f-4298-8747-ddfc0b9de190','dde41514-e573-42ba-86de-32d48a4bdda8','throw',3,'TeamB','TeamA');
insert into gridironthrows(eventId,playerThrowing,playerReceiving,yard,result) values ('9f2fba64-314f-4298-8747-ddfc0b9de190','Ben','Barry','79','non-scoring');
insert into gridirongameevents(id,gameId,playType,period,teamFor,teamAgainst) values ('4849abda-f994-4900-9349-5813940882bb','dde41514-e573-42ba-86de-32d48a4bdda8','timeout',3,'TeamA','TeamB');
insert into gridirongameevents(id,gameId,playType,period,teamFor,teamAgainst) values ('bfa83bec-4a03-4dae-b9b1-2b9a0205b1d6','dde41514-e573-42ba-86de-32d48a4bdda8','throw',3,'TeamA','TeamB');
insert into gridironthrows(eventId,playerThrowing,playerReceiving,yard,result) values ('bfa83bec-4a03-4dae-b9b1-2b9a0205b1d6','Adam','Abdul','58','miss');
insert into gridirongameevents(id,gameId,playType,period,teamFor,teamAgainst) values ('cc0b2297-b818-4776-9b3d-16a3f081ea56','dde41514-e573-42ba-86de-32d48a4bdda8','kick',3,'TeamA','TeamB');
insert into gridironkicks(eventId,player,yard,result) values ('cc0b2297-b818-4776-9b3d-16a3f081ea56','Abdul',71,'extra-kick');
insert into gridirongameevents(id,gameId,playType,period,teamFor,teamAgainst) values ('5a52867c-b7b9-4a55-abae-a14c39586caa','dde41514-e573-42ba-86de-32d48a4bdda8','turnover',3,'TeamA','TeamB');
insert into gridirongameevents(id,gameId,playType,period,teamFor,teamAgainst) values ('39fdf2c6-ebdf-4ffd-8140-739caf35ecdc','dde41514-e573-42ba-86de-32d48a4bdda8','safety',3,'TeamA','TeamB');
insert into gridirongameevents(id,gameId,playType,period,teamFor,teamAgainst) values ('8be655d7-13c6-4a14-9482-dfab940330de','dde41514-e573-42ba-86de-32d48a4bdda8','safety',3,'TeamB','TeamA');
insert into gridirongameevents(id,gameId,playType,period,teamFor,teamAgainst) values ('2787c3a6-3fb6-426d-b6da-9369f9880fd8','dde41514-e573-42ba-86de-32d48a4bdda8','kick',3,'TeamA','TeamB');
insert into gridironkicks(eventId,player,yard,result) values ('2787c3a6-3fb6-426d-b6da-9369f9880fd8','Alice',61,'field-goal');
insert into gridirongameevents(id,gameId,playType,period,teamFor,teamAgainst) values ('dee4a778-e895-4afd-a5a9-a269213980a8','dde41514-e573-42ba-86de-32d48a4bdda8','turnover',3,'TeamB','TeamA');
insert into gridirongameevents(id,gameId,playType,period,teamFor,teamAgainst) values ('80e14f06-7468-460b-aa02-a5502b909676','dde41514-e573-42ba-86de-32d48a4bdda8','rush',3,'TeamA','TeamB');
insert into gridironrushes(eventId,player,yard,result) values ('80e14f06-7468-460b-aa02-a5502b909676','Alice',79,'2pt');
insert into gridirongameevents(id,gameId,playType,period,teamFor,teamAgainst) values ('67fe9188-6593-4187-b6e9-f4b7bed331ba','dde41514-e573-42ba-86de-32d48a4bdda8','throw',3,'TeamA','TeamB');
insert into gridironthrows(eventId,playerThrowing,playerReceiving,yard,result) values ('67fe9188-6593-4187-b6e9-f4b7bed331ba','Abdul','Adam','81','miss');
insert into gridirongameevents(id,gameId,playType,period,teamFor,teamAgainst) values ('ff5daafd-2009-4922-b4f5-8448dc0bf2b0','dde41514-e573-42ba-86de-32d48a4bdda8','flag',3,'TeamB','TeamA');
insert into gridirongameevents(id,gameId,playType,period,teamFor,teamAgainst) values ('75fd6fc7-954b-4be9-a019-428529efdb48','dde41514-e573-42ba-86de-32d48a4bdda8','rush',3,'TeamB','TeamA');
insert into gridironrushes(eventId,player,yard,result) values ('75fd6fc7-954b-4be9-a019-428529efdb48','Ben',102,'non-scoring');
insert into gridirongameevents(id,gameId,playType,period,teamFor,teamAgainst) values ('e4e781e7-2e57-4fed-9fcb-fcb9fe6917f4','dde41514-e573-42ba-86de-32d48a4bdda8','safety',3,'TeamB','TeamA');
insert into gridirongameevents(id,gameId,playType,period,teamFor,teamAgainst) values ('40c7edf0-c3a1-422a-a2be-8165674a1235','dde41514-e573-42ba-86de-32d48a4bdda8','timeout',3,'TeamB','TeamA');
insert into gridirongameevents(id,gameId,playType,period,teamFor,teamAgainst) values ('f543af2a-5b71-496d-bedb-9e5b0c0d5b2e','dde41514-e573-42ba-86de-32d48a4bdda8','turnover',3,'TeamA','TeamB');
insert into gridirongameevents(id,gameId,playType,period,teamFor,teamAgainst) values ('7d73b8f9-377f-41a0-b2b5-696d9649b5a7','dde41514-e573-42ba-86de-32d48a4bdda8','kick',3,'TeamB','TeamA');
insert into gridironkicks(eventId,player,yard,result) values ('7d73b8f9-377f-41a0-b2b5-696d9649b5a7','Barry',110,'miss');
insert into gridirongameevents(id,gameId,playType,period,teamFor,teamAgainst) values ('a26caf8c-b90f-4638-8809-9898c6b05351','dde41514-e573-42ba-86de-32d48a4bdda8','turnover',3,'TeamA','TeamB');
insert into gridirongameevents(id,gameId,playType,period,teamFor,teamAgainst) values ('0e505ed9-90b9-400d-a104-0851cc6da2b9','dde41514-e573-42ba-86de-32d48a4bdda8','turnover',3,'TeamB','TeamA');
insert into gridirongameevents(id,gameId,playType,period,teamFor,teamAgainst) values ('44546688-4546-4a70-9cd5-83b25164e53d','dde41514-e573-42ba-86de-32d48a4bdda8','timeout',3,'TeamB','TeamA');
insert into gridirongameevents(id,gameId,playType,period,teamFor,teamAgainst) values ('ac90ac65-458d-446d-ba5f-5c468490b853','dde41514-e573-42ba-86de-32d48a4bdda8','timeout',3,'TeamB','TeamA');
insert into gridirongameevents(id,gameId,playType,period,teamFor,teamAgainst) values ('94be3915-10eb-46ac-99a8-528ad951f32c','dde41514-e573-42ba-86de-32d48a4bdda8','throw',3,'TeamA','TeamB');
insert into gridironthrows(eventId,playerThrowing,playerReceiving,yard,result) values ('94be3915-10eb-46ac-99a8-528ad951f32c','Abdul','Adam','91','non-scoring');
insert into gridirongameevents(id,gameId,playType,period,teamFor,teamAgainst) values ('1825324b-41f4-4338-999b-12ea44f37e4b','dde41514-e573-42ba-86de-32d48a4bdda8','turnover',3,'TeamA','TeamB');
insert into gridirongameevents(id,gameId,playType,period,teamFor,teamAgainst) values ('51019ad9-d079-477c-8a4b-2e9ce473bebd','dde41514-e573-42ba-86de-32d48a4bdda8','throw',3,'TeamB','TeamA');
insert into gridironthrows(eventId,playerThrowing,playerReceiving,yard,result) values ('51019ad9-d079-477c-8a4b-2e9ce473bebd','Banin','Beckham','110','non-scoring');
insert into gridirongameevents(id,gameId,playType,period,teamFor,teamAgainst) values ('8f0c3263-70d8-493b-878b-78562ca332bc','dde41514-e573-42ba-86de-32d48a4bdda8','timeout',3,'TeamA','TeamB');
insert into gridirongameevents(id,gameId,playType,period,teamFor,teamAgainst) values ('c2ba8f7c-197d-4b60-8eb7-bb40a1b4c405','dde41514-e573-42ba-86de-32d48a4bdda8','rush',3,'TeamB','TeamA');
insert into gridironrushes(eventId,player,yard,result) values ('c2ba8f7c-197d-4b60-8eb7-bb40a1b4c405','Barry',94,'2pt');
insert into gridirongameevents(id,gameId,playType,period,teamFor,teamAgainst) values ('f0531832-2ebb-4846-9fb1-69c09a681c76','dde41514-e573-42ba-86de-32d48a4bdda8','flag',3,'TeamB','TeamA');
insert into gridirongameevents(id,gameId,playType,period,teamFor,teamAgainst) values ('51497ddd-76d6-4839-b51a-ca185e971177','dde41514-e573-42ba-86de-32d48a4bdda8','timeout',3,'TeamA','TeamB');
insert into gridirongameevents(id,gameId,playType,period,teamFor,teamAgainst) values ('a88ef025-b900-4f44-860c-a47f91510722','dde41514-e573-42ba-86de-32d48a4bdda8','kick',3,'TeamB','TeamA');
insert into gridironkicks(eventId,player,yard,result) values ('a88ef025-b900-4f44-860c-a47f91510722','Beckham',83,'field-goal');
insert into gridirongameevents(id,gameId,playType,period,teamFor,teamAgainst) values ('5c5a97d2-a7e9-465a-9304-83ab32206366','dde41514-e573-42ba-86de-32d48a4bdda8','throw',3,'TeamB','TeamA');
insert into gridironthrows(eventId,playerThrowing,playerReceiving,yard,result) values ('5c5a97d2-a7e9-465a-9304-83ab32206366','Beckham','Banin','-4','miss');
insert into gridirongameevents(id,gameId,playType,period,teamFor,teamAgainst) values ('299abaf8-1771-4faa-a4cb-d42cb209ab4c','dde41514-e573-42ba-86de-32d48a4bdda8','timeout',3,'TeamA','TeamB');
insert into gridirongameevents(id,gameId,playType,period,teamFor,teamAgainst) values ('206be159-7f61-46e7-b3ac-d29b2a948c1b','dde41514-e573-42ba-86de-32d48a4bdda8','rush',3,'TeamA','TeamB');
insert into gridironrushes(eventId,player,yard,result) values ('206be159-7f61-46e7-b3ac-d29b2a948c1b','Adam',120,'non-scoring');
insert into gridirongameevents(id,gameId,playType,period,teamFor,teamAgainst) values ('ce895fd9-1870-4043-9fb9-4b04b2808c57','dde41514-e573-42ba-86de-32d48a4bdda8','throw',3,'TeamA','TeamB');
insert into gridironthrows(eventId,playerThrowing,playerReceiving,yard,result) values ('ce895fd9-1870-4043-9fb9-4b04b2808c57','Alain','Abby','62','non-scoring');
insert into gridirongameevents(id,gameId,playType,period,teamFor,teamAgainst) values ('59b48aef-68ae-46dd-b1b2-b76f2bc0f6c2','dde41514-e573-42ba-86de-32d48a4bdda8','safety',3,'TeamA','TeamB');
insert into gridirongameevents(id,gameId,playType,period,teamFor,teamAgainst) values ('020dc21e-a4c9-429a-8dab-0cf8df7ad0f7','dde41514-e573-42ba-86de-32d48a4bdda8','kick',3,'TeamA','TeamB');
insert into gridironkicks(eventId,player,yard,result) values ('020dc21e-a4c9-429a-8dab-0cf8df7ad0f7','Abby',78,'extra-kick');
insert into gridirongameevents(id,gameId,playType,period,teamFor,teamAgainst) values ('c97dba8a-72d1-4054-88e2-732ea187b4b3','dde41514-e573-42ba-86de-32d48a4bdda8','throw',3,'TeamB','TeamA');
insert into gridironthrows(eventId,playerThrowing,playerReceiving,yard,result) values ('c97dba8a-72d1-4054-88e2-732ea187b4b3','Ben','Barry','86','non-scoring');
insert into gridirongameevents(id,gameId,playType,period,teamFor,teamAgainst) values ('919d3b52-1e22-4252-ae19-e25a3634429e','dde41514-e573-42ba-86de-32d48a4bdda8','timeout',3,'TeamA','TeamB');
insert into gridirongameevents(id,gameId,playType,period,teamFor,teamAgainst) values ('9b10653f-014a-442f-b151-45737ceaf61a','dde41514-e573-42ba-86de-32d48a4bdda8','timeout',3,'TeamB','TeamA');
insert into gridirongameevents(id,gameId,playType,period,teamFor,teamAgainst) values ('72f1b915-9061-44c9-8ce4-27d91e76d44e','dde41514-e573-42ba-86de-32d48a4bdda8','turnover',3,'TeamB','TeamA');
insert into gridirongameevents(id,gameId,playType,period,teamFor,teamAgainst) values ('0b25613a-9abf-4a09-8c3c-11be8e84ee69','dde41514-e573-42ba-86de-32d48a4bdda8','throw',3,'TeamA','TeamB');
insert into gridironthrows(eventId,playerThrowing,playerReceiving,yard,result) values ('0b25613a-9abf-4a09-8c3c-11be8e84ee69','Adam','Alice','99','2pt');
insert into gridirongameevents(id,gameId,playType,period,teamFor,teamAgainst) values ('eb3a8b25-d715-48c2-bc8e-e849a51673b2','dde41514-e573-42ba-86de-32d48a4bdda8','flag',3,'TeamA','TeamB');
insert into gridirongameevents(id,gameId,playType,period,teamFor,teamAgainst) values ('ce82ead6-0606-4b9e-8e6c-b5ff4da32bdb','dde41514-e573-42ba-86de-32d48a4bdda8','turnover',3,'TeamB','TeamA');
insert into gridirongameevents(id,gameId,playType,period,teamFor,teamAgainst) values ('d046ab95-ed0e-4845-82ee-ba5b6846cb90','dde41514-e573-42ba-86de-32d48a4bdda8','safety',3,'TeamB','TeamA');
insert into gridirongameevents(id,gameId,playType,period,teamFor,teamAgainst) values ('29f693a0-1148-424b-bb45-385b19d43a06','dde41514-e573-42ba-86de-32d48a4bdda8','rush',3,'TeamA','TeamB');
insert into gridironrushes(eventId,player,yard,result) values ('29f693a0-1148-424b-bb45-385b19d43a06','Abby',96,'2pt');
insert into gridirongameevents(id,gameId,playType,period,teamFor,teamAgainst) values ('016e934e-6b6f-476f-8d7f-08a3c7699f39','dde41514-e573-42ba-86de-32d48a4bdda8','kick',3,'TeamB','TeamA');
insert into gridironkicks(eventId,player,yard,result) values ('016e934e-6b6f-476f-8d7f-08a3c7699f39','Bonnie',87,'extra-kick');
insert into gridirongameevents(id,gameId,playType,period,teamFor,teamAgainst) values ('39982729-bbd6-45a9-ae7e-a0e9a58781c6','dde41514-e573-42ba-86de-32d48a4bdda8','rush',3,'TeamB','TeamA');
insert into gridironrushes(eventId,player,yard,result) values ('39982729-bbd6-45a9-ae7e-a0e9a58781c6','Ben',62,'touchdown');
insert into gridirongameevents(id,gameId,playType,period,teamFor,teamAgainst) values ('5755e268-7a42-4bc6-9e8e-84f08c5dec82','dde41514-e573-42ba-86de-32d48a4bdda8','rush',3,'TeamB','TeamA');
insert into gridironrushes(eventId,player,yard,result) values ('5755e268-7a42-4bc6-9e8e-84f08c5dec82','Barry',108,'2pt');
insert into gridirongameevents(id,gameId,playType,period,teamFor,teamAgainst) values ('4dee10b5-2721-4ab3-9770-2f69b1ba0884','dde41514-e573-42ba-86de-32d48a4bdda8','kick',3,'TeamB','TeamA');
insert into gridironkicks(eventId,player,yard,result) values ('4dee10b5-2721-4ab3-9770-2f69b1ba0884','Banin',49,'extra-kick');
insert into gridirongameevents(id,gameId,playType,period,teamFor,teamAgainst) values ('80fc4eb2-2cfd-4e1d-9702-d8d6d96c4bf9','dde41514-e573-42ba-86de-32d48a4bdda8','safety',3,'TeamA','TeamB');
insert into gridirongameevents(id,gameId,playType,period,teamFor,teamAgainst) values ('f14a6296-2b8f-4944-a996-5d1b59b7ed0c','dde41514-e573-42ba-86de-32d48a4bdda8','kick',3,'TeamA','TeamB');
insert into gridironkicks(eventId,player,yard,result) values ('f14a6296-2b8f-4944-a996-5d1b59b7ed0c','Alain',40,'miss');
insert into gridirongameevents(id,gameId,playType,period,teamFor,teamAgainst) values ('a708f818-0805-4b6d-9fe8-5e8d4bc04a2f','dde41514-e573-42ba-86de-32d48a4bdda8','rush',3,'TeamB','TeamA');
insert into gridironrushes(eventId,player,yard,result) values ('a708f818-0805-4b6d-9fe8-5e8d4bc04a2f','Banin',84,'2pt');
insert into gridirongameevents(id,gameId,playType,period,teamFor,teamAgainst) values ('b8d61403-48f8-4a68-a9ca-da974cc59024','dde41514-e573-42ba-86de-32d48a4bdda8','turnover',4,'TeamA','TeamB');
insert into gridirongameevents(id,gameId,playType,period,teamFor,teamAgainst) values ('47403165-2c51-43cd-9c74-159134a0db28','dde41514-e573-42ba-86de-32d48a4bdda8','throw',4,'TeamB','TeamA');
insert into gridironthrows(eventId,playerThrowing,playerReceiving,yard,result) values ('47403165-2c51-43cd-9c74-159134a0db28','Bonnie','Banin','37','2pt');
insert into gridirongameevents(id,gameId,playType,period,teamFor,teamAgainst) values ('818d5420-631a-4585-a45a-9682628d8436','dde41514-e573-42ba-86de-32d48a4bdda8','flag',4,'TeamB','TeamA');
insert into gridirongameevents(id,gameId,playType,period,teamFor,teamAgainst) values ('9021a15f-e19c-416a-b5ec-bb5d573002ed','dde41514-e573-42ba-86de-32d48a4bdda8','kick',4,'TeamB','TeamA');
insert into gridironkicks(eventId,player,yard,result) values ('9021a15f-e19c-416a-b5ec-bb5d573002ed','Bonnie',31,'extra-kick');
insert into gridirongameevents(id,gameId,playType,period,teamFor,teamAgainst) values ('f2d69714-2659-4325-9180-dd50e0bddfab','dde41514-e573-42ba-86de-32d48a4bdda8','kick',4,'TeamA','TeamB');
insert into gridironkicks(eventId,player,yard,result) values ('f2d69714-2659-4325-9180-dd50e0bddfab','Abby',59,'miss');
insert into gridirongameevents(id,gameId,playType,period,teamFor,teamAgainst) values ('62df3b9d-23e9-4881-8662-01ad4c1cd199','dde41514-e573-42ba-86de-32d48a4bdda8','throw',4,'TeamA','TeamB');
insert into gridironthrows(eventId,playerThrowing,playerReceiving,yard,result) values ('62df3b9d-23e9-4881-8662-01ad4c1cd199','Alice','Alain','112','touchdown');
insert into gridirongameevents(id,gameId,playType,period,teamFor,teamAgainst) values ('b2f02c13-2828-498d-9bc3-2adb1cc1167e','dde41514-e573-42ba-86de-32d48a4bdda8','throw',4,'TeamB','TeamA');
insert into gridironthrows(eventId,playerThrowing,playerReceiving,yard,result) values ('b2f02c13-2828-498d-9bc3-2adb1cc1167e','Bonnie','Barry','56','2pt');
insert into gridirongameevents(id,gameId,playType,period,teamFor,teamAgainst) values ('bd7a7ee2-d849-414e-9724-cf7558172f3b','dde41514-e573-42ba-86de-32d48a4bdda8','kick',4,'TeamB','TeamA');
insert into gridironkicks(eventId,player,yard,result) values ('bd7a7ee2-d849-414e-9724-cf7558172f3b','Barry',7,'field-goal');
insert into gridirongameevents(id,gameId,playType,period,teamFor,teamAgainst) values ('d5a35f18-4b7b-4091-af51-6f73eaeb75f9','dde41514-e573-42ba-86de-32d48a4bdda8','turnover',4,'TeamB','TeamA');
insert into gridirongameevents(id,gameId,playType,period,teamFor,teamAgainst) values ('a394ea09-5cb0-4310-9b14-af4ed42e8882','dde41514-e573-42ba-86de-32d48a4bdda8','rush',4,'TeamB','TeamA');
insert into gridironrushes(eventId,player,yard,result) values ('a394ea09-5cb0-4310-9b14-af4ed42e8882','Barry',53,'non-scoring');
insert into gridirongameevents(id,gameId,playType,period,teamFor,teamAgainst) values ('0875b535-121b-48c0-bab9-a86afe4d4441','dde41514-e573-42ba-86de-32d48a4bdda8','kick',4,'TeamA','TeamB');
insert into gridironkicks(eventId,player,yard,result) values ('0875b535-121b-48c0-bab9-a86afe4d4441','Adam',17,'field-goal');
insert into gridirongameevents(id,gameId,playType,period,teamFor,teamAgainst) values ('b2f2a08f-312d-46c6-ae76-7b0cd78d42f6','dde41514-e573-42ba-86de-32d48a4bdda8','timeout',4,'TeamB','TeamA');
insert into gridirongameevents(id,gameId,playType,period,teamFor,teamAgainst) values ('6e9c11f2-0ffd-44a2-8cb6-7153e76cbf10','dde41514-e573-42ba-86de-32d48a4bdda8','rush',4,'TeamA','TeamB');
insert into gridironrushes(eventId,player,yard,result) values ('6e9c11f2-0ffd-44a2-8cb6-7153e76cbf10','Alice',88,'2pt');
insert into gridirongameevents(id,gameId,playType,period,teamFor,teamAgainst) values ('6a8f456a-4d43-4743-989c-cca824b651b2','dde41514-e573-42ba-86de-32d48a4bdda8','turnover',4,'TeamA','TeamB');
insert into gridirongameevents(id,gameId,playType,period,teamFor,teamAgainst) values ('f236a105-a7e8-4593-b455-8bde4b366b52','dde41514-e573-42ba-86de-32d48a4bdda8','safety',4,'TeamA','TeamB');
insert into gridirongameevents(id,gameId,playType,period,teamFor,teamAgainst) values ('39ae841a-7f05-49ed-80a7-6055497c6478','dde41514-e573-42ba-86de-32d48a4bdda8','throw',4,'TeamA','TeamB');
insert into gridironthrows(eventId,playerThrowing,playerReceiving,yard,result) values ('39ae841a-7f05-49ed-80a7-6055497c6478','Abdul','Alain','74','non-scoring');
insert into gridirongameevents(id,gameId,playType,period,teamFor,teamAgainst) values ('fa8ecb0e-72be-4bae-83bb-0b4de2c6f24e','dde41514-e573-42ba-86de-32d48a4bdda8','turnover',4,'TeamB','TeamA');
insert into gridirongameevents(id,gameId,playType,period,teamFor,teamAgainst) values ('44d37745-65e4-4784-8fa2-0cf5eced5d23','dde41514-e573-42ba-86de-32d48a4bdda8','safety',4,'TeamA','TeamB');
insert into gridirongameevents(id,gameId,playType,period,teamFor,teamAgainst) values ('16f30b96-7354-4541-8397-39388e40dd7c','dde41514-e573-42ba-86de-32d48a4bdda8','turnover',4,'TeamB','TeamA');
insert into gridirongameevents(id,gameId,playType,period,teamFor,teamAgainst) values ('a7d7298f-f11e-46d2-8bec-9eaef0a0402b','dde41514-e573-42ba-86de-32d48a4bdda8','safety',4,'TeamB','TeamA');
insert into gridirongameevents(id,gameId,playType,period,teamFor,teamAgainst) values ('d55b7272-770e-4694-90c9-ec72fb7ceff8','dde41514-e573-42ba-86de-32d48a4bdda8','safety',4,'TeamB','TeamA');
insert into gridirongameevents(id,gameId,playType,period,teamFor,teamAgainst) values ('f37dd348-4882-4d31-8970-7f28799a85d6','dde41514-e573-42ba-86de-32d48a4bdda8','flag',4,'TeamA','TeamB');
insert into gridirongameevents(id,gameId,playType,period,teamFor,teamAgainst) values ('e78e1068-82fd-44fc-9574-eff8894b3941','dde41514-e573-42ba-86de-32d48a4bdda8','kick',4,'TeamA','TeamB');
insert into gridironkicks(eventId,player,yard,result) values ('e78e1068-82fd-44fc-9574-eff8894b3941','Abby',92,'miss');
insert into gridirongameevents(id,gameId,playType,period,teamFor,teamAgainst) values ('0cb66697-726e-48e4-84b3-fdde02829f81','dde41514-e573-42ba-86de-32d48a4bdda8','safety',4,'TeamB','TeamA');
insert into gridirongameevents(id,gameId,playType,period,teamFor,teamAgainst) values ('c7a2e8f0-5ecd-4f65-a980-c3a6afaadfb8','dde41514-e573-42ba-86de-32d48a4bdda8','turnover',4,'TeamA','TeamB');
insert into gridirongameevents(id,gameId,playType,period,teamFor,teamAgainst) values ('df331414-1a85-4f5f-9ca6-67f1b1567b25','dde41514-e573-42ba-86de-32d48a4bdda8','kick',4,'TeamA','TeamB');
insert into gridironkicks(eventId,player,yard,result) values ('df331414-1a85-4f5f-9ca6-67f1b1567b25','Adam',44,'field-goal');
insert into gridirongameevents(id,gameId,playType,period,teamFor,teamAgainst) values ('e5a3d0c1-4c79-43dc-9db6-7c8f01e654ad','dde41514-e573-42ba-86de-32d48a4bdda8','kick',4,'TeamB','TeamA');
insert into gridironkicks(eventId,player,yard,result) values ('e5a3d0c1-4c79-43dc-9db6-7c8f01e654ad','Ben',57,'miss');
insert into gridirongameevents(id,gameId,playType,period,teamFor,teamAgainst) values ('52d719ef-1242-4c5f-8182-c8caceab6e32','dde41514-e573-42ba-86de-32d48a4bdda8','turnover',4,'TeamB','TeamA');
insert into gridirongameevents(id,gameId,playType,period,teamFor,teamAgainst) values ('efe39989-ce95-4db5-8dd1-21418b2e8b48','dde41514-e573-42ba-86de-32d48a4bdda8','safety',4,'TeamB','TeamA');
insert into gridirongameevents(id,gameId,playType,period,teamFor,teamAgainst) values ('2db0ed18-9ce0-48fb-8941-541ee54d4fe6','dde41514-e573-42ba-86de-32d48a4bdda8','flag',4,'TeamA','TeamB');
insert into gridirongameevents(id,gameId,playType,period,teamFor,teamAgainst) values ('64531c90-764b-4adb-8595-4be9b74cef16','dde41514-e573-42ba-86de-32d48a4bdda8','kick',4,'TeamB','TeamA');
insert into gridironkicks(eventId,player,yard,result) values ('64531c90-764b-4adb-8595-4be9b74cef16','Ben',90,'extra-kick');
insert into gridirongameevents(id,gameId,playType,period,teamFor,teamAgainst) values ('aa1be16c-25b3-4582-98b2-2d401e7f4dcc','dde41514-e573-42ba-86de-32d48a4bdda8','safety',4,'TeamA','TeamB');
insert into gridirongameevents(id,gameId,playType,period,teamFor,teamAgainst) values ('ef988678-e0cf-438b-b05e-d755f8721c30','dde41514-e573-42ba-86de-32d48a4bdda8','kick',4,'TeamA','TeamB');
insert into gridironkicks(eventId,player,yard,result) values ('ef988678-e0cf-438b-b05e-d755f8721c30','Alice',40,'miss');
insert into gridirongameevents(id,gameId,playType,period,teamFor,teamAgainst) values ('0877b457-9878-4907-a7f1-119df1c07904','dde41514-e573-42ba-86de-32d48a4bdda8','rush',4,'TeamA','TeamB');
insert into gridironrushes(eventId,player,yard,result) values ('0877b457-9878-4907-a7f1-119df1c07904','Abby',120,'non-scoring');
insert into gridirongameevents(id,gameId,playType,period,teamFor,teamAgainst) values ('49cd4c30-6e14-42cf-945f-d815b7e68658','dde41514-e573-42ba-86de-32d48a4bdda8','kick',4,'TeamB','TeamA');
insert into gridironkicks(eventId,player,yard,result) values ('49cd4c30-6e14-42cf-945f-d815b7e68658','Ben',67,'miss');
insert into gridirongameevents(id,gameId,playType,period,teamFor,teamAgainst) values ('72fcc662-70be-4326-b8ee-3558dce04efb','dde41514-e573-42ba-86de-32d48a4bdda8','kick',4,'TeamA','TeamB');
insert into gridironkicks(eventId,player,yard,result) values ('72fcc662-70be-4326-b8ee-3558dce04efb','Adam',74,'extra-kick');
insert into gridirongameevents(id,gameId,playType,period,teamFor,teamAgainst) values ('7114a8f8-b1b7-460d-8169-07a4de9f593c','dde41514-e573-42ba-86de-32d48a4bdda8','turnover',4,'TeamB','TeamA');
insert into gridirongameevents(id,gameId,playType,period,teamFor,teamAgainst) values ('b7f354b1-6049-404d-baf0-a43741173a85','dde41514-e573-42ba-86de-32d48a4bdda8','safety',4,'TeamB','TeamA');
insert into gridirongameevents(id,gameId,playType,period,teamFor,teamAgainst) values ('9e3a993d-8421-42f2-a214-afbddbc2e3a1','dde41514-e573-42ba-86de-32d48a4bdda8','timeout',4,'TeamB','TeamA');
insert into gridirongameevents(id,gameId,playType,period,teamFor,teamAgainst) values ('f9568e13-deae-4e95-9d64-0ffc4ad842a1','dde41514-e573-42ba-86de-32d48a4bdda8','turnover',4,'TeamB','TeamA');
insert into gridirongameevents(id,gameId,playType,period,teamFor,teamAgainst) values ('8084e98e-fa09-4efc-ab65-bd23052528df','dde41514-e573-42ba-86de-32d48a4bdda8','flag',4,'TeamA','TeamB');
insert into gridirongameevents(id,gameId,playType,period,teamFor,teamAgainst) values ('3a2277f7-b59c-4776-8984-6443c8e7ad27','dde41514-e573-42ba-86de-32d48a4bdda8','flag',4,'TeamB','TeamA');
insert into gridirongameevents(id,gameId,playType,period,teamFor,teamAgainst) values ('b4867135-90d1-4c1c-9252-e6e8fafc2090','dde41514-e573-42ba-86de-32d48a4bdda8','throw',4,'TeamB','TeamA');
insert into gridironthrows(eventId,playerThrowing,playerReceiving,yard,result) values ('b4867135-90d1-4c1c-9252-e6e8fafc2090','Ben','Beckham','-10','non-scoring');
insert into gridirongameevents(id,gameId,playType,period,teamFor,teamAgainst) values ('42b62e6a-9660-444f-a882-808729b1c074','dde41514-e573-42ba-86de-32d48a4bdda8','safety',4,'TeamB','TeamA');
insert into gridirongameevents(id,gameId,playType,period,teamFor,teamAgainst) values ('0de48493-e2c4-4852-ae9a-c63489d60d9b','dde41514-e573-42ba-86de-32d48a4bdda8','throw',4,'TeamA','TeamB');
insert into gridironthrows(eventId,playerThrowing,playerReceiving,yard,result) values ('0de48493-e2c4-4852-ae9a-c63489d60d9b','Abby','Alain','20','non-scoring');
insert into gridirongameevents(id,gameId,playType,period,teamFor,teamAgainst) values ('aa77eddb-bf26-4310-bc04-f91b8db9107d','dde41514-e573-42ba-86de-32d48a4bdda8','kick',4,'TeamB','TeamA');
insert into gridironkicks(eventId,player,yard,result) values ('aa77eddb-bf26-4310-bc04-f91b8db9107d','Beckham',114,'extra-kick');
insert into gridirongameevents(id,gameId,playType,period,teamFor,teamAgainst) values ('2724be58-f166-4190-b869-aff4f774605a','dde41514-e573-42ba-86de-32d48a4bdda8','rush',4,'TeamB','TeamA');
insert into gridironrushes(eventId,player,yard,result) values ('2724be58-f166-4190-b869-aff4f774605a','Beckham',35,'touchdown');
insert into gridirongameevents(id,gameId,playType,period,teamFor,teamAgainst) values ('d585ba1c-e4f8-4ba8-b8bf-9df9e1d869e9','dde41514-e573-42ba-86de-32d48a4bdda8','timeout',4,'TeamA','TeamB');
insert into gridirongameevents(id,gameId,playType,period,teamFor,teamAgainst) values ('a13c9e7e-abc9-42d2-8d86-ea175260a9db','dde41514-e573-42ba-86de-32d48a4bdda8','rush',4,'TeamA','TeamB');
insert into gridironrushes(eventId,player,yard,result) values ('a13c9e7e-abc9-42d2-8d86-ea175260a9db','Alain',40,'touchdown');
insert into gridirongameevents(id,gameId,playType,period,teamFor,teamAgainst) values ('3da47eab-3f57-4e47-b0ff-d446439f8a56','dde41514-e573-42ba-86de-32d48a4bdda8','flag',4,'TeamB','TeamA');
insert into gridirongameevents(id,gameId,playType,period,teamFor,teamAgainst) values ('f81f33dc-aba8-4a4d-a702-74b2a5f4475f','dde41514-e573-42ba-86de-32d48a4bdda8','flag',4,'TeamB','TeamA');
insert into gridirongameevents(id,gameId,playType,period,teamFor,teamAgainst) values ('004a6850-810f-4668-9641-2ad06e2249fd','dde41514-e573-42ba-86de-32d48a4bdda8','flag',4,'TeamA','TeamB');
insert into gridirongameevents(id,gameId,playType,period,teamFor,teamAgainst) values ('db45c07d-ebf1-4898-81b6-e57aa04fed2c','dde41514-e573-42ba-86de-32d48a4bdda8','rush',4,'TeamA','TeamB');
insert into gridironrushes(eventId,player,yard,result) values ('db45c07d-ebf1-4898-81b6-e57aa04fed2c','Abby',27,'touchdown');
insert into gridirongameevents(id,gameId,playType,period,teamFor,teamAgainst) values ('d7ece74b-410d-42bb-81e8-15e4bfd1694c','dde41514-e573-42ba-86de-32d48a4bdda8','rush',4,'TeamB','TeamA');
insert into gridironrushes(eventId,player,yard,result) values ('d7ece74b-410d-42bb-81e8-15e4bfd1694c','Beckham',84,'touchdown');
insert into gridirongameevents(id,gameId,playType,period,teamFor,teamAgainst) values ('24557599-72ae-4c52-8893-4e09d8981d91','dde41514-e573-42ba-86de-32d48a4bdda8','kick',4,'TeamB','TeamA');
insert into gridironkicks(eventId,player,yard,result) values ('24557599-72ae-4c52-8893-4e09d8981d91','Banin',20,'extra-kick');
insert into gridirongameevents(id,gameId,playType,period,teamFor,teamAgainst) values ('4491ac11-f8ae-46ce-aa26-420b2dbaeb14','dde41514-e573-42ba-86de-32d48a4bdda8','flag',4,'TeamB','TeamA');
insert into gridirongameevents(id,gameId,playType,period,teamFor,teamAgainst) values ('77029073-89b4-497d-9b1e-14623ebd8564','dde41514-e573-42ba-86de-32d48a4bdda8','rush',4,'TeamB','TeamA');
insert into gridironrushes(eventId,player,yard,result) values ('77029073-89b4-497d-9b1e-14623ebd8564','Barry',52,'non-scoring');
insert into gridirongameevents(id,gameId,playType,period,teamFor,teamAgainst) values ('52b251f8-b0ad-4797-9b0f-77284c748da8','dde41514-e573-42ba-86de-32d48a4bdda8','timeout',4,'TeamB','TeamA');
insert into gridirongameevents(id,gameId,playType,period,teamFor,teamAgainst) values ('670cb1f6-90cd-4fea-8f59-f08b8bf292c5','dde41514-e573-42ba-86de-32d48a4bdda8','kick',4,'TeamB','TeamA');
insert into gridironkicks(eventId,player,yard,result) values ('670cb1f6-90cd-4fea-8f59-f08b8bf292c5','Banin',60,'field-goal');
insert into gridirongameevents(id,gameId,playType,period,teamFor,teamAgainst) values ('c0f63a53-f05a-47ce-8a79-a08c2ab1c1af','dde41514-e573-42ba-86de-32d48a4bdda8','kick',4,'TeamA','TeamB');
insert into gridironkicks(eventId,player,yard,result) values ('c0f63a53-f05a-47ce-8a79-a08c2ab1c1af','Abby',81,'miss');
insert into gridirongameevents(id,gameId,playType,period,teamFor,teamAgainst) values ('1a52c80c-a1e7-41eb-81b0-d465d6c92a5f','dde41514-e573-42ba-86de-32d48a4bdda8','flag',4,'TeamA','TeamB');
insert into gridirongameevents(id,gameId,playType,period,teamFor,teamAgainst) values ('a4c56076-6d1c-4aa3-ad46-b8ac8a9d9a10','dde41514-e573-42ba-86de-32d48a4bdda8','safety',4,'TeamA','TeamB');
insert into gridirongameevents(id,gameId,playType,period,teamFor,teamAgainst) values ('d580ec13-102c-4339-a8d6-bc5ca3d70b65','dde41514-e573-42ba-86de-32d48a4bdda8','rush',4,'TeamA','TeamB');
insert into gridironrushes(eventId,player,yard,result) values ('d580ec13-102c-4339-a8d6-bc5ca3d70b65','Abby',65,'non-scoring');
insert into gridirongameevents(id,gameId,playType,period,teamFor,teamAgainst) values ('8b9b8525-69de-4a47-af54-54d5ee5581de','dde41514-e573-42ba-86de-32d48a4bdda8','turnover',4,'TeamA','TeamB');
insert into gridirongameevents(id,gameId,playType,period,teamFor,teamAgainst) values ('e98cb532-17e8-42eb-94b0-25e25fa7205a','dde41514-e573-42ba-86de-32d48a4bdda8','safety',4,'TeamB','TeamA');
insert into gridirongameevents(id,gameId,playType,period,teamFor,teamAgainst) values ('dd08b0b5-05b2-4335-be04-6a49ca1070f1','dde41514-e573-42ba-86de-32d48a4bdda8','throw',4,'TeamB','TeamA');
insert into gridironthrows(eventId,playerThrowing,playerReceiving,yard,result) values ('dd08b0b5-05b2-4335-be04-6a49ca1070f1','Barry','Ben','23','2pt');
insert into gridirongameevents(id,gameId,playType,period,teamFor,teamAgainst) values ('0d2092ff-9abb-4714-9109-aa8064cb7c9b','dde41514-e573-42ba-86de-32d48a4bdda8','rush',4,'TeamA','TeamB');
insert into gridironrushes(eventId,player,yard,result) values ('0d2092ff-9abb-4714-9109-aa8064cb7c9b','Alice',8,'non-scoring');
insert into gridirongameevents(id,gameId,playType,period,teamFor,teamAgainst) values ('ee4f9319-a0e1-4af5-9be1-aae236f094d2','dde41514-e573-42ba-86de-32d48a4bdda8','safety',4,'TeamB','TeamA');
insert into gridirongameevents(id,gameId,playType,period,teamFor,teamAgainst) values ('5049ee6e-9268-4922-84ae-cbe018dd04a4','dde41514-e573-42ba-86de-32d48a4bdda8','safety',4,'TeamA','TeamB');
insert into gridirongameevents(id,gameId,playType,period,teamFor,teamAgainst) values ('7b8b8e37-2ede-4820-8770-e1c016b20ab0','dde41514-e573-42ba-86de-32d48a4bdda8','timeout',4,'TeamA','TeamB');
insert into gridirongameevents(id,gameId,playType,period,teamFor,teamAgainst) values ('c10961c0-d51c-4491-8bb2-186e39264e60','dde41514-e573-42ba-86de-32d48a4bdda8','safety',4,'TeamA','TeamB');
insert into gridirongameevents(id,gameId,playType,period,teamFor,teamAgainst) values ('5cb374a1-287b-41f8-afed-16f0f2e2f0f9','dde41514-e573-42ba-86de-32d48a4bdda8','flag',4,'TeamA','TeamB');
insert into gridirongameevents(id,gameId,playType,period,teamFor,teamAgainst) values ('2ef58171-a89b-4e5e-be6b-0e545d275bed','dde41514-e573-42ba-86de-32d48a4bdda8','throw',4,'TeamB','TeamA');
insert into gridironthrows(eventId,playerThrowing,playerReceiving,yard,result) values ('2ef58171-a89b-4e5e-be6b-0e545d275bed','Bonnie','Beckham','40','2pt');
insert into gridirongameevents(id,gameId,playType,period,teamFor,teamAgainst) values ('d62794a1-7e3e-4e11-9219-964aed833123','dde41514-e573-42ba-86de-32d48a4bdda8','turnover',4,'TeamA','TeamB');
insert into gridirongameevents(id,gameId,playType,period,teamFor,teamAgainst) values ('9aab4af7-bc56-4cb8-a9dc-459f092344bd','dde41514-e573-42ba-86de-32d48a4bdda8','kick',4,'TeamB','TeamA');
insert into gridironkicks(eventId,player,yard,result) values ('9aab4af7-bc56-4cb8-a9dc-459f092344bd','Barry',24,'field-goal');
insert into gridirongameevents(id,gameId,playType,period,teamFor,teamAgainst) values ('531a12e2-a7cd-416b-a2bd-e3ea18f6eed8','dde41514-e573-42ba-86de-32d48a4bdda8','timeout',4,'TeamB','TeamA');
insert into gridirongameevents(id,gameId,playType,period,teamFor,teamAgainst) values ('a4594a9a-66a0-45b9-b709-faae8d7fdd1a','dde41514-e573-42ba-86de-32d48a4bdda8','rush',4,'TeamA','TeamB');
insert into gridironrushes(eventId,player,yard,result) values ('a4594a9a-66a0-45b9-b709-faae8d7fdd1a','Alain',3,'2pt');
insert into gridirongameevents(id,gameId,playType,period,teamFor,teamAgainst) values ('24d0c81e-1d08-408e-9e55-b64b9c99edc4','dde41514-e573-42ba-86de-32d48a4bdda8','rush',4,'TeamB','TeamA');
insert into gridironrushes(eventId,player,yard,result) values ('24d0c81e-1d08-408e-9e55-b64b9c99edc4','Barry',27,'non-scoring');
insert into gridirongameevents(id,gameId,playType,period,teamFor,teamAgainst) values ('bf73fbeb-b050-4a1e-a118-0b4ebb9d195c','dde41514-e573-42ba-86de-32d48a4bdda8','rush',4,'TeamA','TeamB');
insert into gridironrushes(eventId,player,yard,result) values ('bf73fbeb-b050-4a1e-a118-0b4ebb9d195c','Alice',90,'touchdown');
insert into gridirongameevents(id,gameId,playType,period,teamFor,teamAgainst) values ('e9868fa5-52c1-4439-838c-23edfad70378','dde41514-e573-42ba-86de-32d48a4bdda8','flag',4,'TeamA','TeamB');
insert into gridirongameevents(id,gameId,playType,period,teamFor,teamAgainst) values ('340b70c2-8426-4f5f-acd2-0b63ad1d766b','dde41514-e573-42ba-86de-32d48a4bdda8','timeout',4,'TeamB','TeamA');
insert into gridirongameevents(id,gameId,playType,period,teamFor,teamAgainst) values ('1ac5cb6d-bf3f-49a4-8171-c711427d6da9','dde41514-e573-42ba-86de-32d48a4bdda8','turnover',4,'TeamA','TeamB');
insert into gridirongameevents(id,gameId,playType,period,teamFor,teamAgainst) values ('0dc8c425-62d7-491e-a554-3b63788c63e2','dde41514-e573-42ba-86de-32d48a4bdda8','kick',4,'TeamA','TeamB');
insert into gridironkicks(eventId,player,yard,result) values ('0dc8c425-62d7-491e-a554-3b63788c63e2','Adam',116,'extra-kick');
insert into gridirongameevents(id,gameId,playType,period,teamFor,teamAgainst) values ('2679ae54-fdac-4049-9b7f-c4ff8e9978cc','dde41514-e573-42ba-86de-32d48a4bdda8','timeout',4,'TeamA','TeamB');
insert into gridirongameevents(id,gameId,playType,period,teamFor,teamAgainst) values ('b8a4b878-9c75-4fed-a63b-ac7d05319cc8','dde41514-e573-42ba-86de-32d48a4bdda8','kick',4,'TeamA','TeamB');
insert into gridironkicks(eventId,player,yard,result) values ('b8a4b878-9c75-4fed-a63b-ac7d05319cc8','Abby',24,'miss');
insert into gridirongameevents(id,gameId,playType,period,teamFor,teamAgainst) values ('893bed4e-9149-4f36-a001-c059ad83bd00','dde41514-e573-42ba-86de-32d48a4bdda8','turnover',4,'TeamA','TeamB');
insert into gridirongameevents(id,gameId,playType,period,teamFor,teamAgainst) values ('a20d0001-43c8-4cf1-a0cf-18ff73069ca4','dde41514-e573-42ba-86de-32d48a4bdda8','safety',4,'TeamA','TeamB');
insert into gridirongameevents(id,gameId,playType,period,teamFor,teamAgainst) values ('0e0794e3-8ccc-47a6-a3ae-9678696b0bbc','dde41514-e573-42ba-86de-32d48a4bdda8','throw',4,'TeamB','TeamA');
insert into gridironthrows(eventId,playerThrowing,playerReceiving,yard,result) values ('0e0794e3-8ccc-47a6-a3ae-9678696b0bbc','Barry','Ben','53','miss');
insert into gridirongameevents(id,gameId,playType,period,teamFor,teamAgainst) values ('8d6259b4-d9aa-4d6a-8a77-095a19e727ab','dde41514-e573-42ba-86de-32d48a4bdda8','timeout',4,'TeamA','TeamB');
insert into gridirongameevents(id,gameId,playType,period,teamFor,teamAgainst) values ('ce0df34a-158a-46c1-9421-1f0c7e18d851','dde41514-e573-42ba-86de-32d48a4bdda8','safety',4,'TeamA','TeamB');
insert into gridirongameevents(id,gameId,playType,period,teamFor,teamAgainst) values ('c3b2a71a-68de-4f27-90d9-c0662ed9f67a','dde41514-e573-42ba-86de-32d48a4bdda8','safety',4,'TeamB','TeamA');
insert into gridirongameevents(id,gameId,playType,period,teamFor,teamAgainst) values ('5b2ec4d4-ee1e-442d-9757-036a7c00f533','dde41514-e573-42ba-86de-32d48a4bdda8','safety',4,'TeamB','TeamA');
insert into gridirongameevents(id,gameId,playType,period,teamFor,teamAgainst) values ('e3340844-0bb7-4262-b5c2-bf30cbd1db59','dde41514-e573-42ba-86de-32d48a4bdda8','throw',4,'TeamA','TeamB');
insert into gridironthrows(eventId,playerThrowing,playerReceiving,yard,result) values ('e3340844-0bb7-4262-b5c2-bf30cbd1db59','Alice','Abdul','12','touchdown');
insert into gridirongameevents(id,gameId,playType,period,teamFor,teamAgainst) values ('f004ce9d-78f8-4a40-aa1d-9e046e314605','dde41514-e573-42ba-86de-32d48a4bdda8','timeout',4,'TeamB','TeamA');
insert into gridirongameevents(id,gameId,playType,period,teamFor,teamAgainst) values ('eb0e0a04-3038-43b6-8544-435487910530','dde41514-e573-42ba-86de-32d48a4bdda8','turnover',4,'TeamB','TeamA');
insert into gridirongameevents(id,gameId,playType,period,teamFor,teamAgainst) values ('e8395d5f-a116-460b-b646-3d8a73f82a6e','dde41514-e573-42ba-86de-32d48a4bdda8','safety',4,'TeamA','TeamB');
insert into gridirongameevents(id,gameId,playType,period,teamFor,teamAgainst) values ('c52fa317-8431-4402-9b38-985f0f4c0f23','dde41514-e573-42ba-86de-32d48a4bdda8','kick',4,'TeamB','TeamA');
insert into gridironkicks(eventId,player,yard,result) values ('c52fa317-8431-4402-9b38-985f0f4c0f23','Beckham',88,'miss');
insert into gridirongameevents(id,gameId,playType,period,teamFor,teamAgainst) values ('780ea95c-1245-47ca-9a5f-8f3d489c87da','dde41514-e573-42ba-86de-32d48a4bdda8','flag',4,'TeamA','TeamB');
insert into gridirongameevents(id,gameId,playType,period,teamFor,teamAgainst) values ('9411bd0b-360a-449a-8485-44df9259b935','dde41514-e573-42ba-86de-32d48a4bdda8','rush',4,'TeamB','TeamA');
insert into gridironrushes(eventId,player,yard,result) values ('9411bd0b-360a-449a-8485-44df9259b935','Beckham',18,'touchdown');
insert into gridirongameevents(id,gameId,playType,period,teamFor,teamAgainst) values ('462730ce-212d-4943-a7f5-a7b2eac4b131','dde41514-e573-42ba-86de-32d48a4bdda8','flag',4,'TeamB','TeamA');
insert into gridirongames(id,leagueId,home,away,starttime) values ('5291e163-d9b3-45d1-9320-525f258f258d','ea4bc412-c6e3-40e9-9753-275730216d50','TeamC','TeamD','2023-02-23T22:42:43+00:00');
insert into gridirongameevents(id,gameId,playType,period,teamFor,teamAgainst) values ('2d5ac490-a6d4-4b3e-a5bb-677e7777c5e5','5291e163-d9b3-45d1-9320-525f258f258d','kick',1,'TeamD','TeamC');
insert into gridironkicks(eventId,player,yard,result) values ('2d5ac490-a6d4-4b3e-a5bb-677e7777c5e5','Dapper',74,'field-goal');
insert into gridirongameevents(id,gameId,playType,period,teamFor,teamAgainst) values ('82208873-7768-4abd-b54e-694822ab06f9','5291e163-d9b3-45d1-9320-525f258f258d','throw',1,'TeamC','TeamD');
insert into gridironthrows(eventId,playerThrowing,playerReceiving,yard,result) values ('82208873-7768-4abd-b54e-694822ab06f9','Cameron','Cody','67','touchdown');
insert into gridirongameevents(id,gameId,playType,period,teamFor,teamAgainst) values ('b9173baf-63d2-47b8-a314-ba9d24fbf5ab','5291e163-d9b3-45d1-9320-525f258f258d','safety',1,'TeamC','TeamD');
insert into gridirongameevents(id,gameId,playType,period,teamFor,teamAgainst) values ('affb3095-b4dd-4cb6-a1ce-296d248d014c','5291e163-d9b3-45d1-9320-525f258f258d','safety',1,'TeamD','TeamC');
insert into gridirongameevents(id,gameId,playType,period,teamFor,teamAgainst) values ('183ccc22-a2b3-49e2-ae9f-4a11c9dc4413','5291e163-d9b3-45d1-9320-525f258f258d','throw',1,'TeamD','TeamC');
insert into gridironthrows(eventId,playerThrowing,playerReceiving,yard,result) values ('183ccc22-a2b3-49e2-ae9f-4a11c9dc4413','Denver','Doppler','-4','non-scoring');
insert into gridirongameevents(id,gameId,playType,period,teamFor,teamAgainst) values ('0b8882f9-0de8-49e7-aea9-f15523482127','5291e163-d9b3-45d1-9320-525f258f258d','timeout',1,'TeamC','TeamD');
insert into gridirongameevents(id,gameId,playType,period,teamFor,teamAgainst) values ('2ff6368b-e034-4940-891b-1633e9882554','5291e163-d9b3-45d1-9320-525f258f258d','rush',1,'TeamD','TeamC');
insert into gridironrushes(eventId,player,yard,result) values ('2ff6368b-e034-4940-891b-1633e9882554','Doppler',57,'non-scoring');
insert into gridirongameevents(id,gameId,playType,period,teamFor,teamAgainst) values ('88af0bdc-b057-420c-81e7-00c1efb245e3','5291e163-d9b3-45d1-9320-525f258f258d','safety',1,'TeamC','TeamD');
insert into gridirongameevents(id,gameId,playType,period,teamFor,teamAgainst) values ('bed5f6fd-ded1-4d53-a22e-9da2ca14d150','5291e163-d9b3-45d1-9320-525f258f258d','timeout',1,'TeamC','TeamD');
insert into gridirongameevents(id,gameId,playType,period,teamFor,teamAgainst) values ('5cd2da26-db6f-49d0-aacc-98bad6e3a552','5291e163-d9b3-45d1-9320-525f258f258d','flag',1,'TeamD','TeamC');
insert into gridirongameevents(id,gameId,playType,period,teamFor,teamAgainst) values ('14766dc1-ee8c-434f-8fc2-d8c725aa7408','5291e163-d9b3-45d1-9320-525f258f258d','safety',1,'TeamD','TeamC');
insert into gridirongameevents(id,gameId,playType,period,teamFor,teamAgainst) values ('8a55901b-1833-49e0-ace5-4c6cc9dc3a6e','5291e163-d9b3-45d1-9320-525f258f258d','timeout',1,'TeamD','TeamC');
insert into gridirongameevents(id,gameId,playType,period,teamFor,teamAgainst) values ('a48f9319-9054-473a-9485-85c532cb5843','5291e163-d9b3-45d1-9320-525f258f258d','timeout',1,'TeamC','TeamD');
insert into gridirongameevents(id,gameId,playType,period,teamFor,teamAgainst) values ('11f3d032-ed0d-45a9-a096-a08f52eb8d80','5291e163-d9b3-45d1-9320-525f258f258d','flag',1,'TeamD','TeamC');
insert into gridirongameevents(id,gameId,playType,period,teamFor,teamAgainst) values ('08be879a-9c7e-4736-86a8-21ee66102e27','5291e163-d9b3-45d1-9320-525f258f258d','kick',1,'TeamC','TeamD');
insert into gridironkicks(eventId,player,yard,result) values ('08be879a-9c7e-4736-86a8-21ee66102e27','Camel',79,'miss');
insert into gridirongameevents(id,gameId,playType,period,teamFor,teamAgainst) values ('f001a91d-2c3e-4ce5-80f6-b5a1a84fbfcb','5291e163-d9b3-45d1-9320-525f258f258d','rush',1,'TeamD','TeamC');
insert into gridironrushes(eventId,player,yard,result) values ('f001a91d-2c3e-4ce5-80f6-b5a1a84fbfcb','Dapper',53,'2pt');
insert into gridirongameevents(id,gameId,playType,period,teamFor,teamAgainst) values ('c54f00ac-d0fc-4cb2-91bb-ce105878c870','5291e163-d9b3-45d1-9320-525f258f258d','throw',1,'TeamC','TeamD');
insert into gridironthrows(eventId,playerThrowing,playerReceiving,yard,result) values ('c54f00ac-d0fc-4cb2-91bb-ce105878c870','Cauchy','Camel','55','touchdown');
insert into gridirongameevents(id,gameId,playType,period,teamFor,teamAgainst) values ('b2ebee6c-deb1-46c1-8f9d-bca97067a0da','5291e163-d9b3-45d1-9320-525f258f258d','rush',1,'TeamC','TeamD');
insert into gridironrushes(eventId,player,yard,result) values ('b2ebee6c-deb1-46c1-8f9d-bca97067a0da','Camel',107,'non-scoring');
insert into gridirongameevents(id,gameId,playType,period,teamFor,teamAgainst) values ('18f9b770-69c2-444b-8238-9fad6e9666c4','5291e163-d9b3-45d1-9320-525f258f258d','turnover',1,'TeamD','TeamC');
insert into gridirongameevents(id,gameId,playType,period,teamFor,teamAgainst) values ('2545360f-bb9a-4d30-a769-7ddf68e2f2de','5291e163-d9b3-45d1-9320-525f258f258d','rush',1,'TeamD','TeamC');
insert into gridironrushes(eventId,player,yard,result) values ('2545360f-bb9a-4d30-a769-7ddf68e2f2de','Dapper',111,'touchdown');
insert into gridirongameevents(id,gameId,playType,period,teamFor,teamAgainst) values ('23bcea56-d63f-40c4-826f-cc8e5bcdf747','5291e163-d9b3-45d1-9320-525f258f258d','flag',1,'TeamC','TeamD');
insert into gridirongameevents(id,gameId,playType,period,teamFor,teamAgainst) values ('448bb46c-87ae-4084-bcef-3396a637dc35','5291e163-d9b3-45d1-9320-525f258f258d','throw',1,'TeamC','TeamD');
insert into gridironthrows(eventId,playerThrowing,playerReceiving,yard,result) values ('448bb46c-87ae-4084-bcef-3396a637dc35','Cauchy','Caleb','89','non-scoring');
insert into gridirongameevents(id,gameId,playType,period,teamFor,teamAgainst) values ('5e4e0ead-a7c5-43a3-a850-2c18819095d9','5291e163-d9b3-45d1-9320-525f258f258d','flag',1,'TeamC','TeamD');
insert into gridirongameevents(id,gameId,playType,period,teamFor,teamAgainst) values ('ee512793-cfce-4113-a7c2-d384734f5670','5291e163-d9b3-45d1-9320-525f258f258d','kick',1,'TeamD','TeamC');
insert into gridironkicks(eventId,player,yard,result) values ('ee512793-cfce-4113-a7c2-d384734f5670','Doppler',74,'miss');
insert into gridirongameevents(id,gameId,playType,period,teamFor,teamAgainst) values ('4a64a9c7-e1f9-4b9b-9715-12f88e861899','5291e163-d9b3-45d1-9320-525f258f258d','rush',1,'TeamD','TeamC');
insert into gridironrushes(eventId,player,yard,result) values ('4a64a9c7-e1f9-4b9b-9715-12f88e861899','Dapper',56,'non-scoring');
insert into gridirongameevents(id,gameId,playType,period,teamFor,teamAgainst) values ('23ad95bf-92b0-4f4e-aff1-abe298493e97','5291e163-d9b3-45d1-9320-525f258f258d','kick',1,'TeamD','TeamC');
insert into gridironkicks(eventId,player,yard,result) values ('23ad95bf-92b0-4f4e-aff1-abe298493e97','Dickson',8,'field-goal');
insert into gridirongameevents(id,gameId,playType,period,teamFor,teamAgainst) values ('1aa7c843-c866-4ba2-a168-08e8df6cba8e','5291e163-d9b3-45d1-9320-525f258f258d','safety',1,'TeamC','TeamD');
insert into gridirongameevents(id,gameId,playType,period,teamFor,teamAgainst) values ('040cd7c6-3810-427b-bc7a-ebd1eba99533','5291e163-d9b3-45d1-9320-525f258f258d','rush',1,'TeamC','TeamD');
insert into gridironrushes(eventId,player,yard,result) values ('040cd7c6-3810-427b-bc7a-ebd1eba99533','Cameron',38,'non-scoring');
insert into gridirongameevents(id,gameId,playType,period,teamFor,teamAgainst) values ('85ddc427-64aa-4142-b90c-2c0800dc4209','5291e163-d9b3-45d1-9320-525f258f258d','turnover',1,'TeamC','TeamD');
insert into gridirongameevents(id,gameId,playType,period,teamFor,teamAgainst) values ('ac9699bd-1a5f-4035-bb80-5796cc5ef831','5291e163-d9b3-45d1-9320-525f258f258d','turnover',1,'TeamD','TeamC');
insert into gridirongameevents(id,gameId,playType,period,teamFor,teamAgainst) values ('f211ff15-1074-4a1b-a76b-73d0bf8be375','5291e163-d9b3-45d1-9320-525f258f258d','timeout',1,'TeamC','TeamD');
insert into gridirongameevents(id,gameId,playType,period,teamFor,teamAgainst) values ('b2a653fd-82a5-440c-bc9c-3b5cab43a515','5291e163-d9b3-45d1-9320-525f258f258d','turnover',1,'TeamC','TeamD');
insert into gridirongameevents(id,gameId,playType,period,teamFor,teamAgainst) values ('98b51e2c-ec25-4233-b5e0-ae1ff25855d3','5291e163-d9b3-45d1-9320-525f258f258d','flag',1,'TeamD','TeamC');
insert into gridirongameevents(id,gameId,playType,period,teamFor,teamAgainst) values ('f9f72efc-c431-4181-affb-c737668e3d86','5291e163-d9b3-45d1-9320-525f258f258d','throw',1,'TeamD','TeamC');
insert into gridironthrows(eventId,playerThrowing,playerReceiving,yard,result) values ('f9f72efc-c431-4181-affb-c737668e3d86','Daniel','Dickson','15','non-scoring');
insert into gridirongameevents(id,gameId,playType,period,teamFor,teamAgainst) values ('243ad0ed-ba64-43cd-bc4d-9e3dc9921f47','5291e163-d9b3-45d1-9320-525f258f258d','throw',1,'TeamD','TeamC');
insert into gridironthrows(eventId,playerThrowing,playerReceiving,yard,result) values ('243ad0ed-ba64-43cd-bc4d-9e3dc9921f47','Dapper','Daniel','87','2pt');
insert into gridirongameevents(id,gameId,playType,period,teamFor,teamAgainst) values ('faeaf4fa-3221-4d0d-b2b6-de6eaae12511','5291e163-d9b3-45d1-9320-525f258f258d','turnover',1,'TeamD','TeamC');
insert into gridirongameevents(id,gameId,playType,period,teamFor,teamAgainst) values ('5e63be94-2ef9-4556-aaef-7a9b099dbbde','5291e163-d9b3-45d1-9320-525f258f258d','kick',1,'TeamD','TeamC');
insert into gridironkicks(eventId,player,yard,result) values ('5e63be94-2ef9-4556-aaef-7a9b099dbbde','Dapper',3,'field-goal');
insert into gridirongameevents(id,gameId,playType,period,teamFor,teamAgainst) values ('ec6a0ab9-f783-4327-bb6e-5a4188398e5d','5291e163-d9b3-45d1-9320-525f258f258d','throw',1,'TeamC','TeamD');
insert into gridironthrows(eventId,playerThrowing,playerReceiving,yard,result) values ('ec6a0ab9-f783-4327-bb6e-5a4188398e5d','Cauchy','Cameron','73','non-scoring');
insert into gridirongameevents(id,gameId,playType,period,teamFor,teamAgainst) values ('8337894f-f1f0-407a-bca5-8477ed30da18','5291e163-d9b3-45d1-9320-525f258f258d','kick',1,'TeamD','TeamC');
insert into gridironkicks(eventId,player,yard,result) values ('8337894f-f1f0-407a-bca5-8477ed30da18','Dickson',116,'miss');
insert into gridirongameevents(id,gameId,playType,period,teamFor,teamAgainst) values ('1a379fea-780c-4197-b16c-fda1e535998d','5291e163-d9b3-45d1-9320-525f258f258d','timeout',1,'TeamC','TeamD');
insert into gridirongameevents(id,gameId,playType,period,teamFor,teamAgainst) values ('c4337e3b-1a22-4b7b-9200-107509504810','5291e163-d9b3-45d1-9320-525f258f258d','turnover',1,'TeamD','TeamC');
insert into gridirongameevents(id,gameId,playType,period,teamFor,teamAgainst) values ('456210ef-8219-4800-b08e-ca042b9641d7','5291e163-d9b3-45d1-9320-525f258f258d','throw',1,'TeamD','TeamC');
insert into gridironthrows(eventId,playerThrowing,playerReceiving,yard,result) values ('456210ef-8219-4800-b08e-ca042b9641d7','Doppler','Dapper','-7','miss');
insert into gridirongameevents(id,gameId,playType,period,teamFor,teamAgainst) values ('03f2934f-5141-472c-9d0e-761b0d124672','5291e163-d9b3-45d1-9320-525f258f258d','rush',1,'TeamC','TeamD');
insert into gridironrushes(eventId,player,yard,result) values ('03f2934f-5141-472c-9d0e-761b0d124672','Cody',8,'2pt');
insert into gridirongameevents(id,gameId,playType,period,teamFor,teamAgainst) values ('666ee817-ba14-4547-902d-ed4ae78c5e05','5291e163-d9b3-45d1-9320-525f258f258d','rush',1,'TeamD','TeamC');
insert into gridironrushes(eventId,player,yard,result) values ('666ee817-ba14-4547-902d-ed4ae78c5e05','Doppler',2,'non-scoring');
insert into gridirongameevents(id,gameId,playType,period,teamFor,teamAgainst) values ('190304fd-23d5-4a11-bfdc-a2421653dfe4','5291e163-d9b3-45d1-9320-525f258f258d','kick',1,'TeamD','TeamC');
insert into gridironkicks(eventId,player,yard,result) values ('190304fd-23d5-4a11-bfdc-a2421653dfe4','Doppler',83,'field-goal');
insert into gridirongameevents(id,gameId,playType,period,teamFor,teamAgainst) values ('5ec022d1-4187-481f-b253-e45ec6d35082','5291e163-d9b3-45d1-9320-525f258f258d','rush',1,'TeamC','TeamD');
insert into gridironrushes(eventId,player,yard,result) values ('5ec022d1-4187-481f-b253-e45ec6d35082','Caleb',75,'2pt');
insert into gridirongameevents(id,gameId,playType,period,teamFor,teamAgainst) values ('305ee9a1-19c8-47b3-acc4-e3bc9bdd6ce8','5291e163-d9b3-45d1-9320-525f258f258d','flag',1,'TeamD','TeamC');
insert into gridirongameevents(id,gameId,playType,period,teamFor,teamAgainst) values ('43b294d8-9374-4365-aba5-1079dc80a4eb','5291e163-d9b3-45d1-9320-525f258f258d','safety',1,'TeamC','TeamD');
insert into gridirongameevents(id,gameId,playType,period,teamFor,teamAgainst) values ('2660891d-1c4f-4951-b1e9-06840081e9ec','5291e163-d9b3-45d1-9320-525f258f258d','rush',1,'TeamD','TeamC');
insert into gridironrushes(eventId,player,yard,result) values ('2660891d-1c4f-4951-b1e9-06840081e9ec','Dapper',102,'touchdown');
insert into gridirongameevents(id,gameId,playType,period,teamFor,teamAgainst) values ('2b29e486-07eb-4c59-87d7-7ed8f0d9b416','5291e163-d9b3-45d1-9320-525f258f258d','safety',1,'TeamC','TeamD');
insert into gridirongameevents(id,gameId,playType,period,teamFor,teamAgainst) values ('09693364-6c11-4512-9e46-2dba33aadf80','5291e163-d9b3-45d1-9320-525f258f258d','flag',1,'TeamC','TeamD');
insert into gridirongameevents(id,gameId,playType,period,teamFor,teamAgainst) values ('8f88e74f-091f-4a86-8055-390553f1a926','5291e163-d9b3-45d1-9320-525f258f258d','flag',1,'TeamC','TeamD');
insert into gridirongameevents(id,gameId,playType,period,teamFor,teamAgainst) values ('8210bc98-0571-4a9a-9063-f54ed3d26e9c','5291e163-d9b3-45d1-9320-525f258f258d','timeout',1,'TeamC','TeamD');
insert into gridirongameevents(id,gameId,playType,period,teamFor,teamAgainst) values ('d7c1e0b3-8696-4615-9d71-2ec44f45a316','5291e163-d9b3-45d1-9320-525f258f258d','throw',1,'TeamD','TeamC');
insert into gridironthrows(eventId,playerThrowing,playerReceiving,yard,result) values ('d7c1e0b3-8696-4615-9d71-2ec44f45a316','Doppler','Dickson','83','touchdown');
insert into gridirongameevents(id,gameId,playType,period,teamFor,teamAgainst) values ('8e0b3cd1-4ea5-4d2c-98ed-bb300175e88a','5291e163-d9b3-45d1-9320-525f258f258d','timeout',1,'TeamD','TeamC');
insert into gridirongameevents(id,gameId,playType,period,teamFor,teamAgainst) values ('51f36b83-00ad-479d-8dfa-551b375f0bd4','5291e163-d9b3-45d1-9320-525f258f258d','timeout',1,'TeamD','TeamC');
insert into gridirongameevents(id,gameId,playType,period,teamFor,teamAgainst) values ('7c43a1c2-20f7-4422-a961-e89b0feab162','5291e163-d9b3-45d1-9320-525f258f258d','rush',1,'TeamD','TeamC');
insert into gridironrushes(eventId,player,yard,result) values ('7c43a1c2-20f7-4422-a961-e89b0feab162','Daniel',0,'non-scoring');
insert into gridirongameevents(id,gameId,playType,period,teamFor,teamAgainst) values ('883f48db-94c4-43d9-b6b9-10525ce5e0ba','5291e163-d9b3-45d1-9320-525f258f258d','turnover',1,'TeamC','TeamD');
insert into gridirongameevents(id,gameId,playType,period,teamFor,teamAgainst) values ('11893360-a054-4a00-84ad-760f1df5876c','5291e163-d9b3-45d1-9320-525f258f258d','timeout',1,'TeamC','TeamD');
insert into gridirongameevents(id,gameId,playType,period,teamFor,teamAgainst) values ('61d94489-486c-478c-a2df-fc6e1913c494','5291e163-d9b3-45d1-9320-525f258f258d','throw',1,'TeamD','TeamC');
insert into gridironthrows(eventId,playerThrowing,playerReceiving,yard,result) values ('61d94489-486c-478c-a2df-fc6e1913c494','Denver','Dickson','106','non-scoring');
insert into gridirongameevents(id,gameId,playType,period,teamFor,teamAgainst) values ('937e5d0e-643e-4bb7-bbd7-91910a17fa33','5291e163-d9b3-45d1-9320-525f258f258d','safety',1,'TeamC','TeamD');
insert into gridirongameevents(id,gameId,playType,period,teamFor,teamAgainst) values ('bde78316-5cff-4b33-b04b-afb2e83e1944','5291e163-d9b3-45d1-9320-525f258f258d','safety',1,'TeamC','TeamD');
insert into gridirongameevents(id,gameId,playType,period,teamFor,teamAgainst) values ('1e351cfe-c400-4f14-be06-c7ac6172193d','5291e163-d9b3-45d1-9320-525f258f258d','safety',1,'TeamD','TeamC');
insert into gridirongameevents(id,gameId,playType,period,teamFor,teamAgainst) values ('75a51326-2f1e-491a-b0c1-5ffa10ea5f16','5291e163-d9b3-45d1-9320-525f258f258d','turnover',1,'TeamC','TeamD');
insert into gridirongameevents(id,gameId,playType,period,teamFor,teamAgainst) values ('79d520fc-4a56-468a-9781-8f783d0633c7','5291e163-d9b3-45d1-9320-525f258f258d','throw',1,'TeamC','TeamD');
insert into gridironthrows(eventId,playerThrowing,playerReceiving,yard,result) values ('79d520fc-4a56-468a-9781-8f783d0633c7','Camel','Cauchy','95','touchdown');
insert into gridirongameevents(id,gameId,playType,period,teamFor,teamAgainst) values ('15ce6d6e-48b9-426e-93a4-162cf1672dd4','5291e163-d9b3-45d1-9320-525f258f258d','kick',1,'TeamD','TeamC');
insert into gridironkicks(eventId,player,yard,result) values ('15ce6d6e-48b9-426e-93a4-162cf1672dd4','Dickson',98,'field-goal');
insert into gridirongameevents(id,gameId,playType,period,teamFor,teamAgainst) values ('c1f0030d-36fe-4c7a-b566-11e47451cf2f','5291e163-d9b3-45d1-9320-525f258f258d','safety',1,'TeamC','TeamD');
insert into gridirongameevents(id,gameId,playType,period,teamFor,teamAgainst) values ('ebef9bcb-ffbc-4250-aee2-2e3b919f4f3a','5291e163-d9b3-45d1-9320-525f258f258d','turnover',1,'TeamC','TeamD');
insert into gridirongameevents(id,gameId,playType,period,teamFor,teamAgainst) values ('c1110760-b7e5-484d-a0b6-8b25234deb66','5291e163-d9b3-45d1-9320-525f258f258d','flag',1,'TeamC','TeamD');
insert into gridirongameevents(id,gameId,playType,period,teamFor,teamAgainst) values ('b9619230-ea2b-4432-b88e-99e8eb0dec28','5291e163-d9b3-45d1-9320-525f258f258d','throw',1,'TeamD','TeamC');
insert into gridironthrows(eventId,playerThrowing,playerReceiving,yard,result) values ('b9619230-ea2b-4432-b88e-99e8eb0dec28','Denver','Doppler','106','miss');
insert into gridirongameevents(id,gameId,playType,period,teamFor,teamAgainst) values ('837c96d3-6c07-45b6-b78d-7d4afa1a1ee7','5291e163-d9b3-45d1-9320-525f258f258d','timeout',1,'TeamD','TeamC');
insert into gridirongameevents(id,gameId,playType,period,teamFor,teamAgainst) values ('3083bd75-f9dc-45fd-b8fd-b5448c591550','5291e163-d9b3-45d1-9320-525f258f258d','timeout',1,'TeamC','TeamD');
insert into gridirongameevents(id,gameId,playType,period,teamFor,teamAgainst) values ('43cbfb59-0681-4d28-9e84-1947fc18b9f1','5291e163-d9b3-45d1-9320-525f258f258d','turnover',1,'TeamC','TeamD');
insert into gridirongameevents(id,gameId,playType,period,teamFor,teamAgainst) values ('960ab632-70d6-4154-a747-8d21f83b57fd','5291e163-d9b3-45d1-9320-525f258f258d','throw',1,'TeamC','TeamD');
insert into gridironthrows(eventId,playerThrowing,playerReceiving,yard,result) values ('960ab632-70d6-4154-a747-8d21f83b57fd','Caleb','Cody','68','miss');
insert into gridirongameevents(id,gameId,playType,period,teamFor,teamAgainst) values ('18fba42f-5fe2-4fa0-badf-4e09ed5606b6','5291e163-d9b3-45d1-9320-525f258f258d','flag',1,'TeamD','TeamC');
insert into gridirongameevents(id,gameId,playType,period,teamFor,teamAgainst) values ('472b0883-1301-4a9d-975d-945e87028cf7','5291e163-d9b3-45d1-9320-525f258f258d','flag',1,'TeamD','TeamC');
insert into gridirongameevents(id,gameId,playType,period,teamFor,teamAgainst) values ('4fe2157a-827d-407e-9c27-7f8c2c2da061','5291e163-d9b3-45d1-9320-525f258f258d','rush',1,'TeamD','TeamC');
insert into gridironrushes(eventId,player,yard,result) values ('4fe2157a-827d-407e-9c27-7f8c2c2da061','Daniel',62,'touchdown');
insert into gridirongameevents(id,gameId,playType,period,teamFor,teamAgainst) values ('ceda8067-6e0d-4827-9709-e824beac412e','5291e163-d9b3-45d1-9320-525f258f258d','safety',1,'TeamC','TeamD');
insert into gridirongameevents(id,gameId,playType,period,teamFor,teamAgainst) values ('71d30119-9a00-403a-8e11-3615b27e771e','5291e163-d9b3-45d1-9320-525f258f258d','turnover',1,'TeamD','TeamC');
insert into gridirongameevents(id,gameId,playType,period,teamFor,teamAgainst) values ('2d254632-0306-4c00-a8ea-ae98f48b7903','5291e163-d9b3-45d1-9320-525f258f258d','timeout',1,'TeamC','TeamD');
insert into gridirongameevents(id,gameId,playType,period,teamFor,teamAgainst) values ('373abf4e-52dc-4ec8-8134-204e4cbd6ba5','5291e163-d9b3-45d1-9320-525f258f258d','throw',1,'TeamC','TeamD');
insert into gridironthrows(eventId,playerThrowing,playerReceiving,yard,result) values ('373abf4e-52dc-4ec8-8134-204e4cbd6ba5','Cody','Cameron','115','miss');
insert into gridirongameevents(id,gameId,playType,period,teamFor,teamAgainst) values ('0fcf5113-7da3-4571-a83b-fdd6cb8208df','5291e163-d9b3-45d1-9320-525f258f258d','safety',1,'TeamD','TeamC');
insert into gridirongameevents(id,gameId,playType,period,teamFor,teamAgainst) values ('d05570e3-0aed-42b0-9fa6-63548660a94e','5291e163-d9b3-45d1-9320-525f258f258d','rush',1,'TeamC','TeamD');
insert into gridironrushes(eventId,player,yard,result) values ('d05570e3-0aed-42b0-9fa6-63548660a94e','Cameron',117,'touchdown');
insert into gridirongameevents(id,gameId,playType,period,teamFor,teamAgainst) values ('db2adc0b-c245-468d-be58-90258d7090f5','5291e163-d9b3-45d1-9320-525f258f258d','flag',1,'TeamD','TeamC');
insert into gridirongameevents(id,gameId,playType,period,teamFor,teamAgainst) values ('ae07f98e-0195-4e69-b1f7-f63f9d36f400','5291e163-d9b3-45d1-9320-525f258f258d','throw',1,'TeamC','TeamD');
insert into gridironthrows(eventId,playerThrowing,playerReceiving,yard,result) values ('ae07f98e-0195-4e69-b1f7-f63f9d36f400','Cody','Camel','117','2pt');
insert into gridirongameevents(id,gameId,playType,period,teamFor,teamAgainst) values ('6b5a44df-1f19-4b5a-a3a1-2df1e1885ba3','5291e163-d9b3-45d1-9320-525f258f258d','kick',1,'TeamD','TeamC');
insert into gridironkicks(eventId,player,yard,result) values ('6b5a44df-1f19-4b5a-a3a1-2df1e1885ba3','Dapper',61,'field-goal');
insert into gridirongameevents(id,gameId,playType,period,teamFor,teamAgainst) values ('2778c004-c9b1-4313-a007-dd2e580e9a7e','5291e163-d9b3-45d1-9320-525f258f258d','timeout',1,'TeamC','TeamD');
insert into gridirongameevents(id,gameId,playType,period,teamFor,teamAgainst) values ('96a1844d-1804-4283-aaa3-66c8f0d2897d','5291e163-d9b3-45d1-9320-525f258f258d','timeout',1,'TeamD','TeamC');
insert into gridirongameevents(id,gameId,playType,period,teamFor,teamAgainst) values ('96a9087a-83f2-4258-950c-fd3240e8634b','5291e163-d9b3-45d1-9320-525f258f258d','safety',1,'TeamD','TeamC');
insert into gridirongameevents(id,gameId,playType,period,teamFor,teamAgainst) values ('088311b2-f783-431c-9157-68b66315710f','5291e163-d9b3-45d1-9320-525f258f258d','timeout',1,'TeamD','TeamC');
insert into gridirongameevents(id,gameId,playType,period,teamFor,teamAgainst) values ('e38dedce-c54f-467c-a96f-40f64b47bc6c','5291e163-d9b3-45d1-9320-525f258f258d','flag',1,'TeamC','TeamD');
insert into gridirongameevents(id,gameId,playType,period,teamFor,teamAgainst) values ('531bc7f7-45f7-468b-94f5-efd5fde6a2be','5291e163-d9b3-45d1-9320-525f258f258d','throw',1,'TeamC','TeamD');
insert into gridironthrows(eventId,playerThrowing,playerReceiving,yard,result) values ('531bc7f7-45f7-468b-94f5-efd5fde6a2be','Caleb','Cauchy','10','2pt');
insert into gridirongameevents(id,gameId,playType,period,teamFor,teamAgainst) values ('c59d480e-a4b9-4e92-8744-320526230891','5291e163-d9b3-45d1-9320-525f258f258d','timeout',1,'TeamC','TeamD');
insert into gridirongameevents(id,gameId,playType,period,teamFor,teamAgainst) values ('ce804a60-a5d5-47e9-b545-5239aaa6a6e7','5291e163-d9b3-45d1-9320-525f258f258d','kick',1,'TeamD','TeamC');
insert into gridironkicks(eventId,player,yard,result) values ('ce804a60-a5d5-47e9-b545-5239aaa6a6e7','Denver',120,'extra-kick');
insert into gridirongameevents(id,gameId,playType,period,teamFor,teamAgainst) values ('ddb489ca-9cc7-45eb-8701-6df30868ddc1','5291e163-d9b3-45d1-9320-525f258f258d','kick',1,'TeamD','TeamC');
insert into gridironkicks(eventId,player,yard,result) values ('ddb489ca-9cc7-45eb-8701-6df30868ddc1','Dapper',64,'miss');
insert into gridirongameevents(id,gameId,playType,period,teamFor,teamAgainst) values ('72b578f8-7e24-4f19-b2c1-da4fad03c953','5291e163-d9b3-45d1-9320-525f258f258d','turnover',1,'TeamD','TeamC');
insert into gridirongameevents(id,gameId,playType,period,teamFor,teamAgainst) values ('89e46b89-dcd5-4532-830a-06900e12dc2b','5291e163-d9b3-45d1-9320-525f258f258d','rush',1,'TeamD','TeamC');
insert into gridironrushes(eventId,player,yard,result) values ('89e46b89-dcd5-4532-830a-06900e12dc2b','Denver',5,'touchdown');
insert into gridirongameevents(id,gameId,playType,period,teamFor,teamAgainst) values ('9b4b3d88-504e-4522-9fa3-f9c733a7d819','5291e163-d9b3-45d1-9320-525f258f258d','throw',1,'TeamC','TeamD');
insert into gridironthrows(eventId,playerThrowing,playerReceiving,yard,result) values ('9b4b3d88-504e-4522-9fa3-f9c733a7d819','Camel','Cameron','8','2pt');
insert into gridirongameevents(id,gameId,playType,period,teamFor,teamAgainst) values ('9ce75fd8-75e2-4a0a-8561-9e0f9bcd0d5a','5291e163-d9b3-45d1-9320-525f258f258d','turnover',1,'TeamC','TeamD');
insert into gridirongameevents(id,gameId,playType,period,teamFor,teamAgainst) values ('6f215526-e96f-4381-bbf1-abb819dd5de5','5291e163-d9b3-45d1-9320-525f258f258d','rush',1,'TeamC','TeamD');
insert into gridironrushes(eventId,player,yard,result) values ('6f215526-e96f-4381-bbf1-abb819dd5de5','Caleb',92,'2pt');
insert into gridirongameevents(id,gameId,playType,period,teamFor,teamAgainst) values ('48171466-318c-4e83-ad26-c53415cdefb6','5291e163-d9b3-45d1-9320-525f258f258d','kick',2,'TeamD','TeamC');
insert into gridironkicks(eventId,player,yard,result) values ('48171466-318c-4e83-ad26-c53415cdefb6','Doppler',76,'field-goal');
insert into gridirongameevents(id,gameId,playType,period,teamFor,teamAgainst) values ('3429ffa0-730a-40c9-b728-4652f6997b90','5291e163-d9b3-45d1-9320-525f258f258d','throw',2,'TeamC','TeamD');
insert into gridironthrows(eventId,playerThrowing,playerReceiving,yard,result) values ('3429ffa0-730a-40c9-b728-4652f6997b90','Cauchy','Cody','14','miss');
insert into gridirongameevents(id,gameId,playType,period,teamFor,teamAgainst) values ('4b675001-cfe6-45e4-be1a-2309aa0d0c9f','5291e163-d9b3-45d1-9320-525f258f258d','throw',2,'TeamC','TeamD');
insert into gridironthrows(eventId,playerThrowing,playerReceiving,yard,result) values ('4b675001-cfe6-45e4-be1a-2309aa0d0c9f','Cameron','Caleb','85','2pt');
insert into gridirongameevents(id,gameId,playType,period,teamFor,teamAgainst) values ('7943f514-c2ad-48fb-9964-1cd3ed8b5791','5291e163-d9b3-45d1-9320-525f258f258d','safety',2,'TeamC','TeamD');
insert into gridirongameevents(id,gameId,playType,period,teamFor,teamAgainst) values ('cf945de8-52ad-4d52-ac47-f00228d3a162','5291e163-d9b3-45d1-9320-525f258f258d','safety',2,'TeamC','TeamD');
insert into gridirongameevents(id,gameId,playType,period,teamFor,teamAgainst) values ('902cb450-9514-43d5-960f-296542233103','5291e163-d9b3-45d1-9320-525f258f258d','safety',2,'TeamC','TeamD');
insert into gridirongameevents(id,gameId,playType,period,teamFor,teamAgainst) values ('8034b3a2-e2e0-48fa-97a2-7ccc05a60ad8','5291e163-d9b3-45d1-9320-525f258f258d','flag',2,'TeamC','TeamD');
insert into gridirongameevents(id,gameId,playType,period,teamFor,teamAgainst) values ('21b4b305-6fc9-49d8-b8ce-212a26ff91a4','5291e163-d9b3-45d1-9320-525f258f258d','throw',2,'TeamC','TeamD');
insert into gridironthrows(eventId,playerThrowing,playerReceiving,yard,result) values ('21b4b305-6fc9-49d8-b8ce-212a26ff91a4','Cauchy','Cameron','95','touchdown');
insert into gridirongameevents(id,gameId,playType,period,teamFor,teamAgainst) values ('cc0bc775-53c0-4922-a9a4-4ea274cc0724','5291e163-d9b3-45d1-9320-525f258f258d','throw',2,'TeamC','TeamD');
insert into gridironthrows(eventId,playerThrowing,playerReceiving,yard,result) values ('cc0bc775-53c0-4922-a9a4-4ea274cc0724','Cody','Caleb','43','non-scoring');
insert into gridirongameevents(id,gameId,playType,period,teamFor,teamAgainst) values ('b5843782-0190-4148-8fd1-8b8327ee74af','5291e163-d9b3-45d1-9320-525f258f258d','safety',2,'TeamC','TeamD');
insert into gridirongameevents(id,gameId,playType,period,teamFor,teamAgainst) values ('140acc63-e415-4997-b06a-85e41bf570b7','5291e163-d9b3-45d1-9320-525f258f258d','throw',2,'TeamC','TeamD');
insert into gridironthrows(eventId,playerThrowing,playerReceiving,yard,result) values ('140acc63-e415-4997-b06a-85e41bf570b7','Caleb','Cauchy','59','2pt');
insert into gridirongameevents(id,gameId,playType,period,teamFor,teamAgainst) values ('289acf8b-a364-47f1-a9b9-643cda868f4a','5291e163-d9b3-45d1-9320-525f258f258d','kick',2,'TeamC','TeamD');
insert into gridironkicks(eventId,player,yard,result) values ('289acf8b-a364-47f1-a9b9-643cda868f4a','Cameron',99,'field-goal');
insert into gridirongameevents(id,gameId,playType,period,teamFor,teamAgainst) values ('7c991cd9-04b5-44d4-bfe1-cb72df7ee692','5291e163-d9b3-45d1-9320-525f258f258d','rush',2,'TeamD','TeamC');
insert into gridironrushes(eventId,player,yard,result) values ('7c991cd9-04b5-44d4-bfe1-cb72df7ee692','Denver',52,'2pt');
insert into gridirongameevents(id,gameId,playType,period,teamFor,teamAgainst) values ('d4fbdd49-01f7-465d-a5fa-c5b724bf8a67','5291e163-d9b3-45d1-9320-525f258f258d','timeout',2,'TeamD','TeamC');
insert into gridirongameevents(id,gameId,playType,period,teamFor,teamAgainst) values ('e599db25-1ceb-4504-9e43-0b3f4460c301','5291e163-d9b3-45d1-9320-525f258f258d','flag',2,'TeamC','TeamD');
insert into gridirongameevents(id,gameId,playType,period,teamFor,teamAgainst) values ('e41ed8b7-b8f0-47b9-a847-36b65fee5c4e','5291e163-d9b3-45d1-9320-525f258f258d','flag',2,'TeamD','TeamC');
insert into gridirongameevents(id,gameId,playType,period,teamFor,teamAgainst) values ('d7072df8-33c4-4c21-ac47-3b3fa009de19','5291e163-d9b3-45d1-9320-525f258f258d','flag',2,'TeamD','TeamC');
insert into gridirongameevents(id,gameId,playType,period,teamFor,teamAgainst) values ('61156f74-00f8-45bc-8be3-f649cdb6a332','5291e163-d9b3-45d1-9320-525f258f258d','rush',2,'TeamC','TeamD');
insert into gridironrushes(eventId,player,yard,result) values ('61156f74-00f8-45bc-8be3-f649cdb6a332','Camel',1,'touchdown');
insert into gridirongameevents(id,gameId,playType,period,teamFor,teamAgainst) values ('7cca2bdf-dae3-4e44-9333-757f9e7d2e49','5291e163-d9b3-45d1-9320-525f258f258d','throw',2,'TeamD','TeamC');
insert into gridironthrows(eventId,playerThrowing,playerReceiving,yard,result) values ('7cca2bdf-dae3-4e44-9333-757f9e7d2e49','Dickson','Daniel','77','2pt');
insert into gridirongameevents(id,gameId,playType,period,teamFor,teamAgainst) values ('9ff86ac0-8cfb-43fe-a1d5-6986b4292b01','5291e163-d9b3-45d1-9320-525f258f258d','flag',2,'TeamD','TeamC');
insert into gridirongameevents(id,gameId,playType,period,teamFor,teamAgainst) values ('b641afd9-6943-416c-a005-36cd1dff58c0','5291e163-d9b3-45d1-9320-525f258f258d','timeout',2,'TeamC','TeamD');
insert into gridirongameevents(id,gameId,playType,period,teamFor,teamAgainst) values ('4494f622-7c6a-46e4-84d9-f2a11ec27eaa','5291e163-d9b3-45d1-9320-525f258f258d','turnover',2,'TeamD','TeamC');
insert into gridirongameevents(id,gameId,playType,period,teamFor,teamAgainst) values ('f34effb2-b65e-4067-bb97-e28d6951ca08','5291e163-d9b3-45d1-9320-525f258f258d','flag',2,'TeamC','TeamD');
insert into gridirongameevents(id,gameId,playType,period,teamFor,teamAgainst) values ('a1beb09d-04ce-4452-a861-5e0b1a0ed393','5291e163-d9b3-45d1-9320-525f258f258d','kick',2,'TeamC','TeamD');
insert into gridironkicks(eventId,player,yard,result) values ('a1beb09d-04ce-4452-a861-5e0b1a0ed393','Cameron',76,'miss');
insert into gridirongameevents(id,gameId,playType,period,teamFor,teamAgainst) values ('8404c5d6-9c5c-4a84-b166-392324c73ca3','5291e163-d9b3-45d1-9320-525f258f258d','throw',2,'TeamC','TeamD');
insert into gridironthrows(eventId,playerThrowing,playerReceiving,yard,result) values ('8404c5d6-9c5c-4a84-b166-392324c73ca3','Cameron','Caleb','29','miss');
insert into gridirongameevents(id,gameId,playType,period,teamFor,teamAgainst) values ('b3bddf3c-303f-4488-85e1-96c0f517e0bf','5291e163-d9b3-45d1-9320-525f258f258d','turnover',2,'TeamD','TeamC');
insert into gridirongameevents(id,gameId,playType,period,teamFor,teamAgainst) values ('4881e789-8a7d-4792-bdfc-b18475703d3f','5291e163-d9b3-45d1-9320-525f258f258d','throw',2,'TeamD','TeamC');
insert into gridironthrows(eventId,playerThrowing,playerReceiving,yard,result) values ('4881e789-8a7d-4792-bdfc-b18475703d3f','Dapper','Daniel','72','miss');
insert into gridirongameevents(id,gameId,playType,period,teamFor,teamAgainst) values ('f75264a5-78da-4470-8dc8-18dbb5029b61','5291e163-d9b3-45d1-9320-525f258f258d','turnover',2,'TeamC','TeamD');
insert into gridirongameevents(id,gameId,playType,period,teamFor,teamAgainst) values ('3863946e-448f-4062-b28a-2a5e06ed3c84','5291e163-d9b3-45d1-9320-525f258f258d','throw',2,'TeamC','TeamD');
insert into gridironthrows(eventId,playerThrowing,playerReceiving,yard,result) values ('3863946e-448f-4062-b28a-2a5e06ed3c84','Cauchy','Caleb','-5','miss');
insert into gridirongameevents(id,gameId,playType,period,teamFor,teamAgainst) values ('3befb78a-e54f-4484-813e-5ee2f1f1d1c4','5291e163-d9b3-45d1-9320-525f258f258d','rush',2,'TeamD','TeamC');
insert into gridironrushes(eventId,player,yard,result) values ('3befb78a-e54f-4484-813e-5ee2f1f1d1c4','Dickson',8,'touchdown');
insert into gridirongameevents(id,gameId,playType,period,teamFor,teamAgainst) values ('0e36bd9b-cf74-497d-a82e-2521b2a6d0dc','5291e163-d9b3-45d1-9320-525f258f258d','rush',2,'TeamD','TeamC');
insert into gridironrushes(eventId,player,yard,result) values ('0e36bd9b-cf74-497d-a82e-2521b2a6d0dc','Denver',73,'2pt');
insert into gridirongameevents(id,gameId,playType,period,teamFor,teamAgainst) values ('ba95220f-0e58-45e0-b592-f939302f4f27','5291e163-d9b3-45d1-9320-525f258f258d','timeout',2,'TeamC','TeamD');
insert into gridirongameevents(id,gameId,playType,period,teamFor,teamAgainst) values ('857ebac1-fbcc-45b9-b570-b671fc2fb28a','5291e163-d9b3-45d1-9320-525f258f258d','throw',2,'TeamC','TeamD');
insert into gridironthrows(eventId,playerThrowing,playerReceiving,yard,result) values ('857ebac1-fbcc-45b9-b570-b671fc2fb28a','Cody','Camel','2','2pt');
insert into gridirongameevents(id,gameId,playType,period,teamFor,teamAgainst) values ('2f58c6fe-c25d-4b04-99f9-f305ccfe7f11','5291e163-d9b3-45d1-9320-525f258f258d','rush',2,'TeamC','TeamD');
insert into gridironrushes(eventId,player,yard,result) values ('2f58c6fe-c25d-4b04-99f9-f305ccfe7f11','Caleb',32,'touchdown');
insert into gridirongameevents(id,gameId,playType,period,teamFor,teamAgainst) values ('93d91413-1755-4dcc-bed4-7f03430f6b4a','5291e163-d9b3-45d1-9320-525f258f258d','rush',2,'TeamC','TeamD');
insert into gridironrushes(eventId,player,yard,result) values ('93d91413-1755-4dcc-bed4-7f03430f6b4a','Cody',13,'2pt');
insert into gridirongameevents(id,gameId,playType,period,teamFor,teamAgainst) values ('4efd9d93-3a9a-42bf-82a4-26e952a2f1e1','5291e163-d9b3-45d1-9320-525f258f258d','safety',2,'TeamC','TeamD');
insert into gridirongameevents(id,gameId,playType,period,teamFor,teamAgainst) values ('4d580c96-d136-4f72-8ebb-68a8a61aa945','5291e163-d9b3-45d1-9320-525f258f258d','flag',2,'TeamC','TeamD');
insert into gridirongameevents(id,gameId,playType,period,teamFor,teamAgainst) values ('969f067c-c0cb-4500-a806-f3410de5593f','5291e163-d9b3-45d1-9320-525f258f258d','safety',2,'TeamD','TeamC');
insert into gridirongameevents(id,gameId,playType,period,teamFor,teamAgainst) values ('1bfd940d-7f5d-405a-bee7-02b1bc58307c','5291e163-d9b3-45d1-9320-525f258f258d','kick',2,'TeamC','TeamD');
insert into gridironkicks(eventId,player,yard,result) values ('1bfd940d-7f5d-405a-bee7-02b1bc58307c','Cameron',6,'miss');
insert into gridirongameevents(id,gameId,playType,period,teamFor,teamAgainst) values ('f498d2c1-4361-4dcb-bf3b-15291e879058','5291e163-d9b3-45d1-9320-525f258f258d','timeout',2,'TeamD','TeamC');
insert into gridirongameevents(id,gameId,playType,period,teamFor,teamAgainst) values ('d6ae12b6-acd5-4127-866a-0d84162d6644','5291e163-d9b3-45d1-9320-525f258f258d','rush',2,'TeamD','TeamC');
insert into gridironrushes(eventId,player,yard,result) values ('d6ae12b6-acd5-4127-866a-0d84162d6644','Dapper',10,'non-scoring');
insert into gridirongameevents(id,gameId,playType,period,teamFor,teamAgainst) values ('76992ae1-c19f-4224-97e3-241c65c1d365','5291e163-d9b3-45d1-9320-525f258f258d','kick',2,'TeamD','TeamC');
insert into gridironkicks(eventId,player,yard,result) values ('76992ae1-c19f-4224-97e3-241c65c1d365','Dapper',83,'extra-kick');
insert into gridirongameevents(id,gameId,playType,period,teamFor,teamAgainst) values ('9e866453-fb8e-448d-a544-7bcd5ece54af','5291e163-d9b3-45d1-9320-525f258f258d','throw',2,'TeamC','TeamD');
insert into gridironthrows(eventId,playerThrowing,playerReceiving,yard,result) values ('9e866453-fb8e-448d-a544-7bcd5ece54af','Camel','Cameron','42','miss');
insert into gridirongameevents(id,gameId,playType,period,teamFor,teamAgainst) values ('743fbc05-fba4-48a4-93d0-89fdde6bceed','5291e163-d9b3-45d1-9320-525f258f258d','timeout',2,'TeamD','TeamC');
insert into gridirongameevents(id,gameId,playType,period,teamFor,teamAgainst) values ('ee37f10b-3dee-488b-8a61-7aebbe9d100f','5291e163-d9b3-45d1-9320-525f258f258d','rush',2,'TeamD','TeamC');
insert into gridironrushes(eventId,player,yard,result) values ('ee37f10b-3dee-488b-8a61-7aebbe9d100f','Dickson',106,'non-scoring');
insert into gridirongameevents(id,gameId,playType,period,teamFor,teamAgainst) values ('7f150583-c8be-4dea-9a5b-30c453178e55','5291e163-d9b3-45d1-9320-525f258f258d','throw',2,'TeamD','TeamC');
insert into gridironthrows(eventId,playerThrowing,playerReceiving,yard,result) values ('7f150583-c8be-4dea-9a5b-30c453178e55','Daniel','Denver','66','touchdown');
insert into gridirongameevents(id,gameId,playType,period,teamFor,teamAgainst) values ('17ecdbfc-22a1-45c7-b296-ef21cd79ac14','5291e163-d9b3-45d1-9320-525f258f258d','safety',2,'TeamC','TeamD');
insert into gridirongameevents(id,gameId,playType,period,teamFor,teamAgainst) values ('26a99bb6-8bc3-44da-a650-d0ab4025fcb2','5291e163-d9b3-45d1-9320-525f258f258d','rush',2,'TeamD','TeamC');
insert into gridironrushes(eventId,player,yard,result) values ('26a99bb6-8bc3-44da-a650-d0ab4025fcb2','Dapper',78,'non-scoring');
insert into gridirongameevents(id,gameId,playType,period,teamFor,teamAgainst) values ('b3bce0b7-18c0-4d90-b835-db638eef811a','5291e163-d9b3-45d1-9320-525f258f258d','flag',2,'TeamD','TeamC');
insert into gridirongameevents(id,gameId,playType,period,teamFor,teamAgainst) values ('853d3542-c9e1-4a4a-8fc4-9cc655404404','5291e163-d9b3-45d1-9320-525f258f258d','flag',2,'TeamC','TeamD');
insert into gridirongameevents(id,gameId,playType,period,teamFor,teamAgainst) values ('53a76f7d-0a36-4e37-9b4b-20d66e7b7614','5291e163-d9b3-45d1-9320-525f258f258d','timeout',2,'TeamD','TeamC');
insert into gridirongameevents(id,gameId,playType,period,teamFor,teamAgainst) values ('233f4057-d3a2-439f-bf49-b88dd6e9dfcd','5291e163-d9b3-45d1-9320-525f258f258d','turnover',2,'TeamD','TeamC');
insert into gridirongameevents(id,gameId,playType,period,teamFor,teamAgainst) values ('f69f9c21-5d3f-4007-854e-398e20abf24f','5291e163-d9b3-45d1-9320-525f258f258d','throw',2,'TeamC','TeamD');
insert into gridironthrows(eventId,playerThrowing,playerReceiving,yard,result) values ('f69f9c21-5d3f-4007-854e-398e20abf24f','Caleb','Cauchy','118','miss');
insert into gridirongameevents(id,gameId,playType,period,teamFor,teamAgainst) values ('3d371ce7-046b-4301-b395-3ee9f203ead5','5291e163-d9b3-45d1-9320-525f258f258d','timeout',2,'TeamD','TeamC');
insert into gridirongameevents(id,gameId,playType,period,teamFor,teamAgainst) values ('1562412e-6c9a-468e-834b-90193517b58b','5291e163-d9b3-45d1-9320-525f258f258d','flag',2,'TeamD','TeamC');
insert into gridirongameevents(id,gameId,playType,period,teamFor,teamAgainst) values ('37b86ed0-89cb-4d20-8593-04bd80adfc32','5291e163-d9b3-45d1-9320-525f258f258d','rush',2,'TeamC','TeamD');
insert into gridironrushes(eventId,player,yard,result) values ('37b86ed0-89cb-4d20-8593-04bd80adfc32','Camel',118,'2pt');
insert into gridirongameevents(id,gameId,playType,period,teamFor,teamAgainst) values ('e8de9fbb-d5ed-4ee3-98a9-a8a8b90009b1','5291e163-d9b3-45d1-9320-525f258f258d','turnover',2,'TeamD','TeamC');
insert into gridirongameevents(id,gameId,playType,period,teamFor,teamAgainst) values ('25ac50d3-b015-419d-94e1-89e3942dcb1c','5291e163-d9b3-45d1-9320-525f258f258d','turnover',2,'TeamC','TeamD');
insert into gridirongameevents(id,gameId,playType,period,teamFor,teamAgainst) values ('73aa2d23-6372-4b5a-b796-f6e97ef53840','5291e163-d9b3-45d1-9320-525f258f258d','flag',2,'TeamC','TeamD');
insert into gridirongameevents(id,gameId,playType,period,teamFor,teamAgainst) values ('df052b2d-80f8-46db-97d2-a771e55d3a0d','5291e163-d9b3-45d1-9320-525f258f258d','turnover',2,'TeamC','TeamD');
insert into gridirongameevents(id,gameId,playType,period,teamFor,teamAgainst) values ('40fbcd44-04d4-440c-8e31-4467ba8d041d','5291e163-d9b3-45d1-9320-525f258f258d','kick',2,'TeamD','TeamC');
insert into gridironkicks(eventId,player,yard,result) values ('40fbcd44-04d4-440c-8e31-4467ba8d041d','Daniel',36,'field-goal');
insert into gridirongameevents(id,gameId,playType,period,teamFor,teamAgainst) values ('7943f0e5-7981-4a3b-bb02-226e72a2f29e','5291e163-d9b3-45d1-9320-525f258f258d','throw',2,'TeamD','TeamC');
insert into gridironthrows(eventId,playerThrowing,playerReceiving,yard,result) values ('7943f0e5-7981-4a3b-bb02-226e72a2f29e','Dapper','Doppler','42','non-scoring');
insert into gridirongameevents(id,gameId,playType,period,teamFor,teamAgainst) values ('278fcfe1-ba34-4928-8175-c8c57718d390','5291e163-d9b3-45d1-9320-525f258f258d','rush',2,'TeamC','TeamD');
insert into gridironrushes(eventId,player,yard,result) values ('278fcfe1-ba34-4928-8175-c8c57718d390','Camel',93,'non-scoring');
insert into gridirongameevents(id,gameId,playType,period,teamFor,teamAgainst) values ('426d2e66-c817-46d3-8c8b-bc4afed81c8e','5291e163-d9b3-45d1-9320-525f258f258d','kick',2,'TeamC','TeamD');
insert into gridironkicks(eventId,player,yard,result) values ('426d2e66-c817-46d3-8c8b-bc4afed81c8e','Camel',95,'extra-kick');
insert into gridirongameevents(id,gameId,playType,period,teamFor,teamAgainst) values ('e6937855-08c0-46bd-840d-31bbbedf009e','5291e163-d9b3-45d1-9320-525f258f258d','rush',2,'TeamD','TeamC');
insert into gridironrushes(eventId,player,yard,result) values ('e6937855-08c0-46bd-840d-31bbbedf009e','Doppler',6,'touchdown');
insert into gridirongameevents(id,gameId,playType,period,teamFor,teamAgainst) values ('e3001ad6-1680-4b54-b009-62d15a902b05','5291e163-d9b3-45d1-9320-525f258f258d','turnover',2,'TeamC','TeamD');
insert into gridirongameevents(id,gameId,playType,period,teamFor,teamAgainst) values ('0ad557c7-b6d6-4d73-9545-0a383a6d2aa3','5291e163-d9b3-45d1-9320-525f258f258d','timeout',2,'TeamD','TeamC');
insert into gridirongameevents(id,gameId,playType,period,teamFor,teamAgainst) values ('d5eb104f-e7d8-4d61-95c2-a95041387911','5291e163-d9b3-45d1-9320-525f258f258d','safety',2,'TeamC','TeamD');
insert into gridirongameevents(id,gameId,playType,period,teamFor,teamAgainst) values ('c9b6632d-fd50-4874-8da5-1c1ae0cee12a','5291e163-d9b3-45d1-9320-525f258f258d','rush',2,'TeamD','TeamC');
insert into gridironrushes(eventId,player,yard,result) values ('c9b6632d-fd50-4874-8da5-1c1ae0cee12a','Dickson',89,'non-scoring');
insert into gridirongameevents(id,gameId,playType,period,teamFor,teamAgainst) values ('744067cd-60af-4b9d-9dc3-b3a6e8f38aa2','5291e163-d9b3-45d1-9320-525f258f258d','timeout',2,'TeamD','TeamC');
insert into gridirongameevents(id,gameId,playType,period,teamFor,teamAgainst) values ('ff5e7d56-2f4c-4fda-97de-f4b9ba23be7f','5291e163-d9b3-45d1-9320-525f258f258d','flag',2,'TeamD','TeamC');
insert into gridirongameevents(id,gameId,playType,period,teamFor,teamAgainst) values ('65fb9d52-b9d3-4c26-abb2-37ba6d336510','5291e163-d9b3-45d1-9320-525f258f258d','safety',2,'TeamD','TeamC');
insert into gridirongameevents(id,gameId,playType,period,teamFor,teamAgainst) values ('5852b579-b373-4002-9479-76806a0b49ed','5291e163-d9b3-45d1-9320-525f258f258d','flag',2,'TeamD','TeamC');
insert into gridirongameevents(id,gameId,playType,period,teamFor,teamAgainst) values ('feacc60a-4699-4a0f-b7e8-02460be43dc1','5291e163-d9b3-45d1-9320-525f258f258d','safety',2,'TeamC','TeamD');
insert into gridirongameevents(id,gameId,playType,period,teamFor,teamAgainst) values ('5f51b82c-36b5-498c-aedf-026bcb2641bc','5291e163-d9b3-45d1-9320-525f258f258d','safety',2,'TeamC','TeamD');
insert into gridirongameevents(id,gameId,playType,period,teamFor,teamAgainst) values ('29d8478f-62c3-475c-857a-6b09ed3e2b86','5291e163-d9b3-45d1-9320-525f258f258d','turnover',2,'TeamD','TeamC');
insert into gridirongameevents(id,gameId,playType,period,teamFor,teamAgainst) values ('6a85363d-9050-40e2-a66a-ea959e696dc7','5291e163-d9b3-45d1-9320-525f258f258d','flag',2,'TeamD','TeamC');
insert into gridirongameevents(id,gameId,playType,period,teamFor,teamAgainst) values ('9b0ff748-0000-4197-9d9a-761c17af86fa','5291e163-d9b3-45d1-9320-525f258f258d','kick',2,'TeamC','TeamD');
insert into gridironkicks(eventId,player,yard,result) values ('9b0ff748-0000-4197-9d9a-761c17af86fa','Cameron',61,'field-goal');
insert into gridirongameevents(id,gameId,playType,period,teamFor,teamAgainst) values ('c6d9a9b5-cc97-4401-9dcc-4078866228f4','5291e163-d9b3-45d1-9320-525f258f258d','safety',2,'TeamD','TeamC');
insert into gridirongameevents(id,gameId,playType,period,teamFor,teamAgainst) values ('4adfc6d7-92da-4dce-97b1-42ac2cb4f5e3','5291e163-d9b3-45d1-9320-525f258f258d','timeout',2,'TeamD','TeamC');
insert into gridirongameevents(id,gameId,playType,period,teamFor,teamAgainst) values ('50e87461-f0ef-479c-bd0c-9ed1a4462548','5291e163-d9b3-45d1-9320-525f258f258d','timeout',2,'TeamD','TeamC');
insert into gridirongameevents(id,gameId,playType,period,teamFor,teamAgainst) values ('297a42b0-4e15-4558-a450-8056a52e44e2','5291e163-d9b3-45d1-9320-525f258f258d','safety',2,'TeamC','TeamD');
insert into gridirongameevents(id,gameId,playType,period,teamFor,teamAgainst) values ('30d4e79a-9a1e-46f5-aa2b-94e94b98bc62','5291e163-d9b3-45d1-9320-525f258f258d','timeout',2,'TeamC','TeamD');
insert into gridirongameevents(id,gameId,playType,period,teamFor,teamAgainst) values ('cfbebe00-48d9-4888-b32c-c99f8064cec2','5291e163-d9b3-45d1-9320-525f258f258d','kick',2,'TeamD','TeamC');
insert into gridironkicks(eventId,player,yard,result) values ('cfbebe00-48d9-4888-b32c-c99f8064cec2','Denver',30,'miss');
insert into gridirongameevents(id,gameId,playType,period,teamFor,teamAgainst) values ('286caf5e-85b3-48de-9935-026e3f47d449','5291e163-d9b3-45d1-9320-525f258f258d','timeout',2,'TeamD','TeamC');
insert into gridirongameevents(id,gameId,playType,period,teamFor,teamAgainst) values ('192b7bb9-7544-470f-87a8-657f3015ad09','5291e163-d9b3-45d1-9320-525f258f258d','rush',2,'TeamC','TeamD');
insert into gridironrushes(eventId,player,yard,result) values ('192b7bb9-7544-470f-87a8-657f3015ad09','Camel',47,'non-scoring');
insert into gridirongameevents(id,gameId,playType,period,teamFor,teamAgainst) values ('49452e8f-b29d-4085-9f21-166f7a98163b','5291e163-d9b3-45d1-9320-525f258f258d','timeout',2,'TeamC','TeamD');
insert into gridirongameevents(id,gameId,playType,period,teamFor,teamAgainst) values ('c7f8ed17-8f95-42b0-a81b-020557a8a296','5291e163-d9b3-45d1-9320-525f258f258d','kick',2,'TeamC','TeamD');
insert into gridironkicks(eventId,player,yard,result) values ('c7f8ed17-8f95-42b0-a81b-020557a8a296','Cauchy',14,'miss');
insert into gridirongameevents(id,gameId,playType,period,teamFor,teamAgainst) values ('d51fd079-f754-481d-9565-2ddcf99726d0','5291e163-d9b3-45d1-9320-525f258f258d','flag',2,'TeamC','TeamD');
insert into gridirongameevents(id,gameId,playType,period,teamFor,teamAgainst) values ('eae1cf3a-8015-448d-bc20-3549ac64e23d','5291e163-d9b3-45d1-9320-525f258f258d','turnover',2,'TeamD','TeamC');
insert into gridirongameevents(id,gameId,playType,period,teamFor,teamAgainst) values ('bcb173d5-912a-4340-b834-08296586c19e','5291e163-d9b3-45d1-9320-525f258f258d','kick',2,'TeamC','TeamD');
insert into gridironkicks(eventId,player,yard,result) values ('bcb173d5-912a-4340-b834-08296586c19e','Camel',26,'field-goal');
insert into gridirongameevents(id,gameId,playType,period,teamFor,teamAgainst) values ('726238eb-244d-4c4c-95e9-5ba58586a136','5291e163-d9b3-45d1-9320-525f258f258d','flag',2,'TeamC','TeamD');
insert into gridirongameevents(id,gameId,playType,period,teamFor,teamAgainst) values ('0a2ada82-db7a-4617-b5d0-927e08eddcd8','5291e163-d9b3-45d1-9320-525f258f258d','timeout',2,'TeamD','TeamC');
insert into gridirongameevents(id,gameId,playType,period,teamFor,teamAgainst) values ('ad7bac43-f84e-43cf-8271-92a5f567b63a','5291e163-d9b3-45d1-9320-525f258f258d','timeout',2,'TeamD','TeamC');
insert into gridirongameevents(id,gameId,playType,period,teamFor,teamAgainst) values ('4cb0afe9-eb82-4062-aed9-cbe6bfd667b4','5291e163-d9b3-45d1-9320-525f258f258d','kick',2,'TeamC','TeamD');
insert into gridironkicks(eventId,player,yard,result) values ('4cb0afe9-eb82-4062-aed9-cbe6bfd667b4','Cauchy',108,'field-goal');
insert into gridirongameevents(id,gameId,playType,period,teamFor,teamAgainst) values ('a9417639-20ac-4cab-a0d8-b2992df3d6a0','5291e163-d9b3-45d1-9320-525f258f258d','safety',2,'TeamD','TeamC');
insert into gridirongameevents(id,gameId,playType,period,teamFor,teamAgainst) values ('821c4240-9d6f-4cd0-a467-7f52331c50a3','5291e163-d9b3-45d1-9320-525f258f258d','timeout',2,'TeamD','TeamC');
insert into gridirongameevents(id,gameId,playType,period,teamFor,teamAgainst) values ('0124ad6b-3d55-4fd9-ae8c-cead89726d03','5291e163-d9b3-45d1-9320-525f258f258d','turnover',2,'TeamC','TeamD');
insert into gridirongameevents(id,gameId,playType,period,teamFor,teamAgainst) values ('3527c1e4-2896-4569-a459-efdef89d5d6f','5291e163-d9b3-45d1-9320-525f258f258d','throw',2,'TeamC','TeamD');
insert into gridironthrows(eventId,playerThrowing,playerReceiving,yard,result) values ('3527c1e4-2896-4569-a459-efdef89d5d6f','Caleb','Camel','-1','non-scoring');
insert into gridirongameevents(id,gameId,playType,period,teamFor,teamAgainst) values ('52056a08-4e63-421e-914f-430cbac47e28','5291e163-d9b3-45d1-9320-525f258f258d','flag',2,'TeamD','TeamC');
insert into gridirongameevents(id,gameId,playType,period,teamFor,teamAgainst) values ('b9b61f71-4047-40b8-a3cb-1458a2108e4f','5291e163-d9b3-45d1-9320-525f258f258d','throw',3,'TeamD','TeamC');
insert into gridironthrows(eventId,playerThrowing,playerReceiving,yard,result) values ('b9b61f71-4047-40b8-a3cb-1458a2108e4f','Daniel','Dapper','118','touchdown');
insert into gridirongameevents(id,gameId,playType,period,teamFor,teamAgainst) values ('5ccf13b8-3bec-473a-be0b-16605e948fcd','5291e163-d9b3-45d1-9320-525f258f258d','turnover',3,'TeamC','TeamD');
insert into gridirongameevents(id,gameId,playType,period,teamFor,teamAgainst) values ('a63aa7f6-9260-46f2-9898-57b3f21bdf21','5291e163-d9b3-45d1-9320-525f258f258d','flag',3,'TeamC','TeamD');
insert into gridirongameevents(id,gameId,playType,period,teamFor,teamAgainst) values ('7e733ef3-d1ba-4dfc-8794-98e97cddb6c7','5291e163-d9b3-45d1-9320-525f258f258d','kick',3,'TeamC','TeamD');
insert into gridironkicks(eventId,player,yard,result) values ('7e733ef3-d1ba-4dfc-8794-98e97cddb6c7','Camel',81,'miss');
insert into gridirongameevents(id,gameId,playType,period,teamFor,teamAgainst) values ('dd925e92-3d0b-4aeb-8020-3f2d96bb33eb','5291e163-d9b3-45d1-9320-525f258f258d','turnover',3,'TeamC','TeamD');
insert into gridirongameevents(id,gameId,playType,period,teamFor,teamAgainst) values ('8a5653dc-d6b5-4435-9b4b-6390527664e0','5291e163-d9b3-45d1-9320-525f258f258d','safety',3,'TeamC','TeamD');
insert into gridirongameevents(id,gameId,playType,period,teamFor,teamAgainst) values ('bcb442dc-a2bc-4d3c-b3fd-bc63fac2f45a','5291e163-d9b3-45d1-9320-525f258f258d','throw',3,'TeamD','TeamC');
insert into gridironthrows(eventId,playerThrowing,playerReceiving,yard,result) values ('bcb442dc-a2bc-4d3c-b3fd-bc63fac2f45a','Doppler','Dapper','23','2pt');
insert into gridirongameevents(id,gameId,playType,period,teamFor,teamAgainst) values ('b5c5c3dd-83e4-405c-bfdd-bd9013494ffd','5291e163-d9b3-45d1-9320-525f258f258d','kick',3,'TeamD','TeamC');
insert into gridironkicks(eventId,player,yard,result) values ('b5c5c3dd-83e4-405c-bfdd-bd9013494ffd','Dickson',47,'extra-kick');
insert into gridirongameevents(id,gameId,playType,period,teamFor,teamAgainst) values ('c70d5867-0f28-403b-9787-378439bc11f4','5291e163-d9b3-45d1-9320-525f258f258d','throw',3,'TeamC','TeamD');
insert into gridironthrows(eventId,playerThrowing,playerReceiving,yard,result) values ('c70d5867-0f28-403b-9787-378439bc11f4','Cody','Camel','71','non-scoring');
insert into gridirongameevents(id,gameId,playType,period,teamFor,teamAgainst) values ('86f19b35-f249-4e8f-84cf-88df18b27180','5291e163-d9b3-45d1-9320-525f258f258d','rush',3,'TeamD','TeamC');
insert into gridironrushes(eventId,player,yard,result) values ('86f19b35-f249-4e8f-84cf-88df18b27180','Doppler',55,'non-scoring');
insert into gridirongameevents(id,gameId,playType,period,teamFor,teamAgainst) values ('7554e395-51e2-42d8-9dde-8388fc64a0b1','5291e163-d9b3-45d1-9320-525f258f258d','throw',3,'TeamD','TeamC');
insert into gridironthrows(eventId,playerThrowing,playerReceiving,yard,result) values ('7554e395-51e2-42d8-9dde-8388fc64a0b1','Denver','Dapper','73','non-scoring');
insert into gridirongameevents(id,gameId,playType,period,teamFor,teamAgainst) values ('788a8bc8-37d1-4190-8bf4-a234780a1b1d','5291e163-d9b3-45d1-9320-525f258f258d','safety',3,'TeamD','TeamC');
insert into gridirongameevents(id,gameId,playType,period,teamFor,teamAgainst) values ('8093a62d-2637-472b-9d67-6f799b044773','5291e163-d9b3-45d1-9320-525f258f258d','kick',3,'TeamD','TeamC');
insert into gridironkicks(eventId,player,yard,result) values ('8093a62d-2637-472b-9d67-6f799b044773','Dapper',71,'field-goal');
insert into gridirongameevents(id,gameId,playType,period,teamFor,teamAgainst) values ('66aad2c0-1264-430b-82b8-1c7aa2cfd6ff','5291e163-d9b3-45d1-9320-525f258f258d','throw',3,'TeamD','TeamC');
insert into gridironthrows(eventId,playerThrowing,playerReceiving,yard,result) values ('66aad2c0-1264-430b-82b8-1c7aa2cfd6ff','Denver','Doppler','105','miss');
insert into gridirongameevents(id,gameId,playType,period,teamFor,teamAgainst) values ('47884dc8-b489-4221-986c-57fc142fd789','5291e163-d9b3-45d1-9320-525f258f258d','timeout',3,'TeamC','TeamD');
insert into gridirongameevents(id,gameId,playType,period,teamFor,teamAgainst) values ('51e4e3ad-b415-439c-91da-cd40d4dabec6','5291e163-d9b3-45d1-9320-525f258f258d','throw',3,'TeamC','TeamD');
insert into gridironthrows(eventId,playerThrowing,playerReceiving,yard,result) values ('51e4e3ad-b415-439c-91da-cd40d4dabec6','Cameron','Cauchy','36','non-scoring');
insert into gridirongameevents(id,gameId,playType,period,teamFor,teamAgainst) values ('b3f8f0e5-88bc-4b10-8623-10ee7d34a430','5291e163-d9b3-45d1-9320-525f258f258d','flag',3,'TeamD','TeamC');
insert into gridirongameevents(id,gameId,playType,period,teamFor,teamAgainst) values ('734ecbb3-e381-41ca-bee7-8210cf94ae02','5291e163-d9b3-45d1-9320-525f258f258d','safety',3,'TeamC','TeamD');
insert into gridirongameevents(id,gameId,playType,period,teamFor,teamAgainst) values ('28f83296-9c79-444d-b57c-48666087d19e','5291e163-d9b3-45d1-9320-525f258f258d','timeout',3,'TeamC','TeamD');
insert into gridirongameevents(id,gameId,playType,period,teamFor,teamAgainst) values ('60ee6094-bb5f-439b-8a81-de1be72b1c54','5291e163-d9b3-45d1-9320-525f258f258d','timeout',3,'TeamC','TeamD');
insert into gridirongameevents(id,gameId,playType,period,teamFor,teamAgainst) values ('13d7bc89-01fb-470f-8447-10388829fc0b','5291e163-d9b3-45d1-9320-525f258f258d','timeout',3,'TeamC','TeamD');
insert into gridirongameevents(id,gameId,playType,period,teamFor,teamAgainst) values ('dca94069-230f-4d9b-8db9-74593f5cabde','5291e163-d9b3-45d1-9320-525f258f258d','timeout',3,'TeamC','TeamD');
insert into gridirongameevents(id,gameId,playType,period,teamFor,teamAgainst) values ('f1f16cdc-db18-4152-94d3-32d6ac73d286','5291e163-d9b3-45d1-9320-525f258f258d','rush',3,'TeamD','TeamC');
insert into gridironrushes(eventId,player,yard,result) values ('f1f16cdc-db18-4152-94d3-32d6ac73d286','Doppler',-4,'non-scoring');
insert into gridirongameevents(id,gameId,playType,period,teamFor,teamAgainst) values ('5e421178-3a75-4ea5-b004-f234c34cce9e','5291e163-d9b3-45d1-9320-525f258f258d','throw',3,'TeamC','TeamD');
insert into gridironthrows(eventId,playerThrowing,playerReceiving,yard,result) values ('5e421178-3a75-4ea5-b004-f234c34cce9e','Cameron','Caleb','29','2pt');
insert into gridirongameevents(id,gameId,playType,period,teamFor,teamAgainst) values ('7416909c-20a7-459d-a5f3-b707fbadc416','5291e163-d9b3-45d1-9320-525f258f258d','kick',3,'TeamC','TeamD');
insert into gridironkicks(eventId,player,yard,result) values ('7416909c-20a7-459d-a5f3-b707fbadc416','Cameron',77,'extra-kick');
insert into gridirongameevents(id,gameId,playType,period,teamFor,teamAgainst) values ('58ebcbd6-7bc6-4759-913f-3de14abfb55a','5291e163-d9b3-45d1-9320-525f258f258d','rush',3,'TeamD','TeamC');
insert into gridironrushes(eventId,player,yard,result) values ('58ebcbd6-7bc6-4759-913f-3de14abfb55a','Dapper',41,'2pt');
insert into gridirongameevents(id,gameId,playType,period,teamFor,teamAgainst) values ('7a074487-9bd8-4fec-935d-6b04c2d0fa04','5291e163-d9b3-45d1-9320-525f258f258d','kick',3,'TeamD','TeamC');
insert into gridironkicks(eventId,player,yard,result) values ('7a074487-9bd8-4fec-935d-6b04c2d0fa04','Denver',118,'extra-kick');
insert into gridirongameevents(id,gameId,playType,period,teamFor,teamAgainst) values ('c0d7dc5f-3053-47cb-ad9a-bf4b38218568','5291e163-d9b3-45d1-9320-525f258f258d','timeout',3,'TeamD','TeamC');
insert into gridirongameevents(id,gameId,playType,period,teamFor,teamAgainst) values ('93bc27b9-ee9e-4557-9a25-115f63385d6f','5291e163-d9b3-45d1-9320-525f258f258d','rush',3,'TeamC','TeamD');
insert into gridironrushes(eventId,player,yard,result) values ('93bc27b9-ee9e-4557-9a25-115f63385d6f','Cameron',62,'2pt');
insert into gridirongameevents(id,gameId,playType,period,teamFor,teamAgainst) values ('19d887a5-5479-48f3-9463-c229ab36ab1a','5291e163-d9b3-45d1-9320-525f258f258d','throw',3,'TeamD','TeamC');
insert into gridironthrows(eventId,playerThrowing,playerReceiving,yard,result) values ('19d887a5-5479-48f3-9463-c229ab36ab1a','Doppler','Dickson','12','non-scoring');
insert into gridirongameevents(id,gameId,playType,period,teamFor,teamAgainst) values ('7d37ac3a-e071-488e-9aa3-c654f7f508b3','5291e163-d9b3-45d1-9320-525f258f258d','rush',3,'TeamD','TeamC');
insert into gridironrushes(eventId,player,yard,result) values ('7d37ac3a-e071-488e-9aa3-c654f7f508b3','Dickson',106,'non-scoring');
insert into gridirongameevents(id,gameId,playType,period,teamFor,teamAgainst) values ('17a9a9e2-921f-4275-8598-daff0f01d7f0','5291e163-d9b3-45d1-9320-525f258f258d','flag',3,'TeamC','TeamD');
insert into gridirongameevents(id,gameId,playType,period,teamFor,teamAgainst) values ('b64909b2-2a63-4907-a67d-01750e43914f','5291e163-d9b3-45d1-9320-525f258f258d','rush',3,'TeamD','TeamC');
insert into gridironrushes(eventId,player,yard,result) values ('b64909b2-2a63-4907-a67d-01750e43914f','Daniel',4,'non-scoring');
insert into gridirongameevents(id,gameId,playType,period,teamFor,teamAgainst) values ('5c9dc719-fdd8-4270-9c62-99d4142532ef','5291e163-d9b3-45d1-9320-525f258f258d','throw',3,'TeamC','TeamD');
insert into gridironthrows(eventId,playerThrowing,playerReceiving,yard,result) values ('5c9dc719-fdd8-4270-9c62-99d4142532ef','Caleb','Cameron','101','2pt');
insert into gridirongameevents(id,gameId,playType,period,teamFor,teamAgainst) values ('34ac9e8e-b5a4-468d-bd58-2d7889a52429','5291e163-d9b3-45d1-9320-525f258f258d','kick',3,'TeamC','TeamD');
insert into gridironkicks(eventId,player,yard,result) values ('34ac9e8e-b5a4-468d-bd58-2d7889a52429','Cameron',39,'extra-kick');
insert into gridirongameevents(id,gameId,playType,period,teamFor,teamAgainst) values ('0e1481dd-1e2a-446e-b82e-5ed31cf37e48','5291e163-d9b3-45d1-9320-525f258f258d','throw',3,'TeamC','TeamD');
insert into gridironthrows(eventId,playerThrowing,playerReceiving,yard,result) values ('0e1481dd-1e2a-446e-b82e-5ed31cf37e48','Cody','Cameron','105','non-scoring');
insert into gridirongameevents(id,gameId,playType,period,teamFor,teamAgainst) values ('4226a4b3-31ab-41b2-a654-2c03b6a94f13','5291e163-d9b3-45d1-9320-525f258f258d','timeout',3,'TeamC','TeamD');
insert into gridirongameevents(id,gameId,playType,period,teamFor,teamAgainst) values ('b4d8b51a-d6a1-41ea-b55f-716154cab860','5291e163-d9b3-45d1-9320-525f258f258d','timeout',3,'TeamD','TeamC');
insert into gridirongameevents(id,gameId,playType,period,teamFor,teamAgainst) values ('069e8d83-fe6c-4221-8cdc-49fb868dc852','5291e163-d9b3-45d1-9320-525f258f258d','timeout',3,'TeamD','TeamC');
insert into gridirongameevents(id,gameId,playType,period,teamFor,teamAgainst) values ('04b5064b-4f1c-41ad-ba5a-1b8f72417eef','5291e163-d9b3-45d1-9320-525f258f258d','rush',3,'TeamC','TeamD');
insert into gridironrushes(eventId,player,yard,result) values ('04b5064b-4f1c-41ad-ba5a-1b8f72417eef','Caleb',75,'touchdown');
insert into gridirongameevents(id,gameId,playType,period,teamFor,teamAgainst) values ('9cf425b4-5bad-4842-93df-f4752dd8d55e','5291e163-d9b3-45d1-9320-525f258f258d','turnover',3,'TeamC','TeamD');
insert into gridirongameevents(id,gameId,playType,period,teamFor,teamAgainst) values ('00a5e1c0-d684-42e9-9df9-ad9062cd0306','5291e163-d9b3-45d1-9320-525f258f258d','flag',3,'TeamD','TeamC');
insert into gridirongameevents(id,gameId,playType,period,teamFor,teamAgainst) values ('4d95f864-a327-46f0-81bc-570781099964','5291e163-d9b3-45d1-9320-525f258f258d','rush',3,'TeamC','TeamD');
insert into gridironrushes(eventId,player,yard,result) values ('4d95f864-a327-46f0-81bc-570781099964','Camel',48,'2pt');
insert into gridirongameevents(id,gameId,playType,period,teamFor,teamAgainst) values ('bedf1dd4-e275-4cb8-8d66-bdebaec4157c','5291e163-d9b3-45d1-9320-525f258f258d','safety',3,'TeamC','TeamD');
insert into gridirongameevents(id,gameId,playType,period,teamFor,teamAgainst) values ('60580f27-3bc7-478d-b500-d3185b95279f','5291e163-d9b3-45d1-9320-525f258f258d','timeout',3,'TeamC','TeamD');
insert into gridirongameevents(id,gameId,playType,period,teamFor,teamAgainst) values ('bf715687-ed64-4eb0-9f85-760241f61b6a','5291e163-d9b3-45d1-9320-525f258f258d','timeout',3,'TeamC','TeamD');
insert into gridirongameevents(id,gameId,playType,period,teamFor,teamAgainst) values ('71f347fc-48cf-4e9f-9009-87c5072adcef','5291e163-d9b3-45d1-9320-525f258f258d','kick',3,'TeamC','TeamD');
insert into gridironkicks(eventId,player,yard,result) values ('71f347fc-48cf-4e9f-9009-87c5072adcef','Cameron',56,'miss');
insert into gridirongameevents(id,gameId,playType,period,teamFor,teamAgainst) values ('86ddc6ec-b2c2-4e10-ad8f-e676382fe3b5','5291e163-d9b3-45d1-9320-525f258f258d','kick',3,'TeamD','TeamC');
insert into gridironkicks(eventId,player,yard,result) values ('86ddc6ec-b2c2-4e10-ad8f-e676382fe3b5','Dapper',16,'extra-kick');
insert into gridirongameevents(id,gameId,playType,period,teamFor,teamAgainst) values ('a5ac9136-ebaa-4237-8027-580fe0813b3f','5291e163-d9b3-45d1-9320-525f258f258d','kick',3,'TeamC','TeamD');
insert into gridironkicks(eventId,player,yard,result) values ('a5ac9136-ebaa-4237-8027-580fe0813b3f','Caleb',43,'extra-kick');
insert into gridirongameevents(id,gameId,playType,period,teamFor,teamAgainst) values ('1eb08a2b-8be4-4d02-9d2c-76aac8578df6','5291e163-d9b3-45d1-9320-525f258f258d','turnover',3,'TeamD','TeamC');
insert into gridirongameevents(id,gameId,playType,period,teamFor,teamAgainst) values ('92b8acc1-87a6-48f5-bc85-9ff7f8295e31','5291e163-d9b3-45d1-9320-525f258f258d','timeout',3,'TeamC','TeamD');
insert into gridirongameevents(id,gameId,playType,period,teamFor,teamAgainst) values ('d0bf3204-8ec0-43d6-b1a9-b23d9bb05d3f','5291e163-d9b3-45d1-9320-525f258f258d','turnover',3,'TeamC','TeamD');
insert into gridirongameevents(id,gameId,playType,period,teamFor,teamAgainst) values ('8206b413-0008-40ee-ab3d-0ba04dc837c9','5291e163-d9b3-45d1-9320-525f258f258d','safety',3,'TeamC','TeamD');
insert into gridirongameevents(id,gameId,playType,period,teamFor,teamAgainst) values ('9a91befb-a255-48b8-9961-96d4b8746671','5291e163-d9b3-45d1-9320-525f258f258d','safety',3,'TeamD','TeamC');
insert into gridirongameevents(id,gameId,playType,period,teamFor,teamAgainst) values ('968550f6-4377-4b0b-b38e-34ec24d84d5b','5291e163-d9b3-45d1-9320-525f258f258d','flag',3,'TeamD','TeamC');
insert into gridirongameevents(id,gameId,playType,period,teamFor,teamAgainst) values ('22188ad9-aa2f-45ee-ae07-da4cce7ccd4a','5291e163-d9b3-45d1-9320-525f258f258d','turnover',3,'TeamC','TeamD');
insert into gridirongameevents(id,gameId,playType,period,teamFor,teamAgainst) values ('7034fe94-9213-4793-8fc5-6358a71351c2','5291e163-d9b3-45d1-9320-525f258f258d','throw',3,'TeamC','TeamD');
insert into gridironthrows(eventId,playerThrowing,playerReceiving,yard,result) values ('7034fe94-9213-4793-8fc5-6358a71351c2','Cameron','Camel','72','miss');
insert into gridirongameevents(id,gameId,playType,period,teamFor,teamAgainst) values ('2a342846-9c21-4774-af98-f06f1c721593','5291e163-d9b3-45d1-9320-525f258f258d','throw',3,'TeamD','TeamC');
insert into gridironthrows(eventId,playerThrowing,playerReceiving,yard,result) values ('2a342846-9c21-4774-af98-f06f1c721593','Doppler','Dapper','72','2pt');
insert into gridirongameevents(id,gameId,playType,period,teamFor,teamAgainst) values ('b1790e84-212e-4dc2-baa7-177acfb8d236','5291e163-d9b3-45d1-9320-525f258f258d','kick',3,'TeamC','TeamD');
insert into gridironkicks(eventId,player,yard,result) values ('b1790e84-212e-4dc2-baa7-177acfb8d236','Caleb',2,'field-goal');
insert into gridirongameevents(id,gameId,playType,period,teamFor,teamAgainst) values ('368a2a72-2215-4be7-a8ed-cc0160587ac4','5291e163-d9b3-45d1-9320-525f258f258d','turnover',3,'TeamC','TeamD');
insert into gridirongameevents(id,gameId,playType,period,teamFor,teamAgainst) values ('7374f3f7-8714-4df9-bd40-810ac50e04b9','5291e163-d9b3-45d1-9320-525f258f258d','rush',3,'TeamC','TeamD');
insert into gridironrushes(eventId,player,yard,result) values ('7374f3f7-8714-4df9-bd40-810ac50e04b9','Cauchy',53,'non-scoring');
insert into gridirongameevents(id,gameId,playType,period,teamFor,teamAgainst) values ('0567faed-ac71-4c71-9e36-71ee611b9bb9','5291e163-d9b3-45d1-9320-525f258f258d','safety',3,'TeamC','TeamD');
insert into gridirongameevents(id,gameId,playType,period,teamFor,teamAgainst) values ('6973a770-3efb-40e3-85c7-e82302dd3a16','5291e163-d9b3-45d1-9320-525f258f258d','timeout',3,'TeamC','TeamD');
insert into gridirongameevents(id,gameId,playType,period,teamFor,teamAgainst) values ('df4dac12-a6ed-4eb6-bc33-9531ea392c98','5291e163-d9b3-45d1-9320-525f258f258d','turnover',3,'TeamD','TeamC');
insert into gridirongameevents(id,gameId,playType,period,teamFor,teamAgainst) values ('bf43bc39-5166-462f-9b5d-77f67513ced2','5291e163-d9b3-45d1-9320-525f258f258d','turnover',3,'TeamD','TeamC');
insert into gridirongameevents(id,gameId,playType,period,teamFor,teamAgainst) values ('cda466e9-8ed0-4e24-bb1f-a09405df91bc','5291e163-d9b3-45d1-9320-525f258f258d','kick',3,'TeamC','TeamD');
insert into gridironkicks(eventId,player,yard,result) values ('cda466e9-8ed0-4e24-bb1f-a09405df91bc','Cameron',91,'extra-kick');
insert into gridirongameevents(id,gameId,playType,period,teamFor,teamAgainst) values ('859b0360-c31f-4be1-926c-c9b128640779','5291e163-d9b3-45d1-9320-525f258f258d','safety',3,'TeamC','TeamD');
insert into gridirongameevents(id,gameId,playType,period,teamFor,teamAgainst) values ('7078d5fd-83fc-4c51-9d52-77966d1155f1','5291e163-d9b3-45d1-9320-525f258f258d','rush',3,'TeamC','TeamD');
insert into gridironrushes(eventId,player,yard,result) values ('7078d5fd-83fc-4c51-9d52-77966d1155f1','Cody',103,'2pt');
insert into gridirongameevents(id,gameId,playType,period,teamFor,teamAgainst) values ('7cca3538-b42c-4a8f-ada8-df3b2fbc0209','5291e163-d9b3-45d1-9320-525f258f258d','flag',3,'TeamC','TeamD');
insert into gridirongameevents(id,gameId,playType,period,teamFor,teamAgainst) values ('dfcb016f-107f-472d-bc95-01e9737ba1a9','5291e163-d9b3-45d1-9320-525f258f258d','turnover',3,'TeamC','TeamD');
insert into gridirongameevents(id,gameId,playType,period,teamFor,teamAgainst) values ('691976bd-41b2-440e-9c36-9e206bd9cfcf','5291e163-d9b3-45d1-9320-525f258f258d','kick',3,'TeamC','TeamD');
insert into gridironkicks(eventId,player,yard,result) values ('691976bd-41b2-440e-9c36-9e206bd9cfcf','Caleb',68,'miss');
insert into gridirongameevents(id,gameId,playType,period,teamFor,teamAgainst) values ('505143e5-a6c3-4a71-9962-21a1b195a596','5291e163-d9b3-45d1-9320-525f258f258d','flag',3,'TeamC','TeamD');
insert into gridirongameevents(id,gameId,playType,period,teamFor,teamAgainst) values ('0745819f-8699-4f79-a4bd-87896da7e161','5291e163-d9b3-45d1-9320-525f258f258d','timeout',3,'TeamD','TeamC');
insert into gridirongameevents(id,gameId,playType,period,teamFor,teamAgainst) values ('b8c42c4f-8467-4b88-88d4-632e43118d1d','5291e163-d9b3-45d1-9320-525f258f258d','safety',3,'TeamC','TeamD');
insert into gridirongameevents(id,gameId,playType,period,teamFor,teamAgainst) values ('b7b18b9d-55a5-4027-ac46-7bca465a2dd2','5291e163-d9b3-45d1-9320-525f258f258d','turnover',3,'TeamD','TeamC');
insert into gridirongameevents(id,gameId,playType,period,teamFor,teamAgainst) values ('ef432502-37df-4c6d-ba55-cd32413db520','5291e163-d9b3-45d1-9320-525f258f258d','timeout',3,'TeamD','TeamC');
insert into gridirongameevents(id,gameId,playType,period,teamFor,teamAgainst) values ('7fa9a33b-b2e3-473e-856d-93f8a5cba637','5291e163-d9b3-45d1-9320-525f258f258d','rush',3,'TeamD','TeamC');
insert into gridironrushes(eventId,player,yard,result) values ('7fa9a33b-b2e3-473e-856d-93f8a5cba637','Dickson',22,'non-scoring');
insert into gridirongameevents(id,gameId,playType,period,teamFor,teamAgainst) values ('0d474db3-5905-4dcb-a717-3edaaa4631bf','5291e163-d9b3-45d1-9320-525f258f258d','safety',3,'TeamC','TeamD');
insert into gridirongameevents(id,gameId,playType,period,teamFor,teamAgainst) values ('43fd32fc-4264-4fa1-a18e-685a47222711','5291e163-d9b3-45d1-9320-525f258f258d','turnover',3,'TeamD','TeamC');
insert into gridirongameevents(id,gameId,playType,period,teamFor,teamAgainst) values ('1ea3d8b9-e06c-4ba6-9678-fca8f9aaedef','5291e163-d9b3-45d1-9320-525f258f258d','turnover',3,'TeamC','TeamD');
insert into gridirongameevents(id,gameId,playType,period,teamFor,teamAgainst) values ('e720cfea-61aa-4521-b201-5472f0b7e8a3','5291e163-d9b3-45d1-9320-525f258f258d','kick',3,'TeamD','TeamC');
insert into gridironkicks(eventId,player,yard,result) values ('e720cfea-61aa-4521-b201-5472f0b7e8a3','Dapper',117,'extra-kick');
insert into gridirongameevents(id,gameId,playType,period,teamFor,teamAgainst) values ('70a54757-54ef-4caf-98cc-6ccfb3de994e','5291e163-d9b3-45d1-9320-525f258f258d','throw',3,'TeamD','TeamC');
insert into gridironthrows(eventId,playerThrowing,playerReceiving,yard,result) values ('70a54757-54ef-4caf-98cc-6ccfb3de994e','Denver','Dapper','75','touchdown');
insert into gridirongameevents(id,gameId,playType,period,teamFor,teamAgainst) values ('4593546d-c5b7-4635-9929-bd4256e80822','5291e163-d9b3-45d1-9320-525f258f258d','kick',3,'TeamD','TeamC');
insert into gridironkicks(eventId,player,yard,result) values ('4593546d-c5b7-4635-9929-bd4256e80822','Doppler',18,'miss');
insert into gridirongameevents(id,gameId,playType,period,teamFor,teamAgainst) values ('fd9f3cb2-59f2-45b5-ac99-ee4018c1f841','5291e163-d9b3-45d1-9320-525f258f258d','kick',3,'TeamC','TeamD');
insert into gridironkicks(eventId,player,yard,result) values ('fd9f3cb2-59f2-45b5-ac99-ee4018c1f841','Cody',78,'extra-kick');
insert into gridirongameevents(id,gameId,playType,period,teamFor,teamAgainst) values ('74d8a0e9-1e91-4199-83ad-7392328c28fd','5291e163-d9b3-45d1-9320-525f258f258d','timeout',3,'TeamC','TeamD');
insert into gridirongameevents(id,gameId,playType,period,teamFor,teamAgainst) values ('39e9229d-9ddb-4f52-b3b5-13cceda9fd77','5291e163-d9b3-45d1-9320-525f258f258d','flag',3,'TeamD','TeamC');
insert into gridirongameevents(id,gameId,playType,period,teamFor,teamAgainst) values ('201b2854-ca93-438c-9f6f-327a840f2895','5291e163-d9b3-45d1-9320-525f258f258d','kick',3,'TeamC','TeamD');
insert into gridironkicks(eventId,player,yard,result) values ('201b2854-ca93-438c-9f6f-327a840f2895','Camel',103,'extra-kick');
insert into gridirongameevents(id,gameId,playType,period,teamFor,teamAgainst) values ('790819b3-c1c6-4c33-8e76-97504dae8aad','5291e163-d9b3-45d1-9320-525f258f258d','rush',3,'TeamC','TeamD');
insert into gridironrushes(eventId,player,yard,result) values ('790819b3-c1c6-4c33-8e76-97504dae8aad','Cameron',110,'touchdown');
insert into gridirongameevents(id,gameId,playType,period,teamFor,teamAgainst) values ('6468cada-ae1e-43dd-9c4a-b9027c54ef13','5291e163-d9b3-45d1-9320-525f258f258d','safety',3,'TeamC','TeamD');
insert into gridirongameevents(id,gameId,playType,period,teamFor,teamAgainst) values ('27d59ed5-1e2b-4f53-94f2-ef0c9d62f184','5291e163-d9b3-45d1-9320-525f258f258d','throw',3,'TeamC','TeamD');
insert into gridironthrows(eventId,playerThrowing,playerReceiving,yard,result) values ('27d59ed5-1e2b-4f53-94f2-ef0c9d62f184','Caleb','Camel','-2','miss');
insert into gridirongameevents(id,gameId,playType,period,teamFor,teamAgainst) values ('7a3894f0-f405-4b0c-853d-ee157844fb46','5291e163-d9b3-45d1-9320-525f258f258d','throw',3,'TeamC','TeamD');
insert into gridironthrows(eventId,playerThrowing,playerReceiving,yard,result) values ('7a3894f0-f405-4b0c-853d-ee157844fb46','Camel','Cauchy','64','2pt');
insert into gridirongameevents(id,gameId,playType,period,teamFor,teamAgainst) values ('d8e1a8b2-ea77-473a-ad3c-dcfbc858b95f','5291e163-d9b3-45d1-9320-525f258f258d','safety',3,'TeamD','TeamC');
insert into gridirongameevents(id,gameId,playType,period,teamFor,teamAgainst) values ('37c5ad53-193d-4c2a-b4ea-4af7ad45587a','5291e163-d9b3-45d1-9320-525f258f258d','turnover',3,'TeamD','TeamC');
insert into gridirongameevents(id,gameId,playType,period,teamFor,teamAgainst) values ('fb0a5f4d-a3e3-4df5-b621-54c32b7583ea','5291e163-d9b3-45d1-9320-525f258f258d','timeout',3,'TeamD','TeamC');
insert into gridirongameevents(id,gameId,playType,period,teamFor,teamAgainst) values ('42ff9158-80bc-49c7-9429-f0e83afa517c','5291e163-d9b3-45d1-9320-525f258f258d','kick',3,'TeamD','TeamC');
insert into gridironkicks(eventId,player,yard,result) values ('42ff9158-80bc-49c7-9429-f0e83afa517c','Dapper',22,'extra-kick');
insert into gridirongameevents(id,gameId,playType,period,teamFor,teamAgainst) values ('fb02ec8f-6c04-484b-8e57-8fccedb31d5a','5291e163-d9b3-45d1-9320-525f258f258d','kick',3,'TeamD','TeamC');
insert into gridironkicks(eventId,player,yard,result) values ('fb02ec8f-6c04-484b-8e57-8fccedb31d5a','Daniel',79,'extra-kick');
insert into gridirongameevents(id,gameId,playType,period,teamFor,teamAgainst) values ('72c13cfb-5eff-488f-a30a-69ffbffa22ab','5291e163-d9b3-45d1-9320-525f258f258d','flag',3,'TeamD','TeamC');
insert into gridirongameevents(id,gameId,playType,period,teamFor,teamAgainst) values ('6f4a8b8d-a5f0-4ed7-bca2-08ecb27452a5','5291e163-d9b3-45d1-9320-525f258f258d','flag',3,'TeamC','TeamD');
insert into gridirongameevents(id,gameId,playType,period,teamFor,teamAgainst) values ('182ce38f-fdaa-4009-8114-80b45f216c67','5291e163-d9b3-45d1-9320-525f258f258d','rush',3,'TeamC','TeamD');
insert into gridironrushes(eventId,player,yard,result) values ('182ce38f-fdaa-4009-8114-80b45f216c67','Camel',71,'touchdown');
insert into gridirongameevents(id,gameId,playType,period,teamFor,teamAgainst) values ('516abefb-c9c8-4e96-b502-b50f9d58dda7','5291e163-d9b3-45d1-9320-525f258f258d','safety',3,'TeamD','TeamC');
insert into gridirongameevents(id,gameId,playType,period,teamFor,teamAgainst) values ('52698112-b927-4ce8-9fce-130b91f4b093','5291e163-d9b3-45d1-9320-525f258f258d','rush',4,'TeamD','TeamC');
insert into gridironrushes(eventId,player,yard,result) values ('52698112-b927-4ce8-9fce-130b91f4b093','Denver',50,'2pt');
insert into gridirongameevents(id,gameId,playType,period,teamFor,teamAgainst) values ('c1f27862-9d29-4529-b34e-2abc97d1166c','5291e163-d9b3-45d1-9320-525f258f258d','kick',4,'TeamC','TeamD');
insert into gridironkicks(eventId,player,yard,result) values ('c1f27862-9d29-4529-b34e-2abc97d1166c','Cameron',81,'extra-kick');
insert into gridirongameevents(id,gameId,playType,period,teamFor,teamAgainst) values ('a95bae82-423c-4c4d-9c60-ae38e86d185c','5291e163-d9b3-45d1-9320-525f258f258d','turnover',4,'TeamD','TeamC');
insert into gridirongameevents(id,gameId,playType,period,teamFor,teamAgainst) values ('ac8fadc5-5a21-4ddc-966a-ba12864ec1ec','5291e163-d9b3-45d1-9320-525f258f258d','throw',4,'TeamC','TeamD');
insert into gridironthrows(eventId,playerThrowing,playerReceiving,yard,result) values ('ac8fadc5-5a21-4ddc-966a-ba12864ec1ec','Cody','Cameron','5','miss');
insert into gridirongameevents(id,gameId,playType,period,teamFor,teamAgainst) values ('9be61a54-ad44-4e9e-b9ff-ca6c31c3abcd','5291e163-d9b3-45d1-9320-525f258f258d','timeout',4,'TeamD','TeamC');
insert into gridirongameevents(id,gameId,playType,period,teamFor,teamAgainst) values ('fb6b8235-076d-4e18-8d3f-7b6d0489d48a','5291e163-d9b3-45d1-9320-525f258f258d','throw',4,'TeamD','TeamC');
insert into gridironthrows(eventId,playerThrowing,playerReceiving,yard,result) values ('fb6b8235-076d-4e18-8d3f-7b6d0489d48a','Dickson','Dapper','75','touchdown');
insert into gridirongameevents(id,gameId,playType,period,teamFor,teamAgainst) values ('ac1e6730-2afc-4979-81df-195e098f5d6e','5291e163-d9b3-45d1-9320-525f258f258d','turnover',4,'TeamD','TeamC');
insert into gridirongameevents(id,gameId,playType,period,teamFor,teamAgainst) values ('8b953ef9-25ea-4d1e-8f0f-1c125fb78512','5291e163-d9b3-45d1-9320-525f258f258d','kick',4,'TeamC','TeamD');
insert into gridironkicks(eventId,player,yard,result) values ('8b953ef9-25ea-4d1e-8f0f-1c125fb78512','Cauchy',107,'extra-kick');
insert into gridirongameevents(id,gameId,playType,period,teamFor,teamAgainst) values ('836f0536-2a6d-46a2-8e2c-8679f6b07707','5291e163-d9b3-45d1-9320-525f258f258d','flag',4,'TeamD','TeamC');
insert into gridirongameevents(id,gameId,playType,period,teamFor,teamAgainst) values ('67a7862f-503b-4a28-929d-da2a9a5f18c9','5291e163-d9b3-45d1-9320-525f258f258d','turnover',4,'TeamD','TeamC');
insert into gridirongameevents(id,gameId,playType,period,teamFor,teamAgainst) values ('1ab29b3a-a4df-4686-bf1c-79d81460f40b','5291e163-d9b3-45d1-9320-525f258f258d','timeout',4,'TeamC','TeamD');
insert into gridirongameevents(id,gameId,playType,period,teamFor,teamAgainst) values ('fde74cdd-e921-42db-8b1e-bdd1e58af7a8','5291e163-d9b3-45d1-9320-525f258f258d','timeout',4,'TeamC','TeamD');
insert into gridirongameevents(id,gameId,playType,period,teamFor,teamAgainst) values ('0ddcef70-f623-4b39-8bc3-57885de754f3','5291e163-d9b3-45d1-9320-525f258f258d','kick',4,'TeamD','TeamC');
insert into gridironkicks(eventId,player,yard,result) values ('0ddcef70-f623-4b39-8bc3-57885de754f3','Doppler',98,'field-goal');
insert into gridirongameevents(id,gameId,playType,period,teamFor,teamAgainst) values ('b30bcd34-7ab5-4301-befe-66167ffc10ab','5291e163-d9b3-45d1-9320-525f258f258d','timeout',4,'TeamC','TeamD');
insert into gridirongameevents(id,gameId,playType,period,teamFor,teamAgainst) values ('6854c9b7-5758-4a2f-a2c9-8be817d01278','5291e163-d9b3-45d1-9320-525f258f258d','flag',4,'TeamC','TeamD');
insert into gridirongameevents(id,gameId,playType,period,teamFor,teamAgainst) values ('1254e5f9-31d3-4eac-a122-25278dd17f47','5291e163-d9b3-45d1-9320-525f258f258d','throw',4,'TeamD','TeamC');
insert into gridironthrows(eventId,playerThrowing,playerReceiving,yard,result) values ('1254e5f9-31d3-4eac-a122-25278dd17f47','Denver','Daniel','43','touchdown');
insert into gridirongameevents(id,gameId,playType,period,teamFor,teamAgainst) values ('5cd69fca-8f67-4b48-948a-52e380e2a49f','5291e163-d9b3-45d1-9320-525f258f258d','throw',4,'TeamC','TeamD');
insert into gridironthrows(eventId,playerThrowing,playerReceiving,yard,result) values ('5cd69fca-8f67-4b48-948a-52e380e2a49f','Cauchy','Cody','46','touchdown');
insert into gridirongameevents(id,gameId,playType,period,teamFor,teamAgainst) values ('54667d03-13ab-41d0-9031-ae8d1cd60439','5291e163-d9b3-45d1-9320-525f258f258d','turnover',4,'TeamD','TeamC');
insert into gridirongameevents(id,gameId,playType,period,teamFor,teamAgainst) values ('5110474f-466c-4b9f-9166-b51e54045e56','5291e163-d9b3-45d1-9320-525f258f258d','flag',4,'TeamC','TeamD');
insert into gridirongameevents(id,gameId,playType,period,teamFor,teamAgainst) values ('dab52afb-6f9f-4f1c-8eed-cbcc91f4773c','5291e163-d9b3-45d1-9320-525f258f258d','timeout',4,'TeamC','TeamD');
insert into gridirongameevents(id,gameId,playType,period,teamFor,teamAgainst) values ('a7c1e147-ba47-4970-8705-dca2387f77b2','5291e163-d9b3-45d1-9320-525f258f258d','rush',4,'TeamC','TeamD');
insert into gridironrushes(eventId,player,yard,result) values ('a7c1e147-ba47-4970-8705-dca2387f77b2','Cameron',113,'touchdown');
insert into gridirongameevents(id,gameId,playType,period,teamFor,teamAgainst) values ('9c9775a7-1496-4fea-8887-4b10892586e4','5291e163-d9b3-45d1-9320-525f258f258d','kick',4,'TeamD','TeamC');
insert into gridironkicks(eventId,player,yard,result) values ('9c9775a7-1496-4fea-8887-4b10892586e4','Doppler',38,'field-goal');
insert into gridirongameevents(id,gameId,playType,period,teamFor,teamAgainst) values ('b67e6474-9bf1-4b6e-890c-f7a82ff4a790','5291e163-d9b3-45d1-9320-525f258f258d','timeout',4,'TeamC','TeamD');
insert into gridirongameevents(id,gameId,playType,period,teamFor,teamAgainst) values ('86564485-8d96-4450-9cd3-1207246f2649','5291e163-d9b3-45d1-9320-525f258f258d','flag',4,'TeamD','TeamC');
insert into gridirongameevents(id,gameId,playType,period,teamFor,teamAgainst) values ('5e12b6a5-e777-45f4-8f84-fc30040d1934','5291e163-d9b3-45d1-9320-525f258f258d','throw',4,'TeamD','TeamC');
insert into gridironthrows(eventId,playerThrowing,playerReceiving,yard,result) values ('5e12b6a5-e777-45f4-8f84-fc30040d1934','Daniel','Dapper','118','touchdown');
insert into gridirongameevents(id,gameId,playType,period,teamFor,teamAgainst) values ('50f2c5a6-b684-40d4-9870-30dec0e2901e','5291e163-d9b3-45d1-9320-525f258f258d','safety',4,'TeamC','TeamD');
insert into gridirongameevents(id,gameId,playType,period,teamFor,teamAgainst) values ('9012a9b7-96dc-40fc-b781-8aae4cf5f46f','5291e163-d9b3-45d1-9320-525f258f258d','rush',4,'TeamC','TeamD');
insert into gridironrushes(eventId,player,yard,result) values ('9012a9b7-96dc-40fc-b781-8aae4cf5f46f','Camel',99,'touchdown');
insert into gridirongameevents(id,gameId,playType,period,teamFor,teamAgainst) values ('b23781e5-deb1-4158-9704-3f2ce5845b50','5291e163-d9b3-45d1-9320-525f258f258d','kick',4,'TeamC','TeamD');
insert into gridironkicks(eventId,player,yard,result) values ('b23781e5-deb1-4158-9704-3f2ce5845b50','Caleb',74,'miss');
insert into gridirongameevents(id,gameId,playType,period,teamFor,teamAgainst) values ('f0600fab-4f17-4cb8-933a-e82d3882b922','5291e163-d9b3-45d1-9320-525f258f258d','timeout',4,'TeamC','TeamD');
insert into gridirongameevents(id,gameId,playType,period,teamFor,teamAgainst) values ('69892011-740f-4d46-8708-4c3f70583a1f','5291e163-d9b3-45d1-9320-525f258f258d','safety',4,'TeamD','TeamC');
insert into gridirongameevents(id,gameId,playType,period,teamFor,teamAgainst) values ('5e9b0cd7-feb4-4dfe-b3a3-f6f1167b7255','5291e163-d9b3-45d1-9320-525f258f258d','safety',4,'TeamD','TeamC');
insert into gridirongameevents(id,gameId,playType,period,teamFor,teamAgainst) values ('f636d9fb-84a3-41fe-8d5a-f39a6063821b','5291e163-d9b3-45d1-9320-525f258f258d','throw',4,'TeamD','TeamC');
insert into gridironthrows(eventId,playerThrowing,playerReceiving,yard,result) values ('f636d9fb-84a3-41fe-8d5a-f39a6063821b','Dapper','Dickson','85','miss');
insert into gridirongameevents(id,gameId,playType,period,teamFor,teamAgainst) values ('d9cf29ab-69a6-4a15-b951-8c155ca97807','5291e163-d9b3-45d1-9320-525f258f258d','safety',4,'TeamC','TeamD');
insert into gridirongameevents(id,gameId,playType,period,teamFor,teamAgainst) values ('6545bcbb-c7a1-4ea9-b25b-730265aff6a0','5291e163-d9b3-45d1-9320-525f258f258d','throw',4,'TeamC','TeamD');
insert into gridironthrows(eventId,playerThrowing,playerReceiving,yard,result) values ('6545bcbb-c7a1-4ea9-b25b-730265aff6a0','Cody','Camel','-6','non-scoring');
insert into gridirongameevents(id,gameId,playType,period,teamFor,teamAgainst) values ('02bd3b82-ec39-439f-97c5-4e2a7fb38580','5291e163-d9b3-45d1-9320-525f258f258d','safety',4,'TeamC','TeamD');
insert into gridirongameevents(id,gameId,playType,period,teamFor,teamAgainst) values ('51d014f6-077e-45c5-8a4d-4dd686bce189','5291e163-d9b3-45d1-9320-525f258f258d','turnover',4,'TeamC','TeamD');
insert into gridirongameevents(id,gameId,playType,period,teamFor,teamAgainst) values ('a6a84559-6303-4779-801b-aeed7a7742cf','5291e163-d9b3-45d1-9320-525f258f258d','timeout',4,'TeamD','TeamC');
insert into gridirongameevents(id,gameId,playType,period,teamFor,teamAgainst) values ('be54555c-fd3b-423c-85a9-d2e0f415ed54','5291e163-d9b3-45d1-9320-525f258f258d','flag',4,'TeamD','TeamC');
insert into gridirongameevents(id,gameId,playType,period,teamFor,teamAgainst) values ('5bdb3ba7-62a4-456d-9831-7f6be408b70b','5291e163-d9b3-45d1-9320-525f258f258d','safety',4,'TeamC','TeamD');
insert into gridirongameevents(id,gameId,playType,period,teamFor,teamAgainst) values ('643001fb-1d49-450a-aeb8-5deeda06793d','5291e163-d9b3-45d1-9320-525f258f258d','timeout',4,'TeamD','TeamC');
insert into gridirongameevents(id,gameId,playType,period,teamFor,teamAgainst) values ('f66b9ed6-78ff-49c2-8ace-ceacbdc8bc61','5291e163-d9b3-45d1-9320-525f258f258d','kick',4,'TeamC','TeamD');
insert into gridironkicks(eventId,player,yard,result) values ('f66b9ed6-78ff-49c2-8ace-ceacbdc8bc61','Cody',119,'field-goal');
insert into gridirongameevents(id,gameId,playType,period,teamFor,teamAgainst) values ('420046ad-a022-4fcd-8633-f4375db9434d','5291e163-d9b3-45d1-9320-525f258f258d','timeout',4,'TeamD','TeamC');
insert into gridirongameevents(id,gameId,playType,period,teamFor,teamAgainst) values ('5733c161-2848-4eaf-882c-16d081a04a07','5291e163-d9b3-45d1-9320-525f258f258d','flag',4,'TeamD','TeamC');
insert into gridirongameevents(id,gameId,playType,period,teamFor,teamAgainst) values ('59d5c634-c07f-43a5-a72c-0842db518615','5291e163-d9b3-45d1-9320-525f258f258d','rush',4,'TeamC','TeamD');
insert into gridironrushes(eventId,player,yard,result) values ('59d5c634-c07f-43a5-a72c-0842db518615','Caleb',68,'2pt');
insert into gridirongameevents(id,gameId,playType,period,teamFor,teamAgainst) values ('92af655c-7253-450c-b30e-d91a789e9cc7','5291e163-d9b3-45d1-9320-525f258f258d','kick',4,'TeamC','TeamD');
insert into gridironkicks(eventId,player,yard,result) values ('92af655c-7253-450c-b30e-d91a789e9cc7','Cameron',104,'miss');
insert into gridirongameevents(id,gameId,playType,period,teamFor,teamAgainst) values ('8f55a065-23da-4ec3-b941-9db92704c87a','5291e163-d9b3-45d1-9320-525f258f258d','turnover',4,'TeamC','TeamD');
insert into gridirongameevents(id,gameId,playType,period,teamFor,teamAgainst) values ('aa614604-6a03-42fc-a439-58599cc6939a','5291e163-d9b3-45d1-9320-525f258f258d','kick',4,'TeamC','TeamD');
insert into gridironkicks(eventId,player,yard,result) values ('aa614604-6a03-42fc-a439-58599cc6939a','Cody',93,'miss');
insert into gridirongameevents(id,gameId,playType,period,teamFor,teamAgainst) values ('9e469886-0cde-4599-98e2-3f2eb08124cd','5291e163-d9b3-45d1-9320-525f258f258d','kick',4,'TeamD','TeamC');
insert into gridironkicks(eventId,player,yard,result) values ('9e469886-0cde-4599-98e2-3f2eb08124cd','Denver',65,'miss');
insert into gridirongameevents(id,gameId,playType,period,teamFor,teamAgainst) values ('a20d1923-f699-4504-bb06-1e5ae53ea45a','5291e163-d9b3-45d1-9320-525f258f258d','flag',4,'TeamC','TeamD');
insert into gridirongameevents(id,gameId,playType,period,teamFor,teamAgainst) values ('d94ee1b2-9a62-4279-b00c-39c9605b84c1','5291e163-d9b3-45d1-9320-525f258f258d','throw',4,'TeamC','TeamD');
insert into gridironthrows(eventId,playerThrowing,playerReceiving,yard,result) values ('d94ee1b2-9a62-4279-b00c-39c9605b84c1','Cauchy','Caleb','77','touchdown');
insert into gridirongameevents(id,gameId,playType,period,teamFor,teamAgainst) values ('b9a3a837-7a4d-44c5-b1b6-977a8b70f99c','5291e163-d9b3-45d1-9320-525f258f258d','flag',4,'TeamD','TeamC');
insert into gridirongameevents(id,gameId,playType,period,teamFor,teamAgainst) values ('372daa05-9896-4b0a-81e9-b0c4cdb3e4e5','5291e163-d9b3-45d1-9320-525f258f258d','turnover',4,'TeamD','TeamC');
insert into gridirongameevents(id,gameId,playType,period,teamFor,teamAgainst) values ('4145e6c1-808f-417c-b500-a4fbaa6c6f63','5291e163-d9b3-45d1-9320-525f258f258d','flag',4,'TeamC','TeamD');
insert into gridirongameevents(id,gameId,playType,period,teamFor,teamAgainst) values ('1a8887ae-ddc8-41ec-8a8d-f419f6354c04','5291e163-d9b3-45d1-9320-525f258f258d','timeout',4,'TeamC','TeamD');
insert into gridirongameevents(id,gameId,playType,period,teamFor,teamAgainst) values ('4cfb5967-319a-4acf-8eac-5c9f81aa8719','5291e163-d9b3-45d1-9320-525f258f258d','kick',4,'TeamC','TeamD');
insert into gridironkicks(eventId,player,yard,result) values ('4cfb5967-319a-4acf-8eac-5c9f81aa8719','Cauchy',59,'extra-kick');
insert into gridirongameevents(id,gameId,playType,period,teamFor,teamAgainst) values ('d2714c74-eaaf-425b-a285-ddcf62d75c6c','5291e163-d9b3-45d1-9320-525f258f258d','safety',4,'TeamC','TeamD');
insert into gridirongameevents(id,gameId,playType,period,teamFor,teamAgainst) values ('9680ef8b-d583-4ecc-a946-22d3f35cb35e','5291e163-d9b3-45d1-9320-525f258f258d','safety',4,'TeamC','TeamD');
insert into gridirongameevents(id,gameId,playType,period,teamFor,teamAgainst) values ('6504e889-6a23-45af-9909-78a5c97edc37','5291e163-d9b3-45d1-9320-525f258f258d','kick',4,'TeamD','TeamC');
insert into gridironkicks(eventId,player,yard,result) values ('6504e889-6a23-45af-9909-78a5c97edc37','Dapper',96,'miss');
insert into gridirongameevents(id,gameId,playType,period,teamFor,teamAgainst) values ('1b6c7c9a-046f-471d-9c6a-b8545a470e55','5291e163-d9b3-45d1-9320-525f258f258d','kick',4,'TeamC','TeamD');
insert into gridironkicks(eventId,player,yard,result) values ('1b6c7c9a-046f-471d-9c6a-b8545a470e55','Cameron',94,'miss');
insert into gridirongameevents(id,gameId,playType,period,teamFor,teamAgainst) values ('532b9f5a-9fe9-41a3-87b7-5f488c3d849f','5291e163-d9b3-45d1-9320-525f258f258d','safety',4,'TeamC','TeamD');
insert into gridirongameevents(id,gameId,playType,period,teamFor,teamAgainst) values ('0fad29e7-87f4-4769-aee6-46ae9be3b427','5291e163-d9b3-45d1-9320-525f258f258d','kick',4,'TeamC','TeamD');
insert into gridironkicks(eventId,player,yard,result) values ('0fad29e7-87f4-4769-aee6-46ae9be3b427','Cameron',22,'miss');
insert into gridirongameevents(id,gameId,playType,period,teamFor,teamAgainst) values ('2fa45a53-90e2-4c90-aa9d-54b722b6834f','5291e163-d9b3-45d1-9320-525f258f258d','rush',4,'TeamD','TeamC');
insert into gridironrushes(eventId,player,yard,result) values ('2fa45a53-90e2-4c90-aa9d-54b722b6834f','Dickson',104,'2pt');
insert into gridirongameevents(id,gameId,playType,period,teamFor,teamAgainst) values ('526166bb-6a67-4ed0-9054-88681d0a10d0','5291e163-d9b3-45d1-9320-525f258f258d','throw',4,'TeamD','TeamC');
insert into gridironthrows(eventId,playerThrowing,playerReceiving,yard,result) values ('526166bb-6a67-4ed0-9054-88681d0a10d0','Dapper','Doppler','5','2pt');
insert into gridirongameevents(id,gameId,playType,period,teamFor,teamAgainst) values ('729b3447-8452-40c2-a587-6bd4b1a717e2','5291e163-d9b3-45d1-9320-525f258f258d','flag',4,'TeamC','TeamD');
insert into gridirongameevents(id,gameId,playType,period,teamFor,teamAgainst) values ('d42506d2-9087-4a06-ba33-89611bc056b0','5291e163-d9b3-45d1-9320-525f258f258d','rush',4,'TeamD','TeamC');
insert into gridironrushes(eventId,player,yard,result) values ('d42506d2-9087-4a06-ba33-89611bc056b0','Daniel',-7,'non-scoring');
insert into gridirongameevents(id,gameId,playType,period,teamFor,teamAgainst) values ('36b2fb35-0099-477f-b79f-28da634dd33e','5291e163-d9b3-45d1-9320-525f258f258d','timeout',4,'TeamC','TeamD');
insert into gridirongameevents(id,gameId,playType,period,teamFor,teamAgainst) values ('5f7d7dbb-2c9f-4f14-935b-d2bc17b8f5ed','5291e163-d9b3-45d1-9320-525f258f258d','flag',4,'TeamD','TeamC');
insert into gridirongameevents(id,gameId,playType,period,teamFor,teamAgainst) values ('da0d999c-b4c5-4bd3-86b3-b826544f9de2','5291e163-d9b3-45d1-9320-525f258f258d','throw',4,'TeamC','TeamD');
insert into gridironthrows(eventId,playerThrowing,playerReceiving,yard,result) values ('da0d999c-b4c5-4bd3-86b3-b826544f9de2','Camel','Caleb','91','touchdown');
insert into gridirongameevents(id,gameId,playType,period,teamFor,teamAgainst) values ('0b824c77-19f7-4894-a696-2b5ebae527d4','5291e163-d9b3-45d1-9320-525f258f258d','kick',4,'TeamC','TeamD');
insert into gridironkicks(eventId,player,yard,result) values ('0b824c77-19f7-4894-a696-2b5ebae527d4','Cody',82,'extra-kick');
insert into gridirongameevents(id,gameId,playType,period,teamFor,teamAgainst) values ('5da3b3cf-3ef2-459c-b002-80c08c12a5a8','5291e163-d9b3-45d1-9320-525f258f258d','turnover',4,'TeamD','TeamC');
insert into gridirongameevents(id,gameId,playType,period,teamFor,teamAgainst) values ('7547edef-6abb-483e-865a-2bf369351894','5291e163-d9b3-45d1-9320-525f258f258d','timeout',4,'TeamD','TeamC');
insert into gridirongameevents(id,gameId,playType,period,teamFor,teamAgainst) values ('049f40ce-0ff5-4652-8060-09be698bd669','5291e163-d9b3-45d1-9320-525f258f258d','turnover',4,'TeamC','TeamD');
insert into gridirongameevents(id,gameId,playType,period,teamFor,teamAgainst) values ('9b03b420-e7da-4efd-8f59-c28f34910e2c','5291e163-d9b3-45d1-9320-525f258f258d','kick',4,'TeamD','TeamC');
insert into gridironkicks(eventId,player,yard,result) values ('9b03b420-e7da-4efd-8f59-c28f34910e2c','Doppler',21,'extra-kick');
insert into gridirongameevents(id,gameId,playType,period,teamFor,teamAgainst) values ('39581285-c594-4e56-98cb-c683e1e19db7','5291e163-d9b3-45d1-9320-525f258f258d','flag',4,'TeamD','TeamC');
insert into gridirongameevents(id,gameId,playType,period,teamFor,teamAgainst) values ('ccdc98a7-fe9b-4515-b8d3-10e2abb919ae','5291e163-d9b3-45d1-9320-525f258f258d','timeout',4,'TeamD','TeamC');
insert into gridirongameevents(id,gameId,playType,period,teamFor,teamAgainst) values ('1c418c25-f9d6-4726-8188-155729a36a29','5291e163-d9b3-45d1-9320-525f258f258d','timeout',4,'TeamC','TeamD');
insert into gridirongameevents(id,gameId,playType,period,teamFor,teamAgainst) values ('54f755c0-fe5a-4c79-9cf5-5c53a0b850b9','5291e163-d9b3-45d1-9320-525f258f258d','timeout',4,'TeamD','TeamC');
insert into gridirongameevents(id,gameId,playType,period,teamFor,teamAgainst) values ('f975cf25-b734-49ff-afa0-be57a104ec2e','5291e163-d9b3-45d1-9320-525f258f258d','kick',4,'TeamC','TeamD');
insert into gridironkicks(eventId,player,yard,result) values ('f975cf25-b734-49ff-afa0-be57a104ec2e','Cody',24,'extra-kick');
insert into gridirongameevents(id,gameId,playType,period,teamFor,teamAgainst) values ('dc49005e-9e14-4d44-885e-7e2d9b2902fb','5291e163-d9b3-45d1-9320-525f258f258d','turnover',4,'TeamD','TeamC');
insert into gridirongameevents(id,gameId,playType,period,teamFor,teamAgainst) values ('00fd9ea5-6fa2-4726-bd7e-766605bfcd2f','5291e163-d9b3-45d1-9320-525f258f258d','turnover',4,'TeamD','TeamC');
insert into gridirongameevents(id,gameId,playType,period,teamFor,teamAgainst) values ('adb5ec0b-5b86-415a-a341-814165bb3d61','5291e163-d9b3-45d1-9320-525f258f258d','safety',4,'TeamD','TeamC');
insert into gridirongameevents(id,gameId,playType,period,teamFor,teamAgainst) values ('9fa181bd-7065-4ba5-b8dc-765383bbb8c4','5291e163-d9b3-45d1-9320-525f258f258d','throw',4,'TeamD','TeamC');
insert into gridironthrows(eventId,playerThrowing,playerReceiving,yard,result) values ('9fa181bd-7065-4ba5-b8dc-765383bbb8c4','Denver','Doppler','111','non-scoring');
insert into gridirongameevents(id,gameId,playType,period,teamFor,teamAgainst) values ('b84abc14-0222-41bc-9dd8-cf9e3f9273b2','5291e163-d9b3-45d1-9320-525f258f258d','timeout',4,'TeamD','TeamC');
insert into gridirongameevents(id,gameId,playType,period,teamFor,teamAgainst) values ('c842ca89-e5e7-48ca-9c6e-e296100aee20','5291e163-d9b3-45d1-9320-525f258f258d','safety',4,'TeamD','TeamC');
insert into gridirongameevents(id,gameId,playType,period,teamFor,teamAgainst) values ('fd5682b3-7b04-4e97-ad46-d5b1d614c287','5291e163-d9b3-45d1-9320-525f258f258d','kick',4,'TeamC','TeamD');
insert into gridironkicks(eventId,player,yard,result) values ('fd5682b3-7b04-4e97-ad46-d5b1d614c287','Cody',117,'field-goal');
insert into gridirongameevents(id,gameId,playType,period,teamFor,teamAgainst) values ('f3f378d6-5efa-47ea-9cac-99e1039f9cb9','5291e163-d9b3-45d1-9320-525f258f258d','rush',4,'TeamD','TeamC');
insert into gridironrushes(eventId,player,yard,result) values ('f3f378d6-5efa-47ea-9cac-99e1039f9cb9','Doppler',44,'touchdown');
insert into gridirongameevents(id,gameId,playType,period,teamFor,teamAgainst) values ('7afb51a0-b5d9-4fb9-9c27-b325e6976391','5291e163-d9b3-45d1-9320-525f258f258d','kick',4,'TeamD','TeamC');
insert into gridironkicks(eventId,player,yard,result) values ('7afb51a0-b5d9-4fb9-9c27-b325e6976391','Dickson',77,'extra-kick');
insert into gridirongameevents(id,gameId,playType,period,teamFor,teamAgainst) values ('198f470d-7843-474b-8ce5-c6b554b97f58','5291e163-d9b3-45d1-9320-525f258f258d','kick',4,'TeamD','TeamC');
insert into gridironkicks(eventId,player,yard,result) values ('198f470d-7843-474b-8ce5-c6b554b97f58','Daniel',32,'extra-kick');
insert into gridirongameevents(id,gameId,playType,period,teamFor,teamAgainst) values ('90b08020-b9ad-4902-b2fb-0b845c06dd80','5291e163-d9b3-45d1-9320-525f258f258d','throw',4,'TeamC','TeamD');
insert into gridironthrows(eventId,playerThrowing,playerReceiving,yard,result) values ('90b08020-b9ad-4902-b2fb-0b845c06dd80','Cameron','Camel','41','miss');
insert into gridirongameevents(id,gameId,playType,period,teamFor,teamAgainst) values ('c229fdcf-7044-4b3d-8ac8-378910841a40','5291e163-d9b3-45d1-9320-525f258f258d','turnover',4,'TeamC','TeamD');
insert into gridirongameevents(id,gameId,playType,period,teamFor,teamAgainst) values ('450ac424-8ba8-4372-900b-02cda76364ae','5291e163-d9b3-45d1-9320-525f258f258d','flag',4,'TeamC','TeamD');
insert into gridirongameevents(id,gameId,playType,period,teamFor,teamAgainst) values ('1f123364-f762-4f44-87cf-3a890db04a1d','5291e163-d9b3-45d1-9320-525f258f258d','kick',4,'TeamD','TeamC');
insert into gridironkicks(eventId,player,yard,result) values ('1f123364-f762-4f44-87cf-3a890db04a1d','Daniel',3,'miss');
insert into gridirongameevents(id,gameId,playType,period,teamFor,teamAgainst) values ('b56714d9-bea8-46e3-9fc3-93acf89f3a0d','5291e163-d9b3-45d1-9320-525f258f258d','timeout',4,'TeamC','TeamD');
insert into gridirongameevents(id,gameId,playType,period,teamFor,teamAgainst) values ('4a759950-dc33-4dcd-b9d3-2161b0a64750','5291e163-d9b3-45d1-9320-525f258f258d','kick',4,'TeamC','TeamD');
insert into gridironkicks(eventId,player,yard,result) values ('4a759950-dc33-4dcd-b9d3-2161b0a64750','Cody',91,'miss');
insert into gridirongameevents(id,gameId,playType,period,teamFor,teamAgainst) values ('80a1472d-c947-427f-90f2-72532a6723a0','5291e163-d9b3-45d1-9320-525f258f258d','turnover',4,'TeamC','TeamD');
insert into gridirongameevents(id,gameId,playType,period,teamFor,teamAgainst) values ('1ac0462b-813b-4986-b162-bb01a1e89a5c','5291e163-d9b3-45d1-9320-525f258f258d','safety',4,'TeamD','TeamC');
insert into gridirongameevents(id,gameId,playType,period,teamFor,teamAgainst) values ('c33699c9-e92f-4112-ae4d-c9204cde0bda','5291e163-d9b3-45d1-9320-525f258f258d','flag',4,'TeamC','TeamD');
insert into gridirongameevents(id,gameId,playType,period,teamFor,teamAgainst) values ('8b5ca5bb-3822-4469-b824-c3452084facd','5291e163-d9b3-45d1-9320-525f258f258d','turnover',4,'TeamC','TeamD');
insert into gridirongameevents(id,gameId,playType,period,teamFor,teamAgainst) values ('b4870912-3180-4be4-bf6b-600d9a3f1601','5291e163-d9b3-45d1-9320-525f258f258d','timeout',4,'TeamC','TeamD');
insert into gridirongameevents(id,gameId,playType,period,teamFor,teamAgainst) values ('7c119088-588f-4037-a875-f1d14eacaede','5291e163-d9b3-45d1-9320-525f258f258d','timeout',4,'TeamD','TeamC');
insert into gridirongames(id,leagueId,home,away,starttime) values ('9ebb28ad-b8f5-4185-a37c-932a0c6bf9f4','ea4bc412-c6e3-40e9-9753-275730216d50','TeamA','TeamC','2023-02-23T22:42:43+00:00');
insert into gridirongameevents(id,gameId,playType,period,teamFor,teamAgainst) values ('d6868995-b4a6-4bd6-b816-4d650d2bbaee','9ebb28ad-b8f5-4185-a37c-932a0c6bf9f4','safety',1,'TeamC','TeamA');
insert into gridirongameevents(id,gameId,playType,period,teamFor,teamAgainst) values ('c0cf09f5-972f-418a-8397-15fec5b895d1','9ebb28ad-b8f5-4185-a37c-932a0c6bf9f4','turnover',1,'TeamA','TeamC');
insert into gridirongameevents(id,gameId,playType,period,teamFor,teamAgainst) values ('89c66350-27bb-4ee5-a3d4-385ef87a8d35','9ebb28ad-b8f5-4185-a37c-932a0c6bf9f4','turnover',1,'TeamA','TeamC');
insert into gridirongameevents(id,gameId,playType,period,teamFor,teamAgainst) values ('e88718a7-a158-42b0-b043-a4a2df7c8884','9ebb28ad-b8f5-4185-a37c-932a0c6bf9f4','safety',1,'TeamA','TeamC');
insert into gridirongameevents(id,gameId,playType,period,teamFor,teamAgainst) values ('b8b6c6fb-3298-4408-b316-55b46bed2fc6','9ebb28ad-b8f5-4185-a37c-932a0c6bf9f4','timeout',1,'TeamA','TeamC');
insert into gridirongameevents(id,gameId,playType,period,teamFor,teamAgainst) values ('fe92291c-658c-4213-bb8f-98b36553dddc','9ebb28ad-b8f5-4185-a37c-932a0c6bf9f4','turnover',1,'TeamA','TeamC');
insert into gridirongameevents(id,gameId,playType,period,teamFor,teamAgainst) values ('9589b4b4-1b4d-424b-b275-3efe061737f7','9ebb28ad-b8f5-4185-a37c-932a0c6bf9f4','throw',1,'TeamA','TeamC');
insert into gridironthrows(eventId,playerThrowing,playerReceiving,yard,result) values ('9589b4b4-1b4d-424b-b275-3efe061737f7','Cameron','Caleb','78','2pt');
insert into gridirongameevents(id,gameId,playType,period,teamFor,teamAgainst) values ('4b19b667-ad87-4f07-83ff-12b3585d2ec9','9ebb28ad-b8f5-4185-a37c-932a0c6bf9f4','safety',1,'TeamC','TeamA');
insert into gridirongameevents(id,gameId,playType,period,teamFor,teamAgainst) values ('f6e82ea3-feff-4804-b08f-0a88d10e374f','9ebb28ad-b8f5-4185-a37c-932a0c6bf9f4','throw',1,'TeamC','TeamA');
insert into gridironthrows(eventId,playerThrowing,playerReceiving,yard,result) values ('f6e82ea3-feff-4804-b08f-0a88d10e374f','Dapper','Doppler','39','miss');
insert into gridirongameevents(id,gameId,playType,period,teamFor,teamAgainst) values ('57401513-b1c7-4186-980e-b2243742464c','9ebb28ad-b8f5-4185-a37c-932a0c6bf9f4','flag',1,'TeamA','TeamC');
insert into gridirongameevents(id,gameId,playType,period,teamFor,teamAgainst) values ('d777c3dd-3db8-45bc-a4ee-5dc38de2e650','9ebb28ad-b8f5-4185-a37c-932a0c6bf9f4','kick',1,'TeamA','TeamC');
insert into gridironkicks(eventId,player,yard,result) values ('d777c3dd-3db8-45bc-a4ee-5dc38de2e650','Cameron',97,'extra-kick');
insert into gridirongameevents(id,gameId,playType,period,teamFor,teamAgainst) values ('95e0ee69-0eb3-4594-b89a-2a8c0f39d32a','9ebb28ad-b8f5-4185-a37c-932a0c6bf9f4','timeout',1,'TeamC','TeamA');
insert into gridirongameevents(id,gameId,playType,period,teamFor,teamAgainst) values ('ed2bfabf-180b-4ea0-b7f8-e4106238ed5d','9ebb28ad-b8f5-4185-a37c-932a0c6bf9f4','turnover',1,'TeamC','TeamA');
insert into gridirongameevents(id,gameId,playType,period,teamFor,teamAgainst) values ('5a414171-9239-41de-b87e-dea682cd7642','9ebb28ad-b8f5-4185-a37c-932a0c6bf9f4','timeout',1,'TeamC','TeamA');
insert into gridirongameevents(id,gameId,playType,period,teamFor,teamAgainst) values ('00327149-fdb9-46ae-bd7b-747dacddba10','9ebb28ad-b8f5-4185-a37c-932a0c6bf9f4','flag',1,'TeamA','TeamC');
insert into gridirongameevents(id,gameId,playType,period,teamFor,teamAgainst) values ('65ddf134-5794-4cca-baa7-bd4dae64a653','9ebb28ad-b8f5-4185-a37c-932a0c6bf9f4','safety',1,'TeamA','TeamC');
insert into gridirongameevents(id,gameId,playType,period,teamFor,teamAgainst) values ('723c10cb-0525-482d-92a2-9fd834158221','9ebb28ad-b8f5-4185-a37c-932a0c6bf9f4','safety',1,'TeamC','TeamA');
insert into gridirongameevents(id,gameId,playType,period,teamFor,teamAgainst) values ('669971f9-60d2-439a-bc0c-b1ba52629750','9ebb28ad-b8f5-4185-a37c-932a0c6bf9f4','safety',1,'TeamA','TeamC');
insert into gridirongameevents(id,gameId,playType,period,teamFor,teamAgainst) values ('962a4e21-d127-4e3e-9e7d-a6f88a7bc316','9ebb28ad-b8f5-4185-a37c-932a0c6bf9f4','flag',1,'TeamC','TeamA');
insert into gridirongameevents(id,gameId,playType,period,teamFor,teamAgainst) values ('b191b28a-13be-4113-820a-ae5a757de985','9ebb28ad-b8f5-4185-a37c-932a0c6bf9f4','kick',1,'TeamC','TeamA');
insert into gridironkicks(eventId,player,yard,result) values ('b191b28a-13be-4113-820a-ae5a757de985','Dickson',16,'field-goal');
insert into gridirongameevents(id,gameId,playType,period,teamFor,teamAgainst) values ('f2fd522f-bb01-494e-9ea1-bab9ee6c2224','9ebb28ad-b8f5-4185-a37c-932a0c6bf9f4','kick',1,'TeamA','TeamC');
insert into gridironkicks(eventId,player,yard,result) values ('f2fd522f-bb01-494e-9ea1-bab9ee6c2224','Cameron',41,'miss');
insert into gridirongameevents(id,gameId,playType,period,teamFor,teamAgainst) values ('f4cb7ac4-d6b8-48c0-82f1-c814e5f4f9e1','9ebb28ad-b8f5-4185-a37c-932a0c6bf9f4','kick',1,'TeamC','TeamA');
insert into gridironkicks(eventId,player,yard,result) values ('f4cb7ac4-d6b8-48c0-82f1-c814e5f4f9e1','Doppler',119,'field-goal');
insert into gridirongameevents(id,gameId,playType,period,teamFor,teamAgainst) values ('7071f705-7b0d-4fde-921d-fb46deda82a0','9ebb28ad-b8f5-4185-a37c-932a0c6bf9f4','safety',1,'TeamA','TeamC');
insert into gridirongameevents(id,gameId,playType,period,teamFor,teamAgainst) values ('d88ef6f0-99c7-4a21-8856-c5a6bc69a258','9ebb28ad-b8f5-4185-a37c-932a0c6bf9f4','rush',1,'TeamC','TeamA');
insert into gridironrushes(eventId,player,yard,result) values ('d88ef6f0-99c7-4a21-8856-c5a6bc69a258','Doppler',62,'non-scoring');
insert into gridirongameevents(id,gameId,playType,period,teamFor,teamAgainst) values ('029b0cbe-5651-485e-b772-e3e98d392276','9ebb28ad-b8f5-4185-a37c-932a0c6bf9f4','kick',1,'TeamA','TeamC');
insert into gridironkicks(eventId,player,yard,result) values ('029b0cbe-5651-485e-b772-e3e98d392276','Cauchy',68,'extra-kick');
insert into gridirongameevents(id,gameId,playType,period,teamFor,teamAgainst) values ('c37b5111-59e5-4b04-baad-5ca3b0a392ca','9ebb28ad-b8f5-4185-a37c-932a0c6bf9f4','throw',1,'TeamA','TeamC');
insert into gridironthrows(eventId,playerThrowing,playerReceiving,yard,result) values ('c37b5111-59e5-4b04-baad-5ca3b0a392ca','Cameron','Caleb','29','miss');
insert into gridirongameevents(id,gameId,playType,period,teamFor,teamAgainst) values ('6a6841fd-e177-45b4-bdc0-76f547a724c5','9ebb28ad-b8f5-4185-a37c-932a0c6bf9f4','throw',1,'TeamC','TeamA');
insert into gridironthrows(eventId,playerThrowing,playerReceiving,yard,result) values ('6a6841fd-e177-45b4-bdc0-76f547a724c5','Dickson','Daniel','10','miss');
insert into gridirongameevents(id,gameId,playType,period,teamFor,teamAgainst) values ('2e2a7df2-b684-4129-ae0f-63313be1a575','9ebb28ad-b8f5-4185-a37c-932a0c6bf9f4','throw',1,'TeamC','TeamA');
insert into gridironthrows(eventId,playerThrowing,playerReceiving,yard,result) values ('2e2a7df2-b684-4129-ae0f-63313be1a575','Dapper','Daniel','7','2pt');
insert into gridirongameevents(id,gameId,playType,period,teamFor,teamAgainst) values ('bfa620de-b149-47b9-b18a-e9265c1394df','9ebb28ad-b8f5-4185-a37c-932a0c6bf9f4','throw',1,'TeamA','TeamC');
insert into gridironthrows(eventId,playerThrowing,playerReceiving,yard,result) values ('bfa620de-b149-47b9-b18a-e9265c1394df','Cameron','Camel','25','touchdown');
insert into gridirongameevents(id,gameId,playType,period,teamFor,teamAgainst) values ('02f66baa-8395-481f-b1f1-df407120d43c','9ebb28ad-b8f5-4185-a37c-932a0c6bf9f4','flag',1,'TeamA','TeamC');
insert into gridirongameevents(id,gameId,playType,period,teamFor,teamAgainst) values ('127b1be8-59a4-4b68-862d-d821ea3aa880','9ebb28ad-b8f5-4185-a37c-932a0c6bf9f4','timeout',1,'TeamA','TeamC');
insert into gridirongameevents(id,gameId,playType,period,teamFor,teamAgainst) values ('2db6bdbb-77b3-4015-b817-1f5d6c840ab4','9ebb28ad-b8f5-4185-a37c-932a0c6bf9f4','throw',1,'TeamA','TeamC');
insert into gridironthrows(eventId,playerThrowing,playerReceiving,yard,result) values ('2db6bdbb-77b3-4015-b817-1f5d6c840ab4','Camel','Cody','44','non-scoring');
insert into gridirongameevents(id,gameId,playType,period,teamFor,teamAgainst) values ('2fc84906-2e60-449a-b4f4-cccc08378ff4','9ebb28ad-b8f5-4185-a37c-932a0c6bf9f4','throw',1,'TeamC','TeamA');
insert into gridironthrows(eventId,playerThrowing,playerReceiving,yard,result) values ('2fc84906-2e60-449a-b4f4-cccc08378ff4','Denver','Dickson','-7','non-scoring');
insert into gridirongameevents(id,gameId,playType,period,teamFor,teamAgainst) values ('0d9a846e-da22-45e1-9789-38e80583ba14','9ebb28ad-b8f5-4185-a37c-932a0c6bf9f4','throw',1,'TeamC','TeamA');
insert into gridironthrows(eventId,playerThrowing,playerReceiving,yard,result) values ('0d9a846e-da22-45e1-9789-38e80583ba14','Dapper','Denver','96','2pt');
insert into gridirongameevents(id,gameId,playType,period,teamFor,teamAgainst) values ('4c2f13bd-abf8-486b-8c4b-3ac0731d5d4c','9ebb28ad-b8f5-4185-a37c-932a0c6bf9f4','flag',1,'TeamC','TeamA');
insert into gridirongameevents(id,gameId,playType,period,teamFor,teamAgainst) values ('d82e07a3-7028-4b8e-8fc1-49a41670c45f','9ebb28ad-b8f5-4185-a37c-932a0c6bf9f4','flag',1,'TeamA','TeamC');
insert into gridirongameevents(id,gameId,playType,period,teamFor,teamAgainst) values ('ccbf4267-ecc3-4d40-bf07-9b8c56e79cdf','9ebb28ad-b8f5-4185-a37c-932a0c6bf9f4','rush',1,'TeamA','TeamC');
insert into gridironrushes(eventId,player,yard,result) values ('ccbf4267-ecc3-4d40-bf07-9b8c56e79cdf','Cody',111,'non-scoring');
insert into gridirongameevents(id,gameId,playType,period,teamFor,teamAgainst) values ('298f5299-773b-4452-b415-d99566f04d61','9ebb28ad-b8f5-4185-a37c-932a0c6bf9f4','kick',1,'TeamA','TeamC');
insert into gridironkicks(eventId,player,yard,result) values ('298f5299-773b-4452-b415-d99566f04d61','Caleb',114,'extra-kick');
insert into gridirongameevents(id,gameId,playType,period,teamFor,teamAgainst) values ('d16eb254-a5da-4f76-befd-e5fdb78f0d84','9ebb28ad-b8f5-4185-a37c-932a0c6bf9f4','turnover',1,'TeamA','TeamC');
insert into gridirongameevents(id,gameId,playType,period,teamFor,teamAgainst) values ('2a9e013b-b91d-40a2-a7bd-0a6fa3c34df7','9ebb28ad-b8f5-4185-a37c-932a0c6bf9f4','timeout',1,'TeamA','TeamC');
insert into gridirongameevents(id,gameId,playType,period,teamFor,teamAgainst) values ('7ecef504-c947-40f9-9839-f4b014ab6410','9ebb28ad-b8f5-4185-a37c-932a0c6bf9f4','flag',1,'TeamA','TeamC');
insert into gridirongameevents(id,gameId,playType,period,teamFor,teamAgainst) values ('248c31b9-68b0-4a1e-b2e5-a97e58b673e9','9ebb28ad-b8f5-4185-a37c-932a0c6bf9f4','turnover',1,'TeamC','TeamA');
insert into gridirongameevents(id,gameId,playType,period,teamFor,teamAgainst) values ('a6508135-6480-4211-a875-a00097e0e6c8','9ebb28ad-b8f5-4185-a37c-932a0c6bf9f4','flag',1,'TeamC','TeamA');
insert into gridirongameevents(id,gameId,playType,period,teamFor,teamAgainst) values ('cae241c1-2731-46c0-b82f-f5b48bd99c27','9ebb28ad-b8f5-4185-a37c-932a0c6bf9f4','safety',1,'TeamC','TeamA');
insert into gridirongameevents(id,gameId,playType,period,teamFor,teamAgainst) values ('d64caf90-2ec6-40e7-a55d-529fe9a8d2cc','9ebb28ad-b8f5-4185-a37c-932a0c6bf9f4','kick',1,'TeamA','TeamC');
insert into gridironkicks(eventId,player,yard,result) values ('d64caf90-2ec6-40e7-a55d-529fe9a8d2cc','Cameron',97,'miss');
insert into gridirongameevents(id,gameId,playType,period,teamFor,teamAgainst) values ('ce5890a2-d7b9-47bf-bef3-58fc79e1d0fa','9ebb28ad-b8f5-4185-a37c-932a0c6bf9f4','throw',1,'TeamC','TeamA');
insert into gridironthrows(eventId,playerThrowing,playerReceiving,yard,result) values ('ce5890a2-d7b9-47bf-bef3-58fc79e1d0fa','Dapper','Doppler','116','miss');
insert into gridirongameevents(id,gameId,playType,period,teamFor,teamAgainst) values ('1e5cab18-af85-4a5c-98fd-1016db36b188','9ebb28ad-b8f5-4185-a37c-932a0c6bf9f4','turnover',1,'TeamA','TeamC');
insert into gridirongameevents(id,gameId,playType,period,teamFor,teamAgainst) values ('a89e8a05-8b84-4566-bbd3-e6bca6c45ab7','9ebb28ad-b8f5-4185-a37c-932a0c6bf9f4','throw',1,'TeamA','TeamC');
insert into gridironthrows(eventId,playerThrowing,playerReceiving,yard,result) values ('a89e8a05-8b84-4566-bbd3-e6bca6c45ab7','Cody','Cameron','-4','miss');
insert into gridirongameevents(id,gameId,playType,period,teamFor,teamAgainst) values ('059e7bd8-3b43-45b7-b10e-f701c0c365ae','9ebb28ad-b8f5-4185-a37c-932a0c6bf9f4','flag',1,'TeamC','TeamA');
insert into gridirongameevents(id,gameId,playType,period,teamFor,teamAgainst) values ('a5628002-3cef-4914-a91c-c0693984e825','9ebb28ad-b8f5-4185-a37c-932a0c6bf9f4','rush',1,'TeamA','TeamC');
insert into gridironrushes(eventId,player,yard,result) values ('a5628002-3cef-4914-a91c-c0693984e825','Caleb',72,'touchdown');
insert into gridirongameevents(id,gameId,playType,period,teamFor,teamAgainst) values ('641b14ed-8fd1-4e11-b691-e14077264256','9ebb28ad-b8f5-4185-a37c-932a0c6bf9f4','rush',1,'TeamA','TeamC');
insert into gridironrushes(eventId,player,yard,result) values ('641b14ed-8fd1-4e11-b691-e14077264256','Cauchy',96,'non-scoring');
insert into gridirongameevents(id,gameId,playType,period,teamFor,teamAgainst) values ('d62fda8c-83fd-42c4-b503-c5ab84a217ed','9ebb28ad-b8f5-4185-a37c-932a0c6bf9f4','turnover',1,'TeamC','TeamA');
insert into gridirongameevents(id,gameId,playType,period,teamFor,teamAgainst) values ('45fadc64-1287-4269-b8b8-aa37bc33fb55','9ebb28ad-b8f5-4185-a37c-932a0c6bf9f4','flag',1,'TeamA','TeamC');
insert into gridirongameevents(id,gameId,playType,period,teamFor,teamAgainst) values ('058003d3-0c03-4675-8361-6c0133fa890e','9ebb28ad-b8f5-4185-a37c-932a0c6bf9f4','safety',1,'TeamC','TeamA');
insert into gridirongameevents(id,gameId,playType,period,teamFor,teamAgainst) values ('b6905eba-d605-49af-b003-fca50bfbc5d4','9ebb28ad-b8f5-4185-a37c-932a0c6bf9f4','timeout',1,'TeamC','TeamA');
insert into gridirongameevents(id,gameId,playType,period,teamFor,teamAgainst) values ('f4dadbac-e749-4707-af27-ffa2e66650a8','9ebb28ad-b8f5-4185-a37c-932a0c6bf9f4','throw',1,'TeamC','TeamA');
insert into gridironthrows(eventId,playerThrowing,playerReceiving,yard,result) values ('f4dadbac-e749-4707-af27-ffa2e66650a8','Dapper','Daniel','101','touchdown');
insert into gridirongameevents(id,gameId,playType,period,teamFor,teamAgainst) values ('ab87a93b-f765-4174-8b23-49992fe8cf89','9ebb28ad-b8f5-4185-a37c-932a0c6bf9f4','turnover',1,'TeamC','TeamA');
insert into gridirongameevents(id,gameId,playType,period,teamFor,teamAgainst) values ('8341967e-d7c7-4d7d-940c-d8b50697d063','9ebb28ad-b8f5-4185-a37c-932a0c6bf9f4','safety',1,'TeamC','TeamA');
insert into gridirongameevents(id,gameId,playType,period,teamFor,teamAgainst) values ('69a4ff46-3470-487c-999c-a90a8458c28b','9ebb28ad-b8f5-4185-a37c-932a0c6bf9f4','rush',1,'TeamC','TeamA');
insert into gridironrushes(eventId,player,yard,result) values ('69a4ff46-3470-487c-999c-a90a8458c28b','Doppler',98,'2pt');
insert into gridirongameevents(id,gameId,playType,period,teamFor,teamAgainst) values ('9e7c65a2-df85-4218-8714-55ec1bbfa75f','9ebb28ad-b8f5-4185-a37c-932a0c6bf9f4','timeout',1,'TeamA','TeamC');
insert into gridirongameevents(id,gameId,playType,period,teamFor,teamAgainst) values ('56e22303-6a13-4603-a8c7-7b7c1bde0705','9ebb28ad-b8f5-4185-a37c-932a0c6bf9f4','kick',1,'TeamA','TeamC');
insert into gridironkicks(eventId,player,yard,result) values ('56e22303-6a13-4603-a8c7-7b7c1bde0705','Camel',54,'extra-kick');
insert into gridirongameevents(id,gameId,playType,period,teamFor,teamAgainst) values ('a9866c5c-bea7-45ec-b704-961aaebaebbf','9ebb28ad-b8f5-4185-a37c-932a0c6bf9f4','safety',1,'TeamC','TeamA');
insert into gridirongameevents(id,gameId,playType,period,teamFor,teamAgainst) values ('ae0b86eb-0d9b-4710-8dd4-69dfea843d71','9ebb28ad-b8f5-4185-a37c-932a0c6bf9f4','turnover',1,'TeamC','TeamA');
insert into gridirongameevents(id,gameId,playType,period,teamFor,teamAgainst) values ('65ea1ab0-7db1-45d9-a4b0-02d2c928913a','9ebb28ad-b8f5-4185-a37c-932a0c6bf9f4','turnover',1,'TeamC','TeamA');
insert into gridirongameevents(id,gameId,playType,period,teamFor,teamAgainst) values ('5c9655e8-ce36-4cb6-a2cb-621b2ee0ad72','9ebb28ad-b8f5-4185-a37c-932a0c6bf9f4','safety',1,'TeamA','TeamC');
insert into gridirongameevents(id,gameId,playType,period,teamFor,teamAgainst) values ('71ffd30f-98cc-4d6c-9f20-d7808f8e1a88','9ebb28ad-b8f5-4185-a37c-932a0c6bf9f4','safety',1,'TeamA','TeamC');
insert into gridirongameevents(id,gameId,playType,period,teamFor,teamAgainst) values ('107afc29-7978-4b84-974a-154f6c71dd7d','9ebb28ad-b8f5-4185-a37c-932a0c6bf9f4','kick',1,'TeamC','TeamA');
insert into gridironkicks(eventId,player,yard,result) values ('107afc29-7978-4b84-974a-154f6c71dd7d','Dapper',48,'field-goal');
insert into gridirongameevents(id,gameId,playType,period,teamFor,teamAgainst) values ('0ed112e2-d1ed-4ed9-b325-25ddcc41e955','9ebb28ad-b8f5-4185-a37c-932a0c6bf9f4','timeout',1,'TeamA','TeamC');
insert into gridirongameevents(id,gameId,playType,period,teamFor,teamAgainst) values ('eea77ab0-6723-415a-bf5c-e1e2909bc489','9ebb28ad-b8f5-4185-a37c-932a0c6bf9f4','kick',1,'TeamC','TeamA');
insert into gridironkicks(eventId,player,yard,result) values ('eea77ab0-6723-415a-bf5c-e1e2909bc489','Denver',62,'extra-kick');
insert into gridirongameevents(id,gameId,playType,period,teamFor,teamAgainst) values ('02d79a87-af96-4d7a-b3d9-4cf43702e502','9ebb28ad-b8f5-4185-a37c-932a0c6bf9f4','safety',1,'TeamA','TeamC');
insert into gridirongameevents(id,gameId,playType,period,teamFor,teamAgainst) values ('67892df1-5180-4f84-a746-e457bb463963','9ebb28ad-b8f5-4185-a37c-932a0c6bf9f4','rush',1,'TeamA','TeamC');
insert into gridironrushes(eventId,player,yard,result) values ('67892df1-5180-4f84-a746-e457bb463963','Cameron',55,'non-scoring');
insert into gridirongameevents(id,gameId,playType,period,teamFor,teamAgainst) values ('3836dab7-46ba-4a71-a8ef-50d87ad0bc84','9ebb28ad-b8f5-4185-a37c-932a0c6bf9f4','throw',1,'TeamA','TeamC');
insert into gridironthrows(eventId,playerThrowing,playerReceiving,yard,result) values ('3836dab7-46ba-4a71-a8ef-50d87ad0bc84','Cody','Caleb','10','miss');
insert into gridirongameevents(id,gameId,playType,period,teamFor,teamAgainst) values ('cada7e8f-655c-4bc5-83a4-9781b6425f17','9ebb28ad-b8f5-4185-a37c-932a0c6bf9f4','timeout',1,'TeamC','TeamA');
insert into gridirongameevents(id,gameId,playType,period,teamFor,teamAgainst) values ('28ad5f94-1ee8-40d0-b97f-8ee417a9f059','9ebb28ad-b8f5-4185-a37c-932a0c6bf9f4','kick',1,'TeamA','TeamC');
insert into gridironkicks(eventId,player,yard,result) values ('28ad5f94-1ee8-40d0-b97f-8ee417a9f059','Camel',26,'miss');
insert into gridirongameevents(id,gameId,playType,period,teamFor,teamAgainst) values ('d27384fa-0ee4-4b9d-a09c-476c67efc3bc','9ebb28ad-b8f5-4185-a37c-932a0c6bf9f4','kick',1,'TeamC','TeamA');
insert into gridironkicks(eventId,player,yard,result) values ('d27384fa-0ee4-4b9d-a09c-476c67efc3bc','Doppler',79,'miss');
insert into gridirongameevents(id,gameId,playType,period,teamFor,teamAgainst) values ('edfd1a9d-4c73-4a46-ab5f-aae45551797c','9ebb28ad-b8f5-4185-a37c-932a0c6bf9f4','turnover',1,'TeamC','TeamA');
insert into gridirongameevents(id,gameId,playType,period,teamFor,teamAgainst) values ('43f1e82c-6efd-469f-be1d-cabed892d0f8','9ebb28ad-b8f5-4185-a37c-932a0c6bf9f4','safety',1,'TeamA','TeamC');
insert into gridirongameevents(id,gameId,playType,period,teamFor,teamAgainst) values ('9a30327e-d55b-4d53-96b3-7909d7c9cb1b','9ebb28ad-b8f5-4185-a37c-932a0c6bf9f4','timeout',1,'TeamA','TeamC');
insert into gridirongameevents(id,gameId,playType,period,teamFor,teamAgainst) values ('cf586aae-4239-46bf-a54e-5fde3d675738','9ebb28ad-b8f5-4185-a37c-932a0c6bf9f4','kick',1,'TeamC','TeamA');
insert into gridironkicks(eventId,player,yard,result) values ('cf586aae-4239-46bf-a54e-5fde3d675738','Denver',62,'miss');
insert into gridirongameevents(id,gameId,playType,period,teamFor,teamAgainst) values ('4e680ce0-39be-442e-bfc8-80153d526952','9ebb28ad-b8f5-4185-a37c-932a0c6bf9f4','throw',1,'TeamA','TeamC');
insert into gridironthrows(eventId,playerThrowing,playerReceiving,yard,result) values ('4e680ce0-39be-442e-bfc8-80153d526952','Cauchy','Cody','107','touchdown');
insert into gridirongameevents(id,gameId,playType,period,teamFor,teamAgainst) values ('2a7fcdee-bdbd-4b34-a3f7-9ef58cadead2','9ebb28ad-b8f5-4185-a37c-932a0c6bf9f4','kick',1,'TeamA','TeamC');
insert into gridironkicks(eventId,player,yard,result) values ('2a7fcdee-bdbd-4b34-a3f7-9ef58cadead2','Caleb',11,'extra-kick');
insert into gridirongameevents(id,gameId,playType,period,teamFor,teamAgainst) values ('c8bd7cff-b6c2-473d-a0b2-d1b1b219bf33','9ebb28ad-b8f5-4185-a37c-932a0c6bf9f4','turnover',1,'TeamC','TeamA');
insert into gridirongameevents(id,gameId,playType,period,teamFor,teamAgainst) values ('87c74de5-aeb3-4dd4-91b7-73d0a76979f6','9ebb28ad-b8f5-4185-a37c-932a0c6bf9f4','rush',1,'TeamC','TeamA');
insert into gridironrushes(eventId,player,yard,result) values ('87c74de5-aeb3-4dd4-91b7-73d0a76979f6','Doppler',-5,'non-scoring');
insert into gridirongameevents(id,gameId,playType,period,teamFor,teamAgainst) values ('a5aea41e-8ec6-4b7e-85e0-1bf9bd052c7c','9ebb28ad-b8f5-4185-a37c-932a0c6bf9f4','flag',1,'TeamA','TeamC');
insert into gridirongameevents(id,gameId,playType,period,teamFor,teamAgainst) values ('254e7d6e-7e57-4fd7-a17b-b5aea21041e6','9ebb28ad-b8f5-4185-a37c-932a0c6bf9f4','turnover',1,'TeamA','TeamC');
insert into gridirongameevents(id,gameId,playType,period,teamFor,teamAgainst) values ('f7a9c4ef-7093-4458-9b64-4d94175914a4','9ebb28ad-b8f5-4185-a37c-932a0c6bf9f4','rush',1,'TeamC','TeamA');
insert into gridironrushes(eventId,player,yard,result) values ('f7a9c4ef-7093-4458-9b64-4d94175914a4','Denver',37,'2pt');
insert into gridirongameevents(id,gameId,playType,period,teamFor,teamAgainst) values ('f13e7cdc-ed93-40a4-acd2-d01b044d210a','9ebb28ad-b8f5-4185-a37c-932a0c6bf9f4','throw',1,'TeamC','TeamA');
insert into gridironthrows(eventId,playerThrowing,playerReceiving,yard,result) values ('f13e7cdc-ed93-40a4-acd2-d01b044d210a','Daniel','Dickson','42','touchdown');
insert into gridirongameevents(id,gameId,playType,period,teamFor,teamAgainst) values ('82c2d35b-99a8-40b1-bd95-36826d6584ae','9ebb28ad-b8f5-4185-a37c-932a0c6bf9f4','flag',1,'TeamA','TeamC');
insert into gridirongameevents(id,gameId,playType,period,teamFor,teamAgainst) values ('d5dd8e9c-24a4-4939-b64b-3bfb52e0a0bc','9ebb28ad-b8f5-4185-a37c-932a0c6bf9f4','timeout',1,'TeamC','TeamA');
insert into gridirongameevents(id,gameId,playType,period,teamFor,teamAgainst) values ('c5fad51c-747a-4d59-9d82-0fc5eb372b13','9ebb28ad-b8f5-4185-a37c-932a0c6bf9f4','turnover',1,'TeamC','TeamA');
insert into gridirongameevents(id,gameId,playType,period,teamFor,teamAgainst) values ('7142a83c-9412-4944-9551-1b7ad7c4405d','9ebb28ad-b8f5-4185-a37c-932a0c6bf9f4','timeout',1,'TeamA','TeamC');
insert into gridirongameevents(id,gameId,playType,period,teamFor,teamAgainst) values ('c6758f91-972d-40a5-b644-9420b78e35c1','9ebb28ad-b8f5-4185-a37c-932a0c6bf9f4','timeout',1,'TeamC','TeamA');
insert into gridirongameevents(id,gameId,playType,period,teamFor,teamAgainst) values ('c61fac8d-2d56-4d2d-84ff-d3a86458b3e0','9ebb28ad-b8f5-4185-a37c-932a0c6bf9f4','flag',1,'TeamA','TeamC');
insert into gridirongameevents(id,gameId,playType,period,teamFor,teamAgainst) values ('ad483fb1-e9c4-429f-b2b3-c1e7b5b8771a','9ebb28ad-b8f5-4185-a37c-932a0c6bf9f4','safety',1,'TeamA','TeamC');
insert into gridirongameevents(id,gameId,playType,period,teamFor,teamAgainst) values ('2e0f25dd-2f8a-4a5d-861b-846fd1ea18a7','9ebb28ad-b8f5-4185-a37c-932a0c6bf9f4','timeout',1,'TeamA','TeamC');
insert into gridirongameevents(id,gameId,playType,period,teamFor,teamAgainst) values ('e85d4153-af28-412d-bc03-c69cee6b0d5f','9ebb28ad-b8f5-4185-a37c-932a0c6bf9f4','safety',1,'TeamA','TeamC');
insert into gridirongameevents(id,gameId,playType,period,teamFor,teamAgainst) values ('c8cccbd3-87ec-491a-b4c0-702fc989ead4','9ebb28ad-b8f5-4185-a37c-932a0c6bf9f4','rush',1,'TeamA','TeamC');
insert into gridironrushes(eventId,player,yard,result) values ('c8cccbd3-87ec-491a-b4c0-702fc989ead4','Caleb',26,'touchdown');
insert into gridirongameevents(id,gameId,playType,period,teamFor,teamAgainst) values ('290eb733-7a6a-4e47-beb0-4df52d6b979f','9ebb28ad-b8f5-4185-a37c-932a0c6bf9f4','kick',1,'TeamA','TeamC');
insert into gridironkicks(eventId,player,yard,result) values ('290eb733-7a6a-4e47-beb0-4df52d6b979f','Cameron',98,'miss');
insert into gridirongameevents(id,gameId,playType,period,teamFor,teamAgainst) values ('03b51b7c-caab-4fd9-89f8-941203a18b1d','9ebb28ad-b8f5-4185-a37c-932a0c6bf9f4','turnover',1,'TeamA','TeamC');
insert into gridirongameevents(id,gameId,playType,period,teamFor,teamAgainst) values ('a0d73e4a-9fea-41cb-bb2d-798d72fba379','9ebb28ad-b8f5-4185-a37c-932a0c6bf9f4','kick',1,'TeamA','TeamC');
insert into gridironkicks(eventId,player,yard,result) values ('a0d73e4a-9fea-41cb-bb2d-798d72fba379','Cameron',3,'extra-kick');
insert into gridirongameevents(id,gameId,playType,period,teamFor,teamAgainst) values ('22ce8242-2f63-413a-bda6-2c0035d9b85c','9ebb28ad-b8f5-4185-a37c-932a0c6bf9f4','rush',2,'TeamC','TeamA');
insert into gridironrushes(eventId,player,yard,result) values ('22ce8242-2f63-413a-bda6-2c0035d9b85c','Denver',8,'touchdown');
insert into gridirongameevents(id,gameId,playType,period,teamFor,teamAgainst) values ('60411966-5335-4d5f-bb85-5bb348d5c8a3','9ebb28ad-b8f5-4185-a37c-932a0c6bf9f4','kick',2,'TeamC','TeamA');
insert into gridironkicks(eventId,player,yard,result) values ('60411966-5335-4d5f-bb85-5bb348d5c8a3','Daniel',11,'extra-kick');
insert into gridirongameevents(id,gameId,playType,period,teamFor,teamAgainst) values ('778f1aa9-0bc1-47ec-bd50-30da3a121556','9ebb28ad-b8f5-4185-a37c-932a0c6bf9f4','flag',2,'TeamC','TeamA');
insert into gridirongameevents(id,gameId,playType,period,teamFor,teamAgainst) values ('9eae4fec-5f72-40f6-860d-890b139295c0','9ebb28ad-b8f5-4185-a37c-932a0c6bf9f4','throw',2,'TeamA','TeamC');
insert into gridironthrows(eventId,playerThrowing,playerReceiving,yard,result) values ('9eae4fec-5f72-40f6-860d-890b139295c0','Camel','Cody','19','touchdown');
insert into gridirongameevents(id,gameId,playType,period,teamFor,teamAgainst) values ('d954cc42-af9e-4dbc-a18d-6d68cdd9859d','9ebb28ad-b8f5-4185-a37c-932a0c6bf9f4','rush',2,'TeamA','TeamC');
insert into gridironrushes(eventId,player,yard,result) values ('d954cc42-af9e-4dbc-a18d-6d68cdd9859d','Cauchy',109,'2pt');
insert into gridirongameevents(id,gameId,playType,period,teamFor,teamAgainst) values ('d80b3eb3-be8e-4c95-99b5-8b3c744c7db6','9ebb28ad-b8f5-4185-a37c-932a0c6bf9f4','safety',2,'TeamA','TeamC');
insert into gridirongameevents(id,gameId,playType,period,teamFor,teamAgainst) values ('4505e09c-82f2-4031-acb3-2ea54dee415c','9ebb28ad-b8f5-4185-a37c-932a0c6bf9f4','rush',2,'TeamA','TeamC');
insert into gridironrushes(eventId,player,yard,result) values ('4505e09c-82f2-4031-acb3-2ea54dee415c','Cameron',93,'2pt');
insert into gridirongameevents(id,gameId,playType,period,teamFor,teamAgainst) values ('18a2ab60-82e8-4c97-8c0f-507ee74d7f66','9ebb28ad-b8f5-4185-a37c-932a0c6bf9f4','flag',2,'TeamA','TeamC');
insert into gridirongameevents(id,gameId,playType,period,teamFor,teamAgainst) values ('a51ea70c-85e7-4609-a173-b63467a96ada','9ebb28ad-b8f5-4185-a37c-932a0c6bf9f4','throw',2,'TeamC','TeamA');
insert into gridironthrows(eventId,playerThrowing,playerReceiving,yard,result) values ('a51ea70c-85e7-4609-a173-b63467a96ada','Daniel','Dapper','83','miss');
insert into gridirongameevents(id,gameId,playType,period,teamFor,teamAgainst) values ('d3ab4276-476c-49ea-94e2-1479e6ad5270','9ebb28ad-b8f5-4185-a37c-932a0c6bf9f4','turnover',2,'TeamC','TeamA');
insert into gridirongameevents(id,gameId,playType,period,teamFor,teamAgainst) values ('b95ebec4-2690-43c9-aa70-f0707b2aad4e','9ebb28ad-b8f5-4185-a37c-932a0c6bf9f4','turnover',2,'TeamC','TeamA');
insert into gridirongameevents(id,gameId,playType,period,teamFor,teamAgainst) values ('c5a980c6-2490-4e7c-9f81-80f9164e54cd','9ebb28ad-b8f5-4185-a37c-932a0c6bf9f4','timeout',2,'TeamA','TeamC');
insert into gridirongameevents(id,gameId,playType,period,teamFor,teamAgainst) values ('98e8b0b0-4201-417e-b565-9c783f8dc7be','9ebb28ad-b8f5-4185-a37c-932a0c6bf9f4','throw',2,'TeamC','TeamA');
insert into gridironthrows(eventId,playerThrowing,playerReceiving,yard,result) values ('98e8b0b0-4201-417e-b565-9c783f8dc7be','Dickson','Doppler','97','touchdown');
insert into gridirongameevents(id,gameId,playType,period,teamFor,teamAgainst) values ('c457ee31-ebf2-4e83-8b92-348202006e78','9ebb28ad-b8f5-4185-a37c-932a0c6bf9f4','safety',2,'TeamA','TeamC');
insert into gridirongameevents(id,gameId,playType,period,teamFor,teamAgainst) values ('917ca7c3-b3b5-4f72-98a5-b253277a59eb','9ebb28ad-b8f5-4185-a37c-932a0c6bf9f4','turnover',2,'TeamC','TeamA');
insert into gridirongameevents(id,gameId,playType,period,teamFor,teamAgainst) values ('a2a9e819-f64f-4230-8c14-bef791e69283','9ebb28ad-b8f5-4185-a37c-932a0c6bf9f4','timeout',2,'TeamA','TeamC');
insert into gridirongameevents(id,gameId,playType,period,teamFor,teamAgainst) values ('27311598-992f-4143-a03d-cd3609f15ddf','9ebb28ad-b8f5-4185-a37c-932a0c6bf9f4','safety',2,'TeamA','TeamC');
insert into gridirongameevents(id,gameId,playType,period,teamFor,teamAgainst) values ('84d1f405-9533-4075-8b8b-6e609ea7506e','9ebb28ad-b8f5-4185-a37c-932a0c6bf9f4','safety',2,'TeamA','TeamC');
insert into gridirongameevents(id,gameId,playType,period,teamFor,teamAgainst) values ('19a556ed-2f12-4f52-a0ac-6bfd2836d2e4','9ebb28ad-b8f5-4185-a37c-932a0c6bf9f4','turnover',2,'TeamC','TeamA');
insert into gridirongameevents(id,gameId,playType,period,teamFor,teamAgainst) values ('536cab86-cbb3-4a08-923f-20bb0fa8d6dd','9ebb28ad-b8f5-4185-a37c-932a0c6bf9f4','timeout',2,'TeamC','TeamA');
insert into gridirongameevents(id,gameId,playType,period,teamFor,teamAgainst) values ('775d9b3c-4e13-4fbd-acd8-552aba12e7bc','9ebb28ad-b8f5-4185-a37c-932a0c6bf9f4','turnover',2,'TeamA','TeamC');
insert into gridirongameevents(id,gameId,playType,period,teamFor,teamAgainst) values ('7c5c631c-150d-4d38-a4c4-3183c3dd9f50','9ebb28ad-b8f5-4185-a37c-932a0c6bf9f4','flag',2,'TeamC','TeamA');
insert into gridirongameevents(id,gameId,playType,period,teamFor,teamAgainst) values ('37f0b5df-b1a7-45f2-8aa4-3c3f63ac26bf','9ebb28ad-b8f5-4185-a37c-932a0c6bf9f4','timeout',2,'TeamA','TeamC');
insert into gridirongameevents(id,gameId,playType,period,teamFor,teamAgainst) values ('07bde91e-34ec-4db2-a45d-2322abfa6559','9ebb28ad-b8f5-4185-a37c-932a0c6bf9f4','timeout',2,'TeamC','TeamA');
insert into gridirongameevents(id,gameId,playType,period,teamFor,teamAgainst) values ('c58748c2-923c-4b2d-bc17-a670f7b7e617','9ebb28ad-b8f5-4185-a37c-932a0c6bf9f4','throw',2,'TeamC','TeamA');
insert into gridironthrows(eventId,playerThrowing,playerReceiving,yard,result) values ('c58748c2-923c-4b2d-bc17-a670f7b7e617','Denver','Dapper','29','2pt');
insert into gridirongameevents(id,gameId,playType,period,teamFor,teamAgainst) values ('d1d50972-5c3d-47b4-94af-703af0e64cd1','9ebb28ad-b8f5-4185-a37c-932a0c6bf9f4','kick',2,'TeamC','TeamA');
insert into gridironkicks(eventId,player,yard,result) values ('d1d50972-5c3d-47b4-94af-703af0e64cd1','Dapper',43,'field-goal');
insert into gridirongameevents(id,gameId,playType,period,teamFor,teamAgainst) values ('ed633236-e8eb-4a91-b06c-afb2bb646568','9ebb28ad-b8f5-4185-a37c-932a0c6bf9f4','kick',2,'TeamA','TeamC');
insert into gridironkicks(eventId,player,yard,result) values ('ed633236-e8eb-4a91-b06c-afb2bb646568','Camel',58,'miss');
insert into gridirongameevents(id,gameId,playType,period,teamFor,teamAgainst) values ('bbc830ff-60ee-4904-9efc-c0f080057eeb','9ebb28ad-b8f5-4185-a37c-932a0c6bf9f4','throw',2,'TeamC','TeamA');
insert into gridironthrows(eventId,playerThrowing,playerReceiving,yard,result) values ('bbc830ff-60ee-4904-9efc-c0f080057eeb','Dickson','Daniel','7','miss');
insert into gridirongameevents(id,gameId,playType,period,teamFor,teamAgainst) values ('29f67dee-5968-4aed-8d1e-24517128c989','9ebb28ad-b8f5-4185-a37c-932a0c6bf9f4','kick',2,'TeamC','TeamA');
insert into gridironkicks(eventId,player,yard,result) values ('29f67dee-5968-4aed-8d1e-24517128c989','Daniel',120,'miss');
insert into gridirongameevents(id,gameId,playType,period,teamFor,teamAgainst) values ('e9c7b7ab-0cd1-4d3c-88a4-6113777f8210','9ebb28ad-b8f5-4185-a37c-932a0c6bf9f4','timeout',2,'TeamC','TeamA');
insert into gridirongameevents(id,gameId,playType,period,teamFor,teamAgainst) values ('4f5c6591-6482-45d2-a7f6-b4c56bd3f817','9ebb28ad-b8f5-4185-a37c-932a0c6bf9f4','kick',2,'TeamC','TeamA');
insert into gridironkicks(eventId,player,yard,result) values ('4f5c6591-6482-45d2-a7f6-b4c56bd3f817','Denver',56,'extra-kick');
insert into gridirongameevents(id,gameId,playType,period,teamFor,teamAgainst) values ('b2e47841-2f8e-476a-ad1b-3b5ee7a097bd','9ebb28ad-b8f5-4185-a37c-932a0c6bf9f4','safety',2,'TeamA','TeamC');
insert into gridirongameevents(id,gameId,playType,period,teamFor,teamAgainst) values ('e051b255-aeb6-4027-ab3a-121d145e478d','9ebb28ad-b8f5-4185-a37c-932a0c6bf9f4','turnover',2,'TeamA','TeamC');
insert into gridirongameevents(id,gameId,playType,period,teamFor,teamAgainst) values ('3c8ee84e-a6a8-424a-b0fa-6a261e641fb7','9ebb28ad-b8f5-4185-a37c-932a0c6bf9f4','safety',2,'TeamC','TeamA');
insert into gridirongameevents(id,gameId,playType,period,teamFor,teamAgainst) values ('4fe29c0f-ced4-49eb-a27b-157057dda4a8','9ebb28ad-b8f5-4185-a37c-932a0c6bf9f4','kick',2,'TeamA','TeamC');
insert into gridironkicks(eventId,player,yard,result) values ('4fe29c0f-ced4-49eb-a27b-157057dda4a8','Caleb',7,'extra-kick');
insert into gridirongameevents(id,gameId,playType,period,teamFor,teamAgainst) values ('ac5dbd06-fca9-4c10-87ae-78916e9c5b59','9ebb28ad-b8f5-4185-a37c-932a0c6bf9f4','flag',2,'TeamA','TeamC');
insert into gridirongameevents(id,gameId,playType,period,teamFor,teamAgainst) values ('e5a7cba0-87b6-4c58-9a90-6b3d0a55cd14','9ebb28ad-b8f5-4185-a37c-932a0c6bf9f4','safety',2,'TeamA','TeamC');
insert into gridirongameevents(id,gameId,playType,period,teamFor,teamAgainst) values ('1c90f306-4327-4cb6-8c56-ddf8f3bc2d2f','9ebb28ad-b8f5-4185-a37c-932a0c6bf9f4','turnover',2,'TeamC','TeamA');
insert into gridirongameevents(id,gameId,playType,period,teamFor,teamAgainst) values ('91265298-c1b3-4853-9d86-21d7ca42b81e','9ebb28ad-b8f5-4185-a37c-932a0c6bf9f4','kick',2,'TeamC','TeamA');
insert into gridironkicks(eventId,player,yard,result) values ('91265298-c1b3-4853-9d86-21d7ca42b81e','Dickson',86,'miss');
insert into gridirongameevents(id,gameId,playType,period,teamFor,teamAgainst) values ('dee5981c-7082-42ad-88b6-6c63cb2e44cd','9ebb28ad-b8f5-4185-a37c-932a0c6bf9f4','turnover',2,'TeamA','TeamC');
insert into gridirongameevents(id,gameId,playType,period,teamFor,teamAgainst) values ('f460754d-1adc-4bdd-9c0e-d79838cf717a','9ebb28ad-b8f5-4185-a37c-932a0c6bf9f4','flag',2,'TeamA','TeamC');
insert into gridirongameevents(id,gameId,playType,period,teamFor,teamAgainst) values ('ac7d6b9e-0f5b-4ed6-bc02-ae9849452dd8','9ebb28ad-b8f5-4185-a37c-932a0c6bf9f4','timeout',2,'TeamA','TeamC');
insert into gridirongameevents(id,gameId,playType,period,teamFor,teamAgainst) values ('993153c7-4a4d-4f38-8b0f-b170a36fe601','9ebb28ad-b8f5-4185-a37c-932a0c6bf9f4','kick',2,'TeamA','TeamC');
insert into gridironkicks(eventId,player,yard,result) values ('993153c7-4a4d-4f38-8b0f-b170a36fe601','Caleb',50,'extra-kick');
insert into gridirongameevents(id,gameId,playType,period,teamFor,teamAgainst) values ('a1688dce-1e6d-4358-82cb-ef126b2f2026','9ebb28ad-b8f5-4185-a37c-932a0c6bf9f4','safety',2,'TeamC','TeamA');
insert into gridirongameevents(id,gameId,playType,period,teamFor,teamAgainst) values ('886039e6-2de5-4f70-9ce1-27837bf6bf4e','9ebb28ad-b8f5-4185-a37c-932a0c6bf9f4','safety',2,'TeamC','TeamA');
insert into gridirongameevents(id,gameId,playType,period,teamFor,teamAgainst) values ('17688034-ead5-4cd9-b00f-3ed2bcd6f2b1','9ebb28ad-b8f5-4185-a37c-932a0c6bf9f4','safety',2,'TeamC','TeamA');
insert into gridirongameevents(id,gameId,playType,period,teamFor,teamAgainst) values ('9f2127e8-d0c2-43b8-b6d6-2b86eafe32e7','9ebb28ad-b8f5-4185-a37c-932a0c6bf9f4','flag',2,'TeamC','TeamA');
insert into gridirongameevents(id,gameId,playType,period,teamFor,teamAgainst) values ('dabf1f3b-711c-453a-8017-a56820bb0673','9ebb28ad-b8f5-4185-a37c-932a0c6bf9f4','kick',2,'TeamA','TeamC');
insert into gridironkicks(eventId,player,yard,result) values ('dabf1f3b-711c-453a-8017-a56820bb0673','Caleb',53,'miss');
insert into gridirongameevents(id,gameId,playType,period,teamFor,teamAgainst) values ('43c53d69-1800-4442-b383-5a234650672a','9ebb28ad-b8f5-4185-a37c-932a0c6bf9f4','safety',2,'TeamA','TeamC');
insert into gridirongameevents(id,gameId,playType,period,teamFor,teamAgainst) values ('41f6b4ec-e275-481c-b691-756729659c58','9ebb28ad-b8f5-4185-a37c-932a0c6bf9f4','timeout',2,'TeamA','TeamC');
insert into gridirongameevents(id,gameId,playType,period,teamFor,teamAgainst) values ('9c6b18aa-21c8-4ff9-8586-a0271ddc7c93','9ebb28ad-b8f5-4185-a37c-932a0c6bf9f4','throw',2,'TeamA','TeamC');
insert into gridironthrows(eventId,playerThrowing,playerReceiving,yard,result) values ('9c6b18aa-21c8-4ff9-8586-a0271ddc7c93','Cauchy','Cody','3','touchdown');
insert into gridirongameevents(id,gameId,playType,period,teamFor,teamAgainst) values ('1c5d8963-1055-4f56-a865-2dd93213c9bb','9ebb28ad-b8f5-4185-a37c-932a0c6bf9f4','throw',2,'TeamC','TeamA');
insert into gridironthrows(eventId,playerThrowing,playerReceiving,yard,result) values ('1c5d8963-1055-4f56-a865-2dd93213c9bb','Daniel','Dapper','95','touchdown');
insert into gridirongameevents(id,gameId,playType,period,teamFor,teamAgainst) values ('00b8c388-8625-41d4-b689-14b08fb6d34d','9ebb28ad-b8f5-4185-a37c-932a0c6bf9f4','throw',2,'TeamA','TeamC');
insert into gridironthrows(eventId,playerThrowing,playerReceiving,yard,result) values ('00b8c388-8625-41d4-b689-14b08fb6d34d','Cody','Camel','114','2pt');
insert into gridirongameevents(id,gameId,playType,period,teamFor,teamAgainst) values ('fcf239e6-562f-4304-b869-7efec51ab31c','9ebb28ad-b8f5-4185-a37c-932a0c6bf9f4','turnover',2,'TeamC','TeamA');
insert into gridirongameevents(id,gameId,playType,period,teamFor,teamAgainst) values ('658dcfff-ef2d-48e6-ac7b-80b08dff1fa1','9ebb28ad-b8f5-4185-a37c-932a0c6bf9f4','flag',2,'TeamA','TeamC');
insert into gridirongameevents(id,gameId,playType,period,teamFor,teamAgainst) values ('d53ccc11-00bb-4c46-82bf-a3527441028a','9ebb28ad-b8f5-4185-a37c-932a0c6bf9f4','safety',2,'TeamC','TeamA');
insert into gridirongameevents(id,gameId,playType,period,teamFor,teamAgainst) values ('86b343eb-f719-4667-bfe1-6af5e8b9535f','9ebb28ad-b8f5-4185-a37c-932a0c6bf9f4','kick',2,'TeamC','TeamA');
insert into gridironkicks(eventId,player,yard,result) values ('86b343eb-f719-4667-bfe1-6af5e8b9535f','Dickson',86,'extra-kick');
insert into gridirongameevents(id,gameId,playType,period,teamFor,teamAgainst) values ('be7a99aa-7284-4596-9b46-08e3d0844682','9ebb28ad-b8f5-4185-a37c-932a0c6bf9f4','throw',2,'TeamC','TeamA');
insert into gridironthrows(eventId,playerThrowing,playerReceiving,yard,result) values ('be7a99aa-7284-4596-9b46-08e3d0844682','Dickson','Dapper','12','miss');
insert into gridirongameevents(id,gameId,playType,period,teamFor,teamAgainst) values ('109186b2-fc97-4445-ba72-ff35f48ca952','9ebb28ad-b8f5-4185-a37c-932a0c6bf9f4','throw',2,'TeamC','TeamA');
insert into gridironthrows(eventId,playerThrowing,playerReceiving,yard,result) values ('109186b2-fc97-4445-ba72-ff35f48ca952','Doppler','Dapper','-10','non-scoring');
insert into gridirongameevents(id,gameId,playType,period,teamFor,teamAgainst) values ('88feedaf-a5e5-44f1-a6c1-97d9b3d5b412','9ebb28ad-b8f5-4185-a37c-932a0c6bf9f4','timeout',2,'TeamC','TeamA');
insert into gridirongameevents(id,gameId,playType,period,teamFor,teamAgainst) values ('b9873e9d-885e-4e3f-829f-9bea53912738','9ebb28ad-b8f5-4185-a37c-932a0c6bf9f4','flag',2,'TeamA','TeamC');
insert into gridirongameevents(id,gameId,playType,period,teamFor,teamAgainst) values ('940e74e1-7588-47b0-8a53-cb427c93fe52','9ebb28ad-b8f5-4185-a37c-932a0c6bf9f4','timeout',2,'TeamC','TeamA');
insert into gridirongameevents(id,gameId,playType,period,teamFor,teamAgainst) values ('e4f45461-0dd1-49c8-ae30-4b289309004f','9ebb28ad-b8f5-4185-a37c-932a0c6bf9f4','flag',2,'TeamA','TeamC');
insert into gridirongameevents(id,gameId,playType,period,teamFor,teamAgainst) values ('6ffd0d12-b1d9-4f59-990d-05fdd1f189b7','9ebb28ad-b8f5-4185-a37c-932a0c6bf9f4','kick',2,'TeamC','TeamA');
insert into gridironkicks(eventId,player,yard,result) values ('6ffd0d12-b1d9-4f59-990d-05fdd1f189b7','Doppler',112,'field-goal');
insert into gridirongameevents(id,gameId,playType,period,teamFor,teamAgainst) values ('6f61d1b3-8b48-45ae-afe0-eea545a34bd9','9ebb28ad-b8f5-4185-a37c-932a0c6bf9f4','kick',2,'TeamC','TeamA');
insert into gridironkicks(eventId,player,yard,result) values ('6f61d1b3-8b48-45ae-afe0-eea545a34bd9','Dickson',113,'field-goal');
insert into gridirongameevents(id,gameId,playType,period,teamFor,teamAgainst) values ('c537d7f4-33f8-4616-8971-9b7477bb0ee4','9ebb28ad-b8f5-4185-a37c-932a0c6bf9f4','rush',2,'TeamC','TeamA');
insert into gridironrushes(eventId,player,yard,result) values ('c537d7f4-33f8-4616-8971-9b7477bb0ee4','Doppler',-1,'non-scoring');
insert into gridirongameevents(id,gameId,playType,period,teamFor,teamAgainst) values ('adc191bc-2049-4364-8d0b-1db13f89adeb','9ebb28ad-b8f5-4185-a37c-932a0c6bf9f4','safety',2,'TeamA','TeamC');
insert into gridirongameevents(id,gameId,playType,period,teamFor,teamAgainst) values ('23d40d67-6a18-4e2f-b807-09bf184c1ab1','9ebb28ad-b8f5-4185-a37c-932a0c6bf9f4','safety',2,'TeamC','TeamA');
insert into gridirongameevents(id,gameId,playType,period,teamFor,teamAgainst) values ('aa6c3804-f841-4e7e-9ecb-7fe9593dc20f','9ebb28ad-b8f5-4185-a37c-932a0c6bf9f4','safety',2,'TeamA','TeamC');
insert into gridirongameevents(id,gameId,playType,period,teamFor,teamAgainst) values ('afd6cb93-5acf-4c12-9003-a70e76c92b72','9ebb28ad-b8f5-4185-a37c-932a0c6bf9f4','rush',2,'TeamA','TeamC');
insert into gridironrushes(eventId,player,yard,result) values ('afd6cb93-5acf-4c12-9003-a70e76c92b72','Camel',0,'non-scoring');
insert into gridirongameevents(id,gameId,playType,period,teamFor,teamAgainst) values ('9227303a-d2bf-4e0b-96cc-cef6dea85c3a','9ebb28ad-b8f5-4185-a37c-932a0c6bf9f4','kick',2,'TeamC','TeamA');
insert into gridironkicks(eventId,player,yard,result) values ('9227303a-d2bf-4e0b-96cc-cef6dea85c3a','Dickson',34,'field-goal');
insert into gridirongameevents(id,gameId,playType,period,teamFor,teamAgainst) values ('0c1827df-aec7-4420-a446-7f8dd757ff62','9ebb28ad-b8f5-4185-a37c-932a0c6bf9f4','throw',2,'TeamA','TeamC');
insert into gridironthrows(eventId,playerThrowing,playerReceiving,yard,result) values ('0c1827df-aec7-4420-a446-7f8dd757ff62','Camel','Caleb','115','2pt');
insert into gridirongameevents(id,gameId,playType,period,teamFor,teamAgainst) values ('6721adf3-ebae-4f3f-abf8-7f17e88f867d','9ebb28ad-b8f5-4185-a37c-932a0c6bf9f4','flag',2,'TeamA','TeamC');
insert into gridirongameevents(id,gameId,playType,period,teamFor,teamAgainst) values ('e86ba679-889b-4848-a9c4-1c2e335dff9c','9ebb28ad-b8f5-4185-a37c-932a0c6bf9f4','flag',2,'TeamA','TeamC');
insert into gridirongameevents(id,gameId,playType,period,teamFor,teamAgainst) values ('df3692da-ee35-4d7c-bc3c-b3c98f27c090','9ebb28ad-b8f5-4185-a37c-932a0c6bf9f4','flag',2,'TeamC','TeamA');
insert into gridirongameevents(id,gameId,playType,period,teamFor,teamAgainst) values ('17f1f2bb-bae6-425e-9d83-784187ebe77d','9ebb28ad-b8f5-4185-a37c-932a0c6bf9f4','throw',2,'TeamA','TeamC');
insert into gridironthrows(eventId,playerThrowing,playerReceiving,yard,result) values ('17f1f2bb-bae6-425e-9d83-784187ebe77d','Caleb','Cody','-10','non-scoring');
insert into gridirongameevents(id,gameId,playType,period,teamFor,teamAgainst) values ('9afdad00-8f65-496a-8cd3-676f5a8231eb','9ebb28ad-b8f5-4185-a37c-932a0c6bf9f4','timeout',2,'TeamC','TeamA');
insert into gridirongameevents(id,gameId,playType,period,teamFor,teamAgainst) values ('07a8f22e-65a4-4421-8baa-6a992fcaf901','9ebb28ad-b8f5-4185-a37c-932a0c6bf9f4','kick',2,'TeamA','TeamC');
insert into gridironkicks(eventId,player,yard,result) values ('07a8f22e-65a4-4421-8baa-6a992fcaf901','Camel',28,'extra-kick');
insert into gridirongameevents(id,gameId,playType,period,teamFor,teamAgainst) values ('bf827437-0b2b-4dda-b41d-c331e40cd301','9ebb28ad-b8f5-4185-a37c-932a0c6bf9f4','kick',2,'TeamA','TeamC');
insert into gridironkicks(eventId,player,yard,result) values ('bf827437-0b2b-4dda-b41d-c331e40cd301','Cauchy',113,'field-goal');
insert into gridirongameevents(id,gameId,playType,period,teamFor,teamAgainst) values ('a7897276-39cf-468c-ad05-9fac95f55f61','9ebb28ad-b8f5-4185-a37c-932a0c6bf9f4','rush',2,'TeamA','TeamC');
insert into gridironrushes(eventId,player,yard,result) values ('a7897276-39cf-468c-ad05-9fac95f55f61','Cauchy',93,'2pt');
insert into gridirongameevents(id,gameId,playType,period,teamFor,teamAgainst) values ('ef5d9bc3-7d06-464c-8b05-481abb741257','9ebb28ad-b8f5-4185-a37c-932a0c6bf9f4','timeout',2,'TeamC','TeamA');
insert into gridirongameevents(id,gameId,playType,period,teamFor,teamAgainst) values ('984410fe-d93d-4575-87a7-00e2d9ffdbbb','9ebb28ad-b8f5-4185-a37c-932a0c6bf9f4','kick',2,'TeamC','TeamA');
insert into gridironkicks(eventId,player,yard,result) values ('984410fe-d93d-4575-87a7-00e2d9ffdbbb','Doppler',108,'field-goal');
insert into gridirongameevents(id,gameId,playType,period,teamFor,teamAgainst) values ('083a7e42-c1d7-43f4-8fdc-b2ea921ebff6','9ebb28ad-b8f5-4185-a37c-932a0c6bf9f4','turnover',2,'TeamC','TeamA');
insert into gridirongameevents(id,gameId,playType,period,teamFor,teamAgainst) values ('59b000f8-0be6-4ebd-8295-08fe619b2010','9ebb28ad-b8f5-4185-a37c-932a0c6bf9f4','kick',2,'TeamC','TeamA');
insert into gridironkicks(eventId,player,yard,result) values ('59b000f8-0be6-4ebd-8295-08fe619b2010','Denver',90,'extra-kick');
insert into gridirongameevents(id,gameId,playType,period,teamFor,teamAgainst) values ('c68dde64-5d56-483a-82b3-0c6e3519e30d','9ebb28ad-b8f5-4185-a37c-932a0c6bf9f4','kick',2,'TeamA','TeamC');
insert into gridironkicks(eventId,player,yard,result) values ('c68dde64-5d56-483a-82b3-0c6e3519e30d','Cameron',54,'field-goal');
insert into gridirongameevents(id,gameId,playType,period,teamFor,teamAgainst) values ('be311861-7742-4d08-9684-6e4de66dc3f9','9ebb28ad-b8f5-4185-a37c-932a0c6bf9f4','timeout',2,'TeamA','TeamC');
insert into gridirongameevents(id,gameId,playType,period,teamFor,teamAgainst) values ('ef02c870-6681-456b-9057-854006e5a658','9ebb28ad-b8f5-4185-a37c-932a0c6bf9f4','timeout',2,'TeamA','TeamC');
insert into gridirongameevents(id,gameId,playType,period,teamFor,teamAgainst) values ('802bfb85-6898-44ab-ac4e-203634d53c44','9ebb28ad-b8f5-4185-a37c-932a0c6bf9f4','turnover',2,'TeamC','TeamA');
insert into gridirongameevents(id,gameId,playType,period,teamFor,teamAgainst) values ('629bb86e-abde-4b07-ac01-84feb07ebe63','9ebb28ad-b8f5-4185-a37c-932a0c6bf9f4','timeout',2,'TeamA','TeamC');
insert into gridirongameevents(id,gameId,playType,period,teamFor,teamAgainst) values ('5bfb4051-4a37-4b99-912d-a6b83030182e','9ebb28ad-b8f5-4185-a37c-932a0c6bf9f4','turnover',2,'TeamA','TeamC');
insert into gridirongameevents(id,gameId,playType,period,teamFor,teamAgainst) values ('0094fa2b-8620-40e3-afe5-5345eb7055c5','9ebb28ad-b8f5-4185-a37c-932a0c6bf9f4','rush',2,'TeamA','TeamC');
insert into gridironrushes(eventId,player,yard,result) values ('0094fa2b-8620-40e3-afe5-5345eb7055c5','Cauchy',20,'non-scoring');
insert into gridirongameevents(id,gameId,playType,period,teamFor,teamAgainst) values ('a9e6642f-1419-4a97-abd1-a0cdbd066ebe','9ebb28ad-b8f5-4185-a37c-932a0c6bf9f4','timeout',2,'TeamC','TeamA');
insert into gridirongameevents(id,gameId,playType,period,teamFor,teamAgainst) values ('2cefa3e4-3fd2-4569-b160-9d8280fafce4','9ebb28ad-b8f5-4185-a37c-932a0c6bf9f4','kick',2,'TeamC','TeamA');
insert into gridironkicks(eventId,player,yard,result) values ('2cefa3e4-3fd2-4569-b160-9d8280fafce4','Denver',22,'miss');
insert into gridirongameevents(id,gameId,playType,period,teamFor,teamAgainst) values ('0b099d6f-cf38-4b83-b95f-b1fed5b31e76','9ebb28ad-b8f5-4185-a37c-932a0c6bf9f4','safety',2,'TeamA','TeamC');
insert into gridirongameevents(id,gameId,playType,period,teamFor,teamAgainst) values ('9917ad59-0df7-469c-b14d-407920690dde','9ebb28ad-b8f5-4185-a37c-932a0c6bf9f4','flag',2,'TeamA','TeamC');
insert into gridirongameevents(id,gameId,playType,period,teamFor,teamAgainst) values ('1fc81c71-4adf-4faa-b4a7-74bec0dab467','9ebb28ad-b8f5-4185-a37c-932a0c6bf9f4','turnover',2,'TeamC','TeamA');
insert into gridirongameevents(id,gameId,playType,period,teamFor,teamAgainst) values ('e36755d7-b35e-486f-a046-3b839cd1a23e','9ebb28ad-b8f5-4185-a37c-932a0c6bf9f4','rush',2,'TeamC','TeamA');
insert into gridironrushes(eventId,player,yard,result) values ('e36755d7-b35e-486f-a046-3b839cd1a23e','Dapper',34,'2pt');
insert into gridirongameevents(id,gameId,playType,period,teamFor,teamAgainst) values ('bb767925-6ffb-4411-9871-332f4003fb1e','9ebb28ad-b8f5-4185-a37c-932a0c6bf9f4','turnover',2,'TeamC','TeamA');
insert into gridirongameevents(id,gameId,playType,period,teamFor,teamAgainst) values ('199db5b0-26c7-4adc-9e7a-9cd509c779bd','9ebb28ad-b8f5-4185-a37c-932a0c6bf9f4','kick',2,'TeamA','TeamC');
insert into gridironkicks(eventId,player,yard,result) values ('199db5b0-26c7-4adc-9e7a-9cd509c779bd','Cody',93,'extra-kick');
insert into gridirongameevents(id,gameId,playType,period,teamFor,teamAgainst) values ('a56adeaf-4f3e-4784-84e5-7fef7f554bf1','9ebb28ad-b8f5-4185-a37c-932a0c6bf9f4','flag',2,'TeamC','TeamA');
insert into gridirongameevents(id,gameId,playType,period,teamFor,teamAgainst) values ('c4411618-f06a-4283-b5f0-5f50328af0e2','9ebb28ad-b8f5-4185-a37c-932a0c6bf9f4','flag',3,'TeamA','TeamC');
insert into gridirongameevents(id,gameId,playType,period,teamFor,teamAgainst) values ('d9a6d261-ab2f-4157-aa3f-d269d4f83d7c','9ebb28ad-b8f5-4185-a37c-932a0c6bf9f4','throw',3,'TeamA','TeamC');
insert into gridironthrows(eventId,playerThrowing,playerReceiving,yard,result) values ('d9a6d261-ab2f-4157-aa3f-d269d4f83d7c','Camel','Cauchy','94','non-scoring');
insert into gridirongameevents(id,gameId,playType,period,teamFor,teamAgainst) values ('d1870563-7827-46df-9a3a-955aae8c469a','9ebb28ad-b8f5-4185-a37c-932a0c6bf9f4','turnover',3,'TeamA','TeamC');
insert into gridirongameevents(id,gameId,playType,period,teamFor,teamAgainst) values ('80d17b2a-be52-4f16-b5e6-980f9ade0c1a','9ebb28ad-b8f5-4185-a37c-932a0c6bf9f4','flag',3,'TeamA','TeamC');
insert into gridirongameevents(id,gameId,playType,period,teamFor,teamAgainst) values ('81d5e83a-3d97-4835-aeda-b8835aeb0b67','9ebb28ad-b8f5-4185-a37c-932a0c6bf9f4','throw',3,'TeamC','TeamA');
insert into gridironthrows(eventId,playerThrowing,playerReceiving,yard,result) values ('81d5e83a-3d97-4835-aeda-b8835aeb0b67','Daniel','Denver','91','touchdown');
insert into gridirongameevents(id,gameId,playType,period,teamFor,teamAgainst) values ('80491b4e-d4f4-47ed-94e0-262a2fb7fd2d','9ebb28ad-b8f5-4185-a37c-932a0c6bf9f4','kick',3,'TeamA','TeamC');
insert into gridironkicks(eventId,player,yard,result) values ('80491b4e-d4f4-47ed-94e0-262a2fb7fd2d','Caleb',59,'extra-kick');
insert into gridirongameevents(id,gameId,playType,period,teamFor,teamAgainst) values ('1f94dac3-2e78-48d4-928a-c99f9fd23093','9ebb28ad-b8f5-4185-a37c-932a0c6bf9f4','kick',3,'TeamC','TeamA');
insert into gridironkicks(eventId,player,yard,result) values ('1f94dac3-2e78-48d4-928a-c99f9fd23093','Denver',28,'extra-kick');
insert into gridirongameevents(id,gameId,playType,period,teamFor,teamAgainst) values ('e01f34cb-f28c-4a3b-b29c-ca1a5f67e131','9ebb28ad-b8f5-4185-a37c-932a0c6bf9f4','throw',3,'TeamA','TeamC');
insert into gridironthrows(eventId,playerThrowing,playerReceiving,yard,result) values ('e01f34cb-f28c-4a3b-b29c-ca1a5f67e131','Camel','Cody','95','touchdown');
insert into gridirongameevents(id,gameId,playType,period,teamFor,teamAgainst) values ('cfd45f84-cfeb-4f5f-a363-c0d10a407768','9ebb28ad-b8f5-4185-a37c-932a0c6bf9f4','kick',3,'TeamC','TeamA');
insert into gridironkicks(eventId,player,yard,result) values ('cfd45f84-cfeb-4f5f-a363-c0d10a407768','Denver',94,'field-goal');
insert into gridirongameevents(id,gameId,playType,period,teamFor,teamAgainst) values ('10461a45-5865-4a0c-8cbe-16faedeb25fa','9ebb28ad-b8f5-4185-a37c-932a0c6bf9f4','throw',3,'TeamC','TeamA');
insert into gridironthrows(eventId,playerThrowing,playerReceiving,yard,result) values ('10461a45-5865-4a0c-8cbe-16faedeb25fa','Daniel','Doppler','23','touchdown');
insert into gridirongameevents(id,gameId,playType,period,teamFor,teamAgainst) values ('b6d1aefa-8223-4a2d-89c8-257ae6e7ecae','9ebb28ad-b8f5-4185-a37c-932a0c6bf9f4','turnover',3,'TeamA','TeamC');
insert into gridirongameevents(id,gameId,playType,period,teamFor,teamAgainst) values ('4a3e34ff-fc4f-4b95-9a1d-bcc3df945c11','9ebb28ad-b8f5-4185-a37c-932a0c6bf9f4','throw',3,'TeamA','TeamC');
insert into gridironthrows(eventId,playerThrowing,playerReceiving,yard,result) values ('4a3e34ff-fc4f-4b95-9a1d-bcc3df945c11','Caleb','Cameron','94','touchdown');
insert into gridirongameevents(id,gameId,playType,period,teamFor,teamAgainst) values ('5a8bf7a0-7fa4-4f00-8b35-935421a1a3fb','9ebb28ad-b8f5-4185-a37c-932a0c6bf9f4','safety',3,'TeamA','TeamC');
insert into gridirongameevents(id,gameId,playType,period,teamFor,teamAgainst) values ('7b8496f5-752a-4b93-b1ff-becc2df54494','9ebb28ad-b8f5-4185-a37c-932a0c6bf9f4','timeout',3,'TeamA','TeamC');
insert into gridirongameevents(id,gameId,playType,period,teamFor,teamAgainst) values ('e15615e3-af3f-40d3-9cc0-2a8536279889','9ebb28ad-b8f5-4185-a37c-932a0c6bf9f4','throw',3,'TeamC','TeamA');
insert into gridironthrows(eventId,playerThrowing,playerReceiving,yard,result) values ('e15615e3-af3f-40d3-9cc0-2a8536279889','Doppler','Denver','18','miss');
insert into gridirongameevents(id,gameId,playType,period,teamFor,teamAgainst) values ('04fd3e1b-7fd4-435f-88e7-0dc431310d0f','9ebb28ad-b8f5-4185-a37c-932a0c6bf9f4','rush',3,'TeamC','TeamA');
insert into gridironrushes(eventId,player,yard,result) values ('04fd3e1b-7fd4-435f-88e7-0dc431310d0f','Dickson',56,'2pt');
insert into gridirongameevents(id,gameId,playType,period,teamFor,teamAgainst) values ('045d5319-61f5-4a26-818c-8c84de719a58','9ebb28ad-b8f5-4185-a37c-932a0c6bf9f4','flag',3,'TeamC','TeamA');
insert into gridirongameevents(id,gameId,playType,period,teamFor,teamAgainst) values ('c68e9765-21c7-49b5-af3d-8dac3cdd725c','9ebb28ad-b8f5-4185-a37c-932a0c6bf9f4','flag',3,'TeamA','TeamC');
insert into gridirongameevents(id,gameId,playType,period,teamFor,teamAgainst) values ('c52eea4d-b86b-4ace-aa19-c350137eaaf3','9ebb28ad-b8f5-4185-a37c-932a0c6bf9f4','kick',3,'TeamA','TeamC');
insert into gridironkicks(eventId,player,yard,result) values ('c52eea4d-b86b-4ace-aa19-c350137eaaf3','Cody',42,'field-goal');
insert into gridirongameevents(id,gameId,playType,period,teamFor,teamAgainst) values ('de2fb9a5-dc37-4a68-967a-f4109df4766f','9ebb28ad-b8f5-4185-a37c-932a0c6bf9f4','flag',3,'TeamA','TeamC');
insert into gridirongameevents(id,gameId,playType,period,teamFor,teamAgainst) values ('aaaa3037-7f9c-4071-9fb6-9091c8fc6d76','9ebb28ad-b8f5-4185-a37c-932a0c6bf9f4','kick',3,'TeamA','TeamC');
insert into gridironkicks(eventId,player,yard,result) values ('aaaa3037-7f9c-4071-9fb6-9091c8fc6d76','Cameron',16,'miss');
insert into gridirongameevents(id,gameId,playType,period,teamFor,teamAgainst) values ('385e880c-6ed9-4681-8a20-77e23e149ac6','9ebb28ad-b8f5-4185-a37c-932a0c6bf9f4','throw',3,'TeamC','TeamA');
insert into gridironthrows(eventId,playerThrowing,playerReceiving,yard,result) values ('385e880c-6ed9-4681-8a20-77e23e149ac6','Doppler','Dapper','46','non-scoring');
insert into gridirongameevents(id,gameId,playType,period,teamFor,teamAgainst) values ('482e4614-3de3-4281-9394-18c0a1223c23','9ebb28ad-b8f5-4185-a37c-932a0c6bf9f4','rush',3,'TeamC','TeamA');
insert into gridironrushes(eventId,player,yard,result) values ('482e4614-3de3-4281-9394-18c0a1223c23','Dickson',66,'non-scoring');
insert into gridirongameevents(id,gameId,playType,period,teamFor,teamAgainst) values ('bd72a69a-ede2-41e4-9227-c72cc5e6fcf1','9ebb28ad-b8f5-4185-a37c-932a0c6bf9f4','kick',3,'TeamC','TeamA');
insert into gridironkicks(eventId,player,yard,result) values ('bd72a69a-ede2-41e4-9227-c72cc5e6fcf1','Dapper',21,'miss');
insert into gridirongameevents(id,gameId,playType,period,teamFor,teamAgainst) values ('f2eb03f7-9017-4fd4-80cc-10ed2ab81320','9ebb28ad-b8f5-4185-a37c-932a0c6bf9f4','flag',3,'TeamA','TeamC');
insert into gridirongameevents(id,gameId,playType,period,teamFor,teamAgainst) values ('2bb06ee2-a0df-4dd8-a652-46eb222d0130','9ebb28ad-b8f5-4185-a37c-932a0c6bf9f4','timeout',3,'TeamC','TeamA');
insert into gridirongameevents(id,gameId,playType,period,teamFor,teamAgainst) values ('0a1a7256-d216-4402-93bd-d61b172aee04','9ebb28ad-b8f5-4185-a37c-932a0c6bf9f4','flag',3,'TeamC','TeamA');
insert into gridirongameevents(id,gameId,playType,period,teamFor,teamAgainst) values ('7dee0915-3847-499b-8fc6-2f567df0297a','9ebb28ad-b8f5-4185-a37c-932a0c6bf9f4','turnover',3,'TeamC','TeamA');
insert into gridirongameevents(id,gameId,playType,period,teamFor,teamAgainst) values ('78fa0726-58f9-4b72-9a87-0ef34289172e','9ebb28ad-b8f5-4185-a37c-932a0c6bf9f4','rush',3,'TeamA','TeamC');
insert into gridironrushes(eventId,player,yard,result) values ('78fa0726-58f9-4b72-9a87-0ef34289172e','Camel',112,'touchdown');
insert into gridirongameevents(id,gameId,playType,period,teamFor,teamAgainst) values ('9c1aa335-686d-4453-a10d-f7d6024f26b4','9ebb28ad-b8f5-4185-a37c-932a0c6bf9f4','kick',3,'TeamA','TeamC');
insert into gridironkicks(eventId,player,yard,result) values ('9c1aa335-686d-4453-a10d-f7d6024f26b4','Cameron',36,'field-goal');
insert into gridirongameevents(id,gameId,playType,period,teamFor,teamAgainst) values ('4288b88c-9424-4a77-a8d5-2b43d7a8cb9b','9ebb28ad-b8f5-4185-a37c-932a0c6bf9f4','timeout',3,'TeamC','TeamA');
insert into gridirongameevents(id,gameId,playType,period,teamFor,teamAgainst) values ('ca6efd8c-b866-4b90-8972-4d21b6b132ea','9ebb28ad-b8f5-4185-a37c-932a0c6bf9f4','turnover',3,'TeamC','TeamA');
insert into gridirongameevents(id,gameId,playType,period,teamFor,teamAgainst) values ('e3948d6b-e4eb-4871-9551-23443ad30b03','9ebb28ad-b8f5-4185-a37c-932a0c6bf9f4','throw',3,'TeamC','TeamA');
insert into gridironthrows(eventId,playerThrowing,playerReceiving,yard,result) values ('e3948d6b-e4eb-4871-9551-23443ad30b03','Daniel','Denver','52','touchdown');
insert into gridirongameevents(id,gameId,playType,period,teamFor,teamAgainst) values ('350b542a-5d7c-4c98-8bcf-63a22a5a981a','9ebb28ad-b8f5-4185-a37c-932a0c6bf9f4','flag',3,'TeamA','TeamC');
insert into gridirongameevents(id,gameId,playType,period,teamFor,teamAgainst) values ('1a834c2e-5ba5-456a-8881-661b273b03cc','9ebb28ad-b8f5-4185-a37c-932a0c6bf9f4','turnover',3,'TeamC','TeamA');
insert into gridirongameevents(id,gameId,playType,period,teamFor,teamAgainst) values ('b0cdfe8f-450b-47a2-82a0-0ec1f92f58d1','9ebb28ad-b8f5-4185-a37c-932a0c6bf9f4','timeout',3,'TeamA','TeamC');
insert into gridirongameevents(id,gameId,playType,period,teamFor,teamAgainst) values ('ee2d0860-b906-4a02-8436-5efc69999cb8','9ebb28ad-b8f5-4185-a37c-932a0c6bf9f4','flag',3,'TeamC','TeamA');
insert into gridirongameevents(id,gameId,playType,period,teamFor,teamAgainst) values ('631b53f9-b33d-4909-905c-92b6305d4d84','9ebb28ad-b8f5-4185-a37c-932a0c6bf9f4','flag',3,'TeamC','TeamA');
insert into gridirongameevents(id,gameId,playType,period,teamFor,teamAgainst) values ('f4a78c51-d1e2-4d9b-99c6-a9dd3e0704d1','9ebb28ad-b8f5-4185-a37c-932a0c6bf9f4','kick',3,'TeamC','TeamA');
insert into gridironkicks(eventId,player,yard,result) values ('f4a78c51-d1e2-4d9b-99c6-a9dd3e0704d1','Doppler',58,'miss');
insert into gridirongameevents(id,gameId,playType,period,teamFor,teamAgainst) values ('8d7daaf4-e5e9-4b7c-93df-fe24bf4322be','9ebb28ad-b8f5-4185-a37c-932a0c6bf9f4','rush',3,'TeamC','TeamA');
insert into gridironrushes(eventId,player,yard,result) values ('8d7daaf4-e5e9-4b7c-93df-fe24bf4322be','Denver',106,'touchdown');
insert into gridirongameevents(id,gameId,playType,period,teamFor,teamAgainst) values ('7954172b-7151-4dad-aae9-74e1f8e7781d','9ebb28ad-b8f5-4185-a37c-932a0c6bf9f4','throw',3,'TeamA','TeamC');
insert into gridironthrows(eventId,playerThrowing,playerReceiving,yard,result) values ('7954172b-7151-4dad-aae9-74e1f8e7781d','Camel','Cody','-1','miss');
insert into gridirongameevents(id,gameId,playType,period,teamFor,teamAgainst) values ('b7f4d533-423b-449c-890b-dccbd811cb20','9ebb28ad-b8f5-4185-a37c-932a0c6bf9f4','flag',3,'TeamC','TeamA');
insert into gridirongameevents(id,gameId,playType,period,teamFor,teamAgainst) values ('dfa53bfe-090c-46db-a6dc-545f94bb1e31','9ebb28ad-b8f5-4185-a37c-932a0c6bf9f4','timeout',3,'TeamC','TeamA');
insert into gridirongameevents(id,gameId,playType,period,teamFor,teamAgainst) values ('e59e652b-81c8-40e0-a5c8-93130127d2a1','9ebb28ad-b8f5-4185-a37c-932a0c6bf9f4','safety',3,'TeamA','TeamC');
insert into gridirongameevents(id,gameId,playType,period,teamFor,teamAgainst) values ('1509760d-5f2d-405a-a510-1a99865928db','9ebb28ad-b8f5-4185-a37c-932a0c6bf9f4','turnover',3,'TeamC','TeamA');
insert into gridirongameevents(id,gameId,playType,period,teamFor,teamAgainst) values ('e2dc9d5c-6eda-4c8f-b830-203610f4f9fe','9ebb28ad-b8f5-4185-a37c-932a0c6bf9f4','turnover',3,'TeamA','TeamC');
insert into gridirongameevents(id,gameId,playType,period,teamFor,teamAgainst) values ('bb0c54d2-1c0e-4472-b5b5-99ac8e2fa2fc','9ebb28ad-b8f5-4185-a37c-932a0c6bf9f4','throw',3,'TeamA','TeamC');
insert into gridironthrows(eventId,playerThrowing,playerReceiving,yard,result) values ('bb0c54d2-1c0e-4472-b5b5-99ac8e2fa2fc','Cauchy','Camel','74','2pt');
insert into gridirongameevents(id,gameId,playType,period,teamFor,teamAgainst) values ('e5eccf1e-9e06-41bb-bff6-99eed9f67cf5','9ebb28ad-b8f5-4185-a37c-932a0c6bf9f4','turnover',3,'TeamA','TeamC');
insert into gridirongameevents(id,gameId,playType,period,teamFor,teamAgainst) values ('46b9efdd-0e6a-4fd7-b8e3-df6cb703f7a1','9ebb28ad-b8f5-4185-a37c-932a0c6bf9f4','flag',3,'TeamC','TeamA');
insert into gridirongameevents(id,gameId,playType,period,teamFor,teamAgainst) values ('a5bb33a1-a02f-440c-8460-e37dea878b6a','9ebb28ad-b8f5-4185-a37c-932a0c6bf9f4','throw',3,'TeamA','TeamC');
insert into gridironthrows(eventId,playerThrowing,playerReceiving,yard,result) values ('a5bb33a1-a02f-440c-8460-e37dea878b6a','Cauchy','Cameron','-3','miss');
insert into gridirongameevents(id,gameId,playType,period,teamFor,teamAgainst) values ('13394dc3-fc1a-4f6b-a587-c5acf6233454','9ebb28ad-b8f5-4185-a37c-932a0c6bf9f4','rush',3,'TeamA','TeamC');
insert into gridironrushes(eventId,player,yard,result) values ('13394dc3-fc1a-4f6b-a587-c5acf6233454','Cauchy',105,'non-scoring');
insert into gridirongameevents(id,gameId,playType,period,teamFor,teamAgainst) values ('27d7824b-e4da-42ba-9514-c9b9b5ed30e2','9ebb28ad-b8f5-4185-a37c-932a0c6bf9f4','rush',3,'TeamA','TeamC');
insert into gridironrushes(eventId,player,yard,result) values ('27d7824b-e4da-42ba-9514-c9b9b5ed30e2','Cauchy',23,'touchdown');
insert into gridirongameevents(id,gameId,playType,period,teamFor,teamAgainst) values ('b4f389fc-d5bd-43a7-9314-53642a04d203','9ebb28ad-b8f5-4185-a37c-932a0c6bf9f4','throw',3,'TeamA','TeamC');
insert into gridironthrows(eventId,playerThrowing,playerReceiving,yard,result) values ('b4f389fc-d5bd-43a7-9314-53642a04d203','Cameron','Cody','-10','non-scoring');
insert into gridirongameevents(id,gameId,playType,period,teamFor,teamAgainst) values ('8e35a792-9d98-469a-9094-5a2e1a0dd001','9ebb28ad-b8f5-4185-a37c-932a0c6bf9f4','flag',3,'TeamC','TeamA');
insert into gridirongameevents(id,gameId,playType,period,teamFor,teamAgainst) values ('5203f07a-cb86-4c91-946f-02df7903c7a6','9ebb28ad-b8f5-4185-a37c-932a0c6bf9f4','throw',3,'TeamA','TeamC');
insert into gridironthrows(eventId,playerThrowing,playerReceiving,yard,result) values ('5203f07a-cb86-4c91-946f-02df7903c7a6','Camel','Cauchy','111','2pt');
insert into gridirongameevents(id,gameId,playType,period,teamFor,teamAgainst) values ('97ea4ff0-9ca7-45ee-9a08-fb4ff2898a3e','9ebb28ad-b8f5-4185-a37c-932a0c6bf9f4','kick',3,'TeamA','TeamC');
insert into gridironkicks(eventId,player,yard,result) values ('97ea4ff0-9ca7-45ee-9a08-fb4ff2898a3e','Cameron',91,'extra-kick');
insert into gridirongameevents(id,gameId,playType,period,teamFor,teamAgainst) values ('58fe01ed-6e64-4073-be3d-0fa286254c2f','9ebb28ad-b8f5-4185-a37c-932a0c6bf9f4','rush',3,'TeamA','TeamC');
insert into gridironrushes(eventId,player,yard,result) values ('58fe01ed-6e64-4073-be3d-0fa286254c2f','Caleb',116,'non-scoring');
insert into gridirongameevents(id,gameId,playType,period,teamFor,teamAgainst) values ('ead826d7-befc-4aa1-800a-10c96dbbd237','9ebb28ad-b8f5-4185-a37c-932a0c6bf9f4','rush',3,'TeamC','TeamA');
insert into gridironrushes(eventId,player,yard,result) values ('ead826d7-befc-4aa1-800a-10c96dbbd237','Daniel',55,'2pt');
insert into gridirongameevents(id,gameId,playType,period,teamFor,teamAgainst) values ('3d9cc7e2-22bb-42e5-ba52-d17c3b8a148e','9ebb28ad-b8f5-4185-a37c-932a0c6bf9f4','throw',3,'TeamA','TeamC');
insert into gridironthrows(eventId,playerThrowing,playerReceiving,yard,result) values ('3d9cc7e2-22bb-42e5-ba52-d17c3b8a148e','Cauchy','Cody','-4','non-scoring');
insert into gridirongameevents(id,gameId,playType,period,teamFor,teamAgainst) values ('80a34f34-dde0-4acb-9135-1d8c5a228bb4','9ebb28ad-b8f5-4185-a37c-932a0c6bf9f4','rush',3,'TeamC','TeamA');
insert into gridironrushes(eventId,player,yard,result) values ('80a34f34-dde0-4acb-9135-1d8c5a228bb4','Denver',107,'2pt');
insert into gridirongameevents(id,gameId,playType,period,teamFor,teamAgainst) values ('f638d9f6-ea4f-4265-b113-f71e34e0efe2','9ebb28ad-b8f5-4185-a37c-932a0c6bf9f4','flag',3,'TeamC','TeamA');
insert into gridirongameevents(id,gameId,playType,period,teamFor,teamAgainst) values ('b2e4e3fe-5cc4-44d5-8df0-6132e5fa8573','9ebb28ad-b8f5-4185-a37c-932a0c6bf9f4','timeout',3,'TeamC','TeamA');
insert into gridirongameevents(id,gameId,playType,period,teamFor,teamAgainst) values ('1e2cdf2b-6a3c-4043-84a8-1db3640b0e6c','9ebb28ad-b8f5-4185-a37c-932a0c6bf9f4','flag',3,'TeamA','TeamC');
insert into gridirongameevents(id,gameId,playType,period,teamFor,teamAgainst) values ('35efeb2b-9d7b-48e2-9656-a8782282acfa','9ebb28ad-b8f5-4185-a37c-932a0c6bf9f4','throw',3,'TeamC','TeamA');
insert into gridironthrows(eventId,playerThrowing,playerReceiving,yard,result) values ('35efeb2b-9d7b-48e2-9656-a8782282acfa','Dapper','Doppler','77','miss');
insert into gridirongameevents(id,gameId,playType,period,teamFor,teamAgainst) values ('8c438818-2972-49eb-a9ac-4874c37ba5a3','9ebb28ad-b8f5-4185-a37c-932a0c6bf9f4','throw',3,'TeamA','TeamC');
insert into gridironthrows(eventId,playerThrowing,playerReceiving,yard,result) values ('8c438818-2972-49eb-a9ac-4874c37ba5a3','Caleb','Camel','91','non-scoring');
insert into gridirongameevents(id,gameId,playType,period,teamFor,teamAgainst) values ('77df7209-53b4-4562-8feb-cb147044b2e2','9ebb28ad-b8f5-4185-a37c-932a0c6bf9f4','kick',3,'TeamA','TeamC');
insert into gridironkicks(eventId,player,yard,result) values ('77df7209-53b4-4562-8feb-cb147044b2e2','Caleb',24,'field-goal');
insert into gridirongameevents(id,gameId,playType,period,teamFor,teamAgainst) values ('735e8385-5049-4d3a-a793-479ea8abbd30','9ebb28ad-b8f5-4185-a37c-932a0c6bf9f4','kick',3,'TeamC','TeamA');
insert into gridironkicks(eventId,player,yard,result) values ('735e8385-5049-4d3a-a793-479ea8abbd30','Doppler',2,'miss');
insert into gridirongameevents(id,gameId,playType,period,teamFor,teamAgainst) values ('317c7cc0-27c8-4f69-9ebe-990d70284223','9ebb28ad-b8f5-4185-a37c-932a0c6bf9f4','kick',3,'TeamC','TeamA');
insert into gridironkicks(eventId,player,yard,result) values ('317c7cc0-27c8-4f69-9ebe-990d70284223','Denver',99,'extra-kick');
insert into gridirongameevents(id,gameId,playType,period,teamFor,teamAgainst) values ('b1da69ea-7e88-4666-b713-a5bda598435a','9ebb28ad-b8f5-4185-a37c-932a0c6bf9f4','timeout',3,'TeamA','TeamC');
insert into gridirongameevents(id,gameId,playType,period,teamFor,teamAgainst) values ('80ffe081-fe1d-4fee-b59f-a5cade4a526b','9ebb28ad-b8f5-4185-a37c-932a0c6bf9f4','turnover',3,'TeamA','TeamC');
insert into gridirongameevents(id,gameId,playType,period,teamFor,teamAgainst) values ('4644a011-b702-4571-ae67-b43a6bab5936','9ebb28ad-b8f5-4185-a37c-932a0c6bf9f4','throw',3,'TeamA','TeamC');
insert into gridironthrows(eventId,playerThrowing,playerReceiving,yard,result) values ('4644a011-b702-4571-ae67-b43a6bab5936','Cameron','Cody','12','2pt');
insert into gridirongameevents(id,gameId,playType,period,teamFor,teamAgainst) values ('5f41c269-eaed-41c3-822a-ce5c5662a9b6','9ebb28ad-b8f5-4185-a37c-932a0c6bf9f4','timeout',3,'TeamA','TeamC');
insert into gridirongameevents(id,gameId,playType,period,teamFor,teamAgainst) values ('94bdbe72-7991-41cd-81e7-7c8833b73065','9ebb28ad-b8f5-4185-a37c-932a0c6bf9f4','rush',3,'TeamC','TeamA');
insert into gridironrushes(eventId,player,yard,result) values ('94bdbe72-7991-41cd-81e7-7c8833b73065','Denver',116,'touchdown');
insert into gridirongameevents(id,gameId,playType,period,teamFor,teamAgainst) values ('26182250-477d-43d4-ba85-a4c057733578','9ebb28ad-b8f5-4185-a37c-932a0c6bf9f4','safety',3,'TeamA','TeamC');
insert into gridirongameevents(id,gameId,playType,period,teamFor,teamAgainst) values ('a3a6af06-d88d-4bb8-a7da-cc504de40bc4','9ebb28ad-b8f5-4185-a37c-932a0c6bf9f4','flag',3,'TeamC','TeamA');
insert into gridirongameevents(id,gameId,playType,period,teamFor,teamAgainst) values ('73ce1593-dbfa-4ac9-9397-103db4a43638','9ebb28ad-b8f5-4185-a37c-932a0c6bf9f4','rush',3,'TeamC','TeamA');
insert into gridironrushes(eventId,player,yard,result) values ('73ce1593-dbfa-4ac9-9397-103db4a43638','Denver',119,'non-scoring');
insert into gridirongameevents(id,gameId,playType,period,teamFor,teamAgainst) values ('22c941e2-2c87-41b6-b373-8730368d67fb','9ebb28ad-b8f5-4185-a37c-932a0c6bf9f4','turnover',3,'TeamC','TeamA');
insert into gridirongameevents(id,gameId,playType,period,teamFor,teamAgainst) values ('6c201ddf-aa76-446b-92d1-f6a8145244ac','9ebb28ad-b8f5-4185-a37c-932a0c6bf9f4','throw',3,'TeamC','TeamA');
insert into gridironthrows(eventId,playerThrowing,playerReceiving,yard,result) values ('6c201ddf-aa76-446b-92d1-f6a8145244ac','Denver','Dapper','18','non-scoring');
insert into gridirongameevents(id,gameId,playType,period,teamFor,teamAgainst) values ('7fa1342d-0ac3-4b46-b0d0-f451ed27e3a8','9ebb28ad-b8f5-4185-a37c-932a0c6bf9f4','turnover',3,'TeamC','TeamA');
insert into gridirongameevents(id,gameId,playType,period,teamFor,teamAgainst) values ('aa309cc5-1cec-4805-9583-73602f24a824','9ebb28ad-b8f5-4185-a37c-932a0c6bf9f4','throw',3,'TeamC','TeamA');
insert into gridironthrows(eventId,playerThrowing,playerReceiving,yard,result) values ('aa309cc5-1cec-4805-9583-73602f24a824','Denver','Doppler','78','2pt');
insert into gridirongameevents(id,gameId,playType,period,teamFor,teamAgainst) values ('81cba53d-942e-4b3a-8477-57a6d2413287','9ebb28ad-b8f5-4185-a37c-932a0c6bf9f4','safety',3,'TeamC','TeamA');
insert into gridirongameevents(id,gameId,playType,period,teamFor,teamAgainst) values ('f60cefa2-4a3c-4e54-9834-60b977cd3fea','9ebb28ad-b8f5-4185-a37c-932a0c6bf9f4','throw',3,'TeamC','TeamA');
insert into gridironthrows(eventId,playerThrowing,playerReceiving,yard,result) values ('f60cefa2-4a3c-4e54-9834-60b977cd3fea','Denver','Dickson','67','touchdown');
insert into gridirongameevents(id,gameId,playType,period,teamFor,teamAgainst) values ('fe6c03cb-abc7-4888-a2a5-b596671b4d3e','9ebb28ad-b8f5-4185-a37c-932a0c6bf9f4','kick',3,'TeamA','TeamC');
insert into gridironkicks(eventId,player,yard,result) values ('fe6c03cb-abc7-4888-a2a5-b596671b4d3e','Cauchy',12,'field-goal');
insert into gridirongameevents(id,gameId,playType,period,teamFor,teamAgainst) values ('f7de3ff2-bfd2-4cee-9c25-d968a3d5b188','9ebb28ad-b8f5-4185-a37c-932a0c6bf9f4','rush',3,'TeamA','TeamC');
insert into gridironrushes(eventId,player,yard,result) values ('f7de3ff2-bfd2-4cee-9c25-d968a3d5b188','Caleb',15,'2pt');
insert into gridirongameevents(id,gameId,playType,period,teamFor,teamAgainst) values ('45771cb4-2412-4ab9-9d5a-f125804697a8','9ebb28ad-b8f5-4185-a37c-932a0c6bf9f4','kick',3,'TeamA','TeamC');
insert into gridironkicks(eventId,player,yard,result) values ('45771cb4-2412-4ab9-9d5a-f125804697a8','Cameron',73,'field-goal');
insert into gridirongameevents(id,gameId,playType,period,teamFor,teamAgainst) values ('de34630d-d3ac-4ca9-b3f6-4c13da39a614','9ebb28ad-b8f5-4185-a37c-932a0c6bf9f4','timeout',3,'TeamA','TeamC');
insert into gridirongameevents(id,gameId,playType,period,teamFor,teamAgainst) values ('01bb87bf-c2f4-4dda-a66f-b4c17278957b','9ebb28ad-b8f5-4185-a37c-932a0c6bf9f4','throw',3,'TeamA','TeamC');
insert into gridironthrows(eventId,playerThrowing,playerReceiving,yard,result) values ('01bb87bf-c2f4-4dda-a66f-b4c17278957b','Cameron','Camel','58','2pt');
insert into gridirongameevents(id,gameId,playType,period,teamFor,teamAgainst) values ('2f903eb8-d448-4a04-936a-078c2e0c4126','9ebb28ad-b8f5-4185-a37c-932a0c6bf9f4','throw',3,'TeamC','TeamA');
insert into gridironthrows(eventId,playerThrowing,playerReceiving,yard,result) values ('2f903eb8-d448-4a04-936a-078c2e0c4126','Denver','Daniel','113','non-scoring');
insert into gridirongameevents(id,gameId,playType,period,teamFor,teamAgainst) values ('62e00faf-b4bf-4410-abd5-5ce0df8ed629','9ebb28ad-b8f5-4185-a37c-932a0c6bf9f4','throw',3,'TeamA','TeamC');
insert into gridironthrows(eventId,playerThrowing,playerReceiving,yard,result) values ('62e00faf-b4bf-4410-abd5-5ce0df8ed629','Cody','Caleb','62','2pt');
insert into gridirongameevents(id,gameId,playType,period,teamFor,teamAgainst) values ('0b83e77c-55f1-48cb-8199-a2ac4c719482','9ebb28ad-b8f5-4185-a37c-932a0c6bf9f4','kick',3,'TeamC','TeamA');
insert into gridironkicks(eventId,player,yard,result) values ('0b83e77c-55f1-48cb-8199-a2ac4c719482','Dickson',74,'extra-kick');
insert into gridirongameevents(id,gameId,playType,period,teamFor,teamAgainst) values ('fb042035-cb96-4e0e-b879-d537eea6ab73','9ebb28ad-b8f5-4185-a37c-932a0c6bf9f4','timeout',3,'TeamC','TeamA');
insert into gridirongameevents(id,gameId,playType,period,teamFor,teamAgainst) values ('10067791-4a73-460e-ad37-f7a82e2b94d9','9ebb28ad-b8f5-4185-a37c-932a0c6bf9f4','throw',3,'TeamA','TeamC');
insert into gridironthrows(eventId,playerThrowing,playerReceiving,yard,result) values ('10067791-4a73-460e-ad37-f7a82e2b94d9','Cody','Camel','34','touchdown');
insert into gridirongameevents(id,gameId,playType,period,teamFor,teamAgainst) values ('1d63a1d0-056f-4380-8be5-42ddda14cc45','9ebb28ad-b8f5-4185-a37c-932a0c6bf9f4','kick',3,'TeamC','TeamA');
insert into gridironkicks(eventId,player,yard,result) values ('1d63a1d0-056f-4380-8be5-42ddda14cc45','Dapper',58,'miss');
insert into gridirongameevents(id,gameId,playType,period,teamFor,teamAgainst) values ('761c6986-42eb-4ce4-921d-b99cdc858313','9ebb28ad-b8f5-4185-a37c-932a0c6bf9f4','kick',3,'TeamC','TeamA');
insert into gridironkicks(eventId,player,yard,result) values ('761c6986-42eb-4ce4-921d-b99cdc858313','Denver',91,'extra-kick');
insert into gridirongameevents(id,gameId,playType,period,teamFor,teamAgainst) values ('39e1534a-0678-4788-9661-ff640a00ce00','9ebb28ad-b8f5-4185-a37c-932a0c6bf9f4','throw',3,'TeamC','TeamA');
insert into gridironthrows(eventId,playerThrowing,playerReceiving,yard,result) values ('39e1534a-0678-4788-9661-ff640a00ce00','Daniel','Doppler','64','touchdown');
insert into gridirongameevents(id,gameId,playType,period,teamFor,teamAgainst) values ('182ceee4-99c3-42ba-be97-7a3fd4eee8bf','9ebb28ad-b8f5-4185-a37c-932a0c6bf9f4','throw',3,'TeamC','TeamA');
insert into gridironthrows(eventId,playerThrowing,playerReceiving,yard,result) values ('182ceee4-99c3-42ba-be97-7a3fd4eee8bf','Daniel','Denver','69','miss');
insert into gridirongameevents(id,gameId,playType,period,teamFor,teamAgainst) values ('49497d44-bccf-4675-a65f-98f80bc21b43','9ebb28ad-b8f5-4185-a37c-932a0c6bf9f4','rush',3,'TeamA','TeamC');
insert into gridironrushes(eventId,player,yard,result) values ('49497d44-bccf-4675-a65f-98f80bc21b43','Caleb',-1,'non-scoring');
insert into gridirongameevents(id,gameId,playType,period,teamFor,teamAgainst) values ('39ae0a0f-e58d-47d8-bbe9-43104cb9f6b7','9ebb28ad-b8f5-4185-a37c-932a0c6bf9f4','kick',3,'TeamC','TeamA');
insert into gridironkicks(eventId,player,yard,result) values ('39ae0a0f-e58d-47d8-bbe9-43104cb9f6b7','Daniel',114,'extra-kick');
insert into gridirongameevents(id,gameId,playType,period,teamFor,teamAgainst) values ('ed246609-1361-4dff-b837-882ad53616d1','9ebb28ad-b8f5-4185-a37c-932a0c6bf9f4','flag',3,'TeamC','TeamA');
insert into gridirongameevents(id,gameId,playType,period,teamFor,teamAgainst) values ('8c909597-a15d-46f6-92c0-a541bfe782cf','9ebb28ad-b8f5-4185-a37c-932a0c6bf9f4','timeout',3,'TeamC','TeamA');
insert into gridirongameevents(id,gameId,playType,period,teamFor,teamAgainst) values ('ddba3c45-951a-4612-bbdc-3881e4a8c771','9ebb28ad-b8f5-4185-a37c-932a0c6bf9f4','rush',4,'TeamC','TeamA');
insert into gridironrushes(eventId,player,yard,result) values ('ddba3c45-951a-4612-bbdc-3881e4a8c771','Dickson',48,'touchdown');
insert into gridirongameevents(id,gameId,playType,period,teamFor,teamAgainst) values ('b2f9e093-9be9-4e6d-96c3-139b061f2c35','9ebb28ad-b8f5-4185-a37c-932a0c6bf9f4','flag',4,'TeamC','TeamA');
insert into gridirongameevents(id,gameId,playType,period,teamFor,teamAgainst) values ('edcb3c71-2641-4724-b5c2-5e8ce88ea68c','9ebb28ad-b8f5-4185-a37c-932a0c6bf9f4','kick',4,'TeamC','TeamA');
insert into gridironkicks(eventId,player,yard,result) values ('edcb3c71-2641-4724-b5c2-5e8ce88ea68c','Doppler',28,'miss');
insert into gridirongameevents(id,gameId,playType,period,teamFor,teamAgainst) values ('d0353d05-2eba-4e41-9d6b-530e93d9932c','9ebb28ad-b8f5-4185-a37c-932a0c6bf9f4','safety',4,'TeamA','TeamC');
insert into gridirongameevents(id,gameId,playType,period,teamFor,teamAgainst) values ('9d383359-552d-469b-a205-d6a7f74e591b','9ebb28ad-b8f5-4185-a37c-932a0c6bf9f4','safety',4,'TeamC','TeamA');
insert into gridirongameevents(id,gameId,playType,period,teamFor,teamAgainst) values ('9cb8bd30-f8b6-492e-8d89-8ddfa9e14504','9ebb28ad-b8f5-4185-a37c-932a0c6bf9f4','turnover',4,'TeamA','TeamC');
insert into gridirongameevents(id,gameId,playType,period,teamFor,teamAgainst) values ('c13aee36-8088-4733-963e-7d2be8297402','9ebb28ad-b8f5-4185-a37c-932a0c6bf9f4','throw',4,'TeamC','TeamA');
insert into gridironthrows(eventId,playerThrowing,playerReceiving,yard,result) values ('c13aee36-8088-4733-963e-7d2be8297402','Doppler','Dickson','58','miss');
insert into gridirongameevents(id,gameId,playType,period,teamFor,teamAgainst) values ('7c9ef7b5-aa4d-4ef6-9c5b-9df6ba866c01','9ebb28ad-b8f5-4185-a37c-932a0c6bf9f4','safety',4,'TeamA','TeamC');
insert into gridirongameevents(id,gameId,playType,period,teamFor,teamAgainst) values ('e5d68aa9-0f85-4f54-b452-240b8286c5f1','9ebb28ad-b8f5-4185-a37c-932a0c6bf9f4','safety',4,'TeamA','TeamC');
insert into gridirongameevents(id,gameId,playType,period,teamFor,teamAgainst) values ('0825af2e-8fe8-4185-bc94-f033fda08cc9','9ebb28ad-b8f5-4185-a37c-932a0c6bf9f4','turnover',4,'TeamC','TeamA');
insert into gridirongameevents(id,gameId,playType,period,teamFor,teamAgainst) values ('1de3ca0f-f3e0-404b-befd-eba660ae3a5d','9ebb28ad-b8f5-4185-a37c-932a0c6bf9f4','kick',4,'TeamA','TeamC');
insert into gridironkicks(eventId,player,yard,result) values ('1de3ca0f-f3e0-404b-befd-eba660ae3a5d','Cameron',75,'field-goal');
insert into gridirongameevents(id,gameId,playType,period,teamFor,teamAgainst) values ('cc159f54-ffb6-4333-b767-814eb3378feb','9ebb28ad-b8f5-4185-a37c-932a0c6bf9f4','flag',4,'TeamC','TeamA');
insert into gridirongameevents(id,gameId,playType,period,teamFor,teamAgainst) values ('8c8c8604-fca4-456f-abed-8274b386fd6e','9ebb28ad-b8f5-4185-a37c-932a0c6bf9f4','timeout',4,'TeamC','TeamA');
insert into gridirongameevents(id,gameId,playType,period,teamFor,teamAgainst) values ('17aefb50-58fc-413a-89f9-9bf71d502441','9ebb28ad-b8f5-4185-a37c-932a0c6bf9f4','turnover',4,'TeamC','TeamA');
insert into gridirongameevents(id,gameId,playType,period,teamFor,teamAgainst) values ('0df20d5b-2801-453a-8858-f162be8d906c','9ebb28ad-b8f5-4185-a37c-932a0c6bf9f4','safety',4,'TeamA','TeamC');
insert into gridirongameevents(id,gameId,playType,period,teamFor,teamAgainst) values ('5ac920af-960e-4eb1-b5be-474cd99eb078','9ebb28ad-b8f5-4185-a37c-932a0c6bf9f4','throw',4,'TeamC','TeamA');
insert into gridironthrows(eventId,playerThrowing,playerReceiving,yard,result) values ('5ac920af-960e-4eb1-b5be-474cd99eb078','Doppler','Denver','84','touchdown');
insert into gridirongameevents(id,gameId,playType,period,teamFor,teamAgainst) values ('860ac935-d79d-428c-b6a3-0d36e4a68602','9ebb28ad-b8f5-4185-a37c-932a0c6bf9f4','flag',4,'TeamC','TeamA');
insert into gridirongameevents(id,gameId,playType,period,teamFor,teamAgainst) values ('43551c96-4f68-4d06-a4d1-584cc1d54906','9ebb28ad-b8f5-4185-a37c-932a0c6bf9f4','kick',4,'TeamA','TeamC');
insert into gridironkicks(eventId,player,yard,result) values ('43551c96-4f68-4d06-a4d1-584cc1d54906','Camel',51,'miss');
insert into gridirongameevents(id,gameId,playType,period,teamFor,teamAgainst) values ('4d31bc89-d67b-4902-a97d-13b55dd2f8e4','9ebb28ad-b8f5-4185-a37c-932a0c6bf9f4','turnover',4,'TeamA','TeamC');
insert into gridirongameevents(id,gameId,playType,period,teamFor,teamAgainst) values ('3101c74b-567f-47b6-b720-f9e27593cfb9','9ebb28ad-b8f5-4185-a37c-932a0c6bf9f4','safety',4,'TeamC','TeamA');
insert into gridirongameevents(id,gameId,playType,period,teamFor,teamAgainst) values ('a8a307dd-c41e-41f1-9e2d-e7ff96a441b3','9ebb28ad-b8f5-4185-a37c-932a0c6bf9f4','turnover',4,'TeamC','TeamA');
insert into gridirongameevents(id,gameId,playType,period,teamFor,teamAgainst) values ('9f45d1d6-71cc-4d1a-b073-86329571bdf1','9ebb28ad-b8f5-4185-a37c-932a0c6bf9f4','timeout',4,'TeamC','TeamA');
insert into gridirongameevents(id,gameId,playType,period,teamFor,teamAgainst) values ('5d64128b-868c-4cb9-a396-cc370e929852','9ebb28ad-b8f5-4185-a37c-932a0c6bf9f4','kick',4,'TeamA','TeamC');
insert into gridironkicks(eventId,player,yard,result) values ('5d64128b-868c-4cb9-a396-cc370e929852','Cameron',115,'field-goal');
insert into gridirongameevents(id,gameId,playType,period,teamFor,teamAgainst) values ('7b8a5fce-ca7e-42bd-9d54-fce668a0f805','9ebb28ad-b8f5-4185-a37c-932a0c6bf9f4','rush',4,'TeamC','TeamA');
insert into gridironrushes(eventId,player,yard,result) values ('7b8a5fce-ca7e-42bd-9d54-fce668a0f805','Dickson',89,'touchdown');
insert into gridirongameevents(id,gameId,playType,period,teamFor,teamAgainst) values ('23063c71-44d2-485c-9f37-d3a323bdeda7','9ebb28ad-b8f5-4185-a37c-932a0c6bf9f4','safety',4,'TeamC','TeamA');
insert into gridirongameevents(id,gameId,playType,period,teamFor,teamAgainst) values ('b1fffe9f-9df6-4b97-acd6-d5328f50bc22','9ebb28ad-b8f5-4185-a37c-932a0c6bf9f4','throw',4,'TeamC','TeamA');
insert into gridironthrows(eventId,playerThrowing,playerReceiving,yard,result) values ('b1fffe9f-9df6-4b97-acd6-d5328f50bc22','Doppler','Daniel','73','2pt');
insert into gridirongameevents(id,gameId,playType,period,teamFor,teamAgainst) values ('55acc822-174e-4d83-b17d-4552fcd1b06b','9ebb28ad-b8f5-4185-a37c-932a0c6bf9f4','flag',4,'TeamA','TeamC');
insert into gridirongameevents(id,gameId,playType,period,teamFor,teamAgainst) values ('27a1a67b-0749-40f8-a94a-c345fd85d8e9','9ebb28ad-b8f5-4185-a37c-932a0c6bf9f4','rush',4,'TeamC','TeamA');
insert into gridironrushes(eventId,player,yard,result) values ('27a1a67b-0749-40f8-a94a-c345fd85d8e9','Doppler',117,'2pt');
insert into gridirongameevents(id,gameId,playType,period,teamFor,teamAgainst) values ('ec40ff7b-6e4e-4eb9-85f1-0f4e2da3f16a','9ebb28ad-b8f5-4185-a37c-932a0c6bf9f4','throw',4,'TeamC','TeamA');
insert into gridironthrows(eventId,playerThrowing,playerReceiving,yard,result) values ('ec40ff7b-6e4e-4eb9-85f1-0f4e2da3f16a','Dickson','Dapper','70','non-scoring');
insert into gridirongameevents(id,gameId,playType,period,teamFor,teamAgainst) values ('790fac88-8a89-4b55-99fa-9874482afee5','9ebb28ad-b8f5-4185-a37c-932a0c6bf9f4','safety',4,'TeamA','TeamC');
insert into gridirongameevents(id,gameId,playType,period,teamFor,teamAgainst) values ('7f1e83b6-7f56-4c1e-b349-f08c6dfaa382','9ebb28ad-b8f5-4185-a37c-932a0c6bf9f4','timeout',4,'TeamC','TeamA');
insert into gridirongameevents(id,gameId,playType,period,teamFor,teamAgainst) values ('239a01d9-6362-4393-8805-058057f86a53','9ebb28ad-b8f5-4185-a37c-932a0c6bf9f4','throw',4,'TeamA','TeamC');
insert into gridironthrows(eventId,playerThrowing,playerReceiving,yard,result) values ('239a01d9-6362-4393-8805-058057f86a53','Caleb','Cameron','42','non-scoring');
insert into gridirongameevents(id,gameId,playType,period,teamFor,teamAgainst) values ('9cc6469b-1524-476d-b1d1-77e60d365d0b','9ebb28ad-b8f5-4185-a37c-932a0c6bf9f4','throw',4,'TeamC','TeamA');
insert into gridironthrows(eventId,playerThrowing,playerReceiving,yard,result) values ('9cc6469b-1524-476d-b1d1-77e60d365d0b','Daniel','Dapper','83','non-scoring');
insert into gridirongameevents(id,gameId,playType,period,teamFor,teamAgainst) values ('8c94f297-060d-4b66-b8fd-3747231be1b0','9ebb28ad-b8f5-4185-a37c-932a0c6bf9f4','kick',4,'TeamC','TeamA');
insert into gridironkicks(eventId,player,yard,result) values ('8c94f297-060d-4b66-b8fd-3747231be1b0','Doppler',9,'extra-kick');
insert into gridirongameevents(id,gameId,playType,period,teamFor,teamAgainst) values ('7f89fa4b-aa5a-42f2-acb4-91b615a8b240','9ebb28ad-b8f5-4185-a37c-932a0c6bf9f4','flag',4,'TeamA','TeamC');
insert into gridirongameevents(id,gameId,playType,period,teamFor,teamAgainst) values ('d5ccdf58-6740-4e80-85c0-9548ff193ffb','9ebb28ad-b8f5-4185-a37c-932a0c6bf9f4','throw',4,'TeamA','TeamC');
insert into gridironthrows(eventId,playerThrowing,playerReceiving,yard,result) values ('d5ccdf58-6740-4e80-85c0-9548ff193ffb','Camel','Caleb','1','non-scoring');
insert into gridirongameevents(id,gameId,playType,period,teamFor,teamAgainst) values ('50eef31e-f8f1-4c9f-828e-23ea8caa01d7','9ebb28ad-b8f5-4185-a37c-932a0c6bf9f4','timeout',4,'TeamC','TeamA');
insert into gridirongameevents(id,gameId,playType,period,teamFor,teamAgainst) values ('3b8c24e3-640d-4594-9f10-26ce659d2357','9ebb28ad-b8f5-4185-a37c-932a0c6bf9f4','throw',4,'TeamA','TeamC');
insert into gridironthrows(eventId,playerThrowing,playerReceiving,yard,result) values ('3b8c24e3-640d-4594-9f10-26ce659d2357','Cameron','Camel','93','non-scoring');
insert into gridirongameevents(id,gameId,playType,period,teamFor,teamAgainst) values ('60152d17-1528-4c89-94e0-5063cc7ebf65','9ebb28ad-b8f5-4185-a37c-932a0c6bf9f4','timeout',4,'TeamC','TeamA');
insert into gridirongameevents(id,gameId,playType,period,teamFor,teamAgainst) values ('1edca4b7-e4f3-4949-a35f-61f238b81acf','9ebb28ad-b8f5-4185-a37c-932a0c6bf9f4','turnover',4,'TeamC','TeamA');
insert into gridirongameevents(id,gameId,playType,period,teamFor,teamAgainst) values ('f4a045aa-4044-42ba-b797-de7d555d8a10','9ebb28ad-b8f5-4185-a37c-932a0c6bf9f4','throw',4,'TeamC','TeamA');
insert into gridironthrows(eventId,playerThrowing,playerReceiving,yard,result) values ('f4a045aa-4044-42ba-b797-de7d555d8a10','Dapper','Denver','94','2pt');
insert into gridirongameevents(id,gameId,playType,period,teamFor,teamAgainst) values ('482fcbe7-8663-4983-93c8-abb492bb2c10','9ebb28ad-b8f5-4185-a37c-932a0c6bf9f4','safety',4,'TeamC','TeamA');
insert into gridirongameevents(id,gameId,playType,period,teamFor,teamAgainst) values ('69aea3ef-d256-4875-93f5-519b44cc3e3f','9ebb28ad-b8f5-4185-a37c-932a0c6bf9f4','turnover',4,'TeamA','TeamC');
insert into gridirongameevents(id,gameId,playType,period,teamFor,teamAgainst) values ('c696d372-c42e-4dae-b829-21b784b8b719','9ebb28ad-b8f5-4185-a37c-932a0c6bf9f4','rush',4,'TeamA','TeamC');
insert into gridironrushes(eventId,player,yard,result) values ('c696d372-c42e-4dae-b829-21b784b8b719','Caleb',50,'touchdown');
insert into gridirongameevents(id,gameId,playType,period,teamFor,teamAgainst) values ('076f9588-3028-4596-b297-4955bbcdcd9b','9ebb28ad-b8f5-4185-a37c-932a0c6bf9f4','safety',4,'TeamC','TeamA');
insert into gridirongameevents(id,gameId,playType,period,teamFor,teamAgainst) values ('1397e6e5-1396-4d13-8868-a4d903a5e985','9ebb28ad-b8f5-4185-a37c-932a0c6bf9f4','kick',4,'TeamA','TeamC');
insert into gridironkicks(eventId,player,yard,result) values ('1397e6e5-1396-4d13-8868-a4d903a5e985','Cody',27,'extra-kick');
insert into gridirongameevents(id,gameId,playType,period,teamFor,teamAgainst) values ('fd202843-c1c1-49e3-96d7-5825a1c1cc02','9ebb28ad-b8f5-4185-a37c-932a0c6bf9f4','kick',4,'TeamC','TeamA');
insert into gridironkicks(eventId,player,yard,result) values ('fd202843-c1c1-49e3-96d7-5825a1c1cc02','Daniel',69,'miss');
insert into gridirongameevents(id,gameId,playType,period,teamFor,teamAgainst) values ('8e7fbde5-e3a6-4fc6-89e9-bb19b172c46c','9ebb28ad-b8f5-4185-a37c-932a0c6bf9f4','turnover',4,'TeamA','TeamC');
insert into gridirongameevents(id,gameId,playType,period,teamFor,teamAgainst) values ('8e1c7a8f-15b0-4cdb-812e-381e79c61293','9ebb28ad-b8f5-4185-a37c-932a0c6bf9f4','kick',4,'TeamC','TeamA');
insert into gridironkicks(eventId,player,yard,result) values ('8e1c7a8f-15b0-4cdb-812e-381e79c61293','Dickson',36,'field-goal');
insert into gridirongameevents(id,gameId,playType,period,teamFor,teamAgainst) values ('258876bf-467f-4e12-9504-d24ef4a751f4','9ebb28ad-b8f5-4185-a37c-932a0c6bf9f4','throw',4,'TeamA','TeamC');
insert into gridironthrows(eventId,playerThrowing,playerReceiving,yard,result) values ('258876bf-467f-4e12-9504-d24ef4a751f4','Camel','Cameron','96','touchdown');
insert into gridirongameevents(id,gameId,playType,period,teamFor,teamAgainst) values ('86b109dc-b1ea-4d3b-a9a7-c2daf196aff3','9ebb28ad-b8f5-4185-a37c-932a0c6bf9f4','rush',4,'TeamC','TeamA');
insert into gridironrushes(eventId,player,yard,result) values ('86b109dc-b1ea-4d3b-a9a7-c2daf196aff3','Doppler',65,'2pt');
insert into gridirongameevents(id,gameId,playType,period,teamFor,teamAgainst) values ('8e1366e8-1a22-4664-9b45-a8391bf02a17','9ebb28ad-b8f5-4185-a37c-932a0c6bf9f4','turnover',4,'TeamA','TeamC');
insert into gridirongameevents(id,gameId,playType,period,teamFor,teamAgainst) values ('dd68bb96-e0d7-409f-bed0-5a8dd65b0ae1','9ebb28ad-b8f5-4185-a37c-932a0c6bf9f4','rush',4,'TeamA','TeamC');
insert into gridironrushes(eventId,player,yard,result) values ('dd68bb96-e0d7-409f-bed0-5a8dd65b0ae1','Camel',-5,'non-scoring');
insert into gridirongameevents(id,gameId,playType,period,teamFor,teamAgainst) values ('1425593a-860a-4f06-aaa2-1d2dd83db998','9ebb28ad-b8f5-4185-a37c-932a0c6bf9f4','throw',4,'TeamC','TeamA');
insert into gridironthrows(eventId,playerThrowing,playerReceiving,yard,result) values ('1425593a-860a-4f06-aaa2-1d2dd83db998','Dapper','Denver','-4','miss');
insert into gridirongameevents(id,gameId,playType,period,teamFor,teamAgainst) values ('5442e8a6-eea7-4bd3-b10b-a4c8d1bfacb1','9ebb28ad-b8f5-4185-a37c-932a0c6bf9f4','safety',4,'TeamC','TeamA');
insert into gridirongameevents(id,gameId,playType,period,teamFor,teamAgainst) values ('7b4288bb-5ac0-4e85-b651-161033f9e5b2','9ebb28ad-b8f5-4185-a37c-932a0c6bf9f4','rush',4,'TeamC','TeamA');
insert into gridironrushes(eventId,player,yard,result) values ('7b4288bb-5ac0-4e85-b651-161033f9e5b2','Dapper',98,'touchdown');
insert into gridirongameevents(id,gameId,playType,period,teamFor,teamAgainst) values ('cafbf617-e564-4a41-8c55-e75f3efb262c','9ebb28ad-b8f5-4185-a37c-932a0c6bf9f4','timeout',4,'TeamA','TeamC');
insert into gridirongameevents(id,gameId,playType,period,teamFor,teamAgainst) values ('cb050918-fece-4a98-8d35-4d314b9cadb8','9ebb28ad-b8f5-4185-a37c-932a0c6bf9f4','rush',4,'TeamC','TeamA');
insert into gridironrushes(eventId,player,yard,result) values ('cb050918-fece-4a98-8d35-4d314b9cadb8','Denver',53,'non-scoring');
insert into gridirongameevents(id,gameId,playType,period,teamFor,teamAgainst) values ('c29623b7-8576-49de-aeba-35fa5a5126a0','9ebb28ad-b8f5-4185-a37c-932a0c6bf9f4','turnover',4,'TeamA','TeamC');
insert into gridirongameevents(id,gameId,playType,period,teamFor,teamAgainst) values ('cecd8c69-ee2c-47da-b6ad-7a8a5709cb27','9ebb28ad-b8f5-4185-a37c-932a0c6bf9f4','rush',4,'TeamC','TeamA');
insert into gridironrushes(eventId,player,yard,result) values ('cecd8c69-ee2c-47da-b6ad-7a8a5709cb27','Doppler',39,'non-scoring');
insert into gridirongameevents(id,gameId,playType,period,teamFor,teamAgainst) values ('637101c7-ecda-4ba2-91a9-5493e45eed70','9ebb28ad-b8f5-4185-a37c-932a0c6bf9f4','safety',4,'TeamC','TeamA');
insert into gridirongameevents(id,gameId,playType,period,teamFor,teamAgainst) values ('1f26bc56-dd7c-4b62-804c-2b7762270e00','9ebb28ad-b8f5-4185-a37c-932a0c6bf9f4','rush',4,'TeamA','TeamC');
insert into gridironrushes(eventId,player,yard,result) values ('1f26bc56-dd7c-4b62-804c-2b7762270e00','Camel',64,'2pt');
insert into gridirongameevents(id,gameId,playType,period,teamFor,teamAgainst) values ('3cf7bf90-1003-4585-9d61-93759deab02f','9ebb28ad-b8f5-4185-a37c-932a0c6bf9f4','safety',4,'TeamA','TeamC');
insert into gridirongameevents(id,gameId,playType,period,teamFor,teamAgainst) values ('ca81e353-2b1c-4120-9f1b-d366848de081','9ebb28ad-b8f5-4185-a37c-932a0c6bf9f4','kick',4,'TeamA','TeamC');
insert into gridironkicks(eventId,player,yard,result) values ('ca81e353-2b1c-4120-9f1b-d366848de081','Cameron',58,'miss');
insert into gridirongameevents(id,gameId,playType,period,teamFor,teamAgainst) values ('4f9e06d7-783d-4ef7-9591-a06fe980451b','9ebb28ad-b8f5-4185-a37c-932a0c6bf9f4','safety',4,'TeamA','TeamC');
insert into gridirongameevents(id,gameId,playType,period,teamFor,teamAgainst) values ('56d08807-31ab-46d8-9eeb-e292c827b4b9','9ebb28ad-b8f5-4185-a37c-932a0c6bf9f4','flag',4,'TeamA','TeamC');
insert into gridirongameevents(id,gameId,playType,period,teamFor,teamAgainst) values ('dffcb964-fd0d-4beb-8a03-86bd4570e8f0','9ebb28ad-b8f5-4185-a37c-932a0c6bf9f4','kick',4,'TeamC','TeamA');
insert into gridironkicks(eventId,player,yard,result) values ('dffcb964-fd0d-4beb-8a03-86bd4570e8f0','Denver',85,'miss');
insert into gridirongameevents(id,gameId,playType,period,teamFor,teamAgainst) values ('06ac9c0c-b96d-4b59-97a3-fdc5efcc687b','9ebb28ad-b8f5-4185-a37c-932a0c6bf9f4','kick',4,'TeamC','TeamA');
insert into gridironkicks(eventId,player,yard,result) values ('06ac9c0c-b96d-4b59-97a3-fdc5efcc687b','Dickson',107,'miss');
insert into gridirongameevents(id,gameId,playType,period,teamFor,teamAgainst) values ('626878d3-4926-411f-a0ea-70ab996d7cec','9ebb28ad-b8f5-4185-a37c-932a0c6bf9f4','flag',4,'TeamC','TeamA');
insert into gridirongameevents(id,gameId,playType,period,teamFor,teamAgainst) values ('58246d98-09a9-4e73-b05f-c8af83cc5ae4','9ebb28ad-b8f5-4185-a37c-932a0c6bf9f4','turnover',4,'TeamC','TeamA');
insert into gridirongameevents(id,gameId,playType,period,teamFor,teamAgainst) values ('febb52fe-0666-464e-b203-9293d255e09d','9ebb28ad-b8f5-4185-a37c-932a0c6bf9f4','timeout',4,'TeamC','TeamA');
insert into gridirongameevents(id,gameId,playType,period,teamFor,teamAgainst) values ('31a444d0-c1ef-4a5e-9822-cbc3a2f4a97a','9ebb28ad-b8f5-4185-a37c-932a0c6bf9f4','timeout',4,'TeamA','TeamC');
insert into gridirongameevents(id,gameId,playType,period,teamFor,teamAgainst) values ('e81016bb-1173-41a8-a350-67d612fbce39','9ebb28ad-b8f5-4185-a37c-932a0c6bf9f4','turnover',4,'TeamC','TeamA');
insert into gridirongameevents(id,gameId,playType,period,teamFor,teamAgainst) values ('4d8b11b4-6b14-4341-b718-22a15810c576','9ebb28ad-b8f5-4185-a37c-932a0c6bf9f4','safety',4,'TeamA','TeamC');
insert into gridirongameevents(id,gameId,playType,period,teamFor,teamAgainst) values ('8ace450e-33ab-49d5-b69e-a39c8f1ab454','9ebb28ad-b8f5-4185-a37c-932a0c6bf9f4','turnover',4,'TeamC','TeamA');
insert into gridirongameevents(id,gameId,playType,period,teamFor,teamAgainst) values ('f18c96dc-641d-41dd-9e6a-b80f6ddc4300','9ebb28ad-b8f5-4185-a37c-932a0c6bf9f4','throw',4,'TeamC','TeamA');
insert into gridironthrows(eventId,playerThrowing,playerReceiving,yard,result) values ('f18c96dc-641d-41dd-9e6a-b80f6ddc4300','Doppler','Dapper','93','non-scoring');
insert into gridirongameevents(id,gameId,playType,period,teamFor,teamAgainst) values ('b439c61f-09d2-4673-b6d2-ffd9cd193e68','9ebb28ad-b8f5-4185-a37c-932a0c6bf9f4','rush',4,'TeamA','TeamC');
insert into gridironrushes(eventId,player,yard,result) values ('b439c61f-09d2-4673-b6d2-ffd9cd193e68','Caleb',-5,'non-scoring');
insert into gridirongameevents(id,gameId,playType,period,teamFor,teamAgainst) values ('22bfacec-9aac-4ee1-993a-77a3f1ef60fe','9ebb28ad-b8f5-4185-a37c-932a0c6bf9f4','throw',4,'TeamC','TeamA');
insert into gridironthrows(eventId,playerThrowing,playerReceiving,yard,result) values ('22bfacec-9aac-4ee1-993a-77a3f1ef60fe','Denver','Doppler','117','touchdown');
insert into gridirongameevents(id,gameId,playType,period,teamFor,teamAgainst) values ('d671ae1d-25ed-41a2-afc9-b53c0006915a','9ebb28ad-b8f5-4185-a37c-932a0c6bf9f4','flag',4,'TeamC','TeamA');
insert into gridirongameevents(id,gameId,playType,period,teamFor,teamAgainst) values ('0e217cb3-aa8f-4ac3-8494-186afe9f89df','9ebb28ad-b8f5-4185-a37c-932a0c6bf9f4','rush',4,'TeamA','TeamC');
insert into gridironrushes(eventId,player,yard,result) values ('0e217cb3-aa8f-4ac3-8494-186afe9f89df','Camel',71,'non-scoring');
insert into gridirongameevents(id,gameId,playType,period,teamFor,teamAgainst) values ('96ba81ad-dbee-488f-8400-919250dd1411','9ebb28ad-b8f5-4185-a37c-932a0c6bf9f4','safety',4,'TeamC','TeamA');
insert into gridirongameevents(id,gameId,playType,period,teamFor,teamAgainst) values ('10f6c485-c0d3-4e22-a4c1-64eb5a12b309','9ebb28ad-b8f5-4185-a37c-932a0c6bf9f4','flag',4,'TeamC','TeamA');
insert into gridirongameevents(id,gameId,playType,period,teamFor,teamAgainst) values ('401976b9-9611-4af3-8be4-c4b00b2972bd','9ebb28ad-b8f5-4185-a37c-932a0c6bf9f4','safety',4,'TeamA','TeamC');
insert into gridirongameevents(id,gameId,playType,period,teamFor,teamAgainst) values ('d3fcb5cf-e47b-40c6-a1f4-92ab99b1ef74','9ebb28ad-b8f5-4185-a37c-932a0c6bf9f4','turnover',4,'TeamA','TeamC');
insert into gridirongameevents(id,gameId,playType,period,teamFor,teamAgainst) values ('37ec93e4-5310-489a-bcd0-9947f037cc80','9ebb28ad-b8f5-4185-a37c-932a0c6bf9f4','throw',4,'TeamC','TeamA');
insert into gridironthrows(eventId,playerThrowing,playerReceiving,yard,result) values ('37ec93e4-5310-489a-bcd0-9947f037cc80','Dickson','Doppler','80','touchdown');
insert into gridirongameevents(id,gameId,playType,period,teamFor,teamAgainst) values ('98545f9c-8d61-41ce-aefd-a63a7347eedb','9ebb28ad-b8f5-4185-a37c-932a0c6bf9f4','timeout',4,'TeamA','TeamC');
insert into gridirongameevents(id,gameId,playType,period,teamFor,teamAgainst) values ('48c428bd-3a44-47bc-951e-e3dd1b1b82e8','9ebb28ad-b8f5-4185-a37c-932a0c6bf9f4','flag',4,'TeamA','TeamC');
insert into gridirongameevents(id,gameId,playType,period,teamFor,teamAgainst) values ('d6341520-17a4-449e-b457-39a71644993a','9ebb28ad-b8f5-4185-a37c-932a0c6bf9f4','timeout',4,'TeamA','TeamC');
insert into gridirongameevents(id,gameId,playType,period,teamFor,teamAgainst) values ('ec6768e3-eed4-4316-897e-31a5fd2372c8','9ebb28ad-b8f5-4185-a37c-932a0c6bf9f4','turnover',4,'TeamA','TeamC');
insert into gridirongameevents(id,gameId,playType,period,teamFor,teamAgainst) values ('cb30f8cb-0a64-4eff-a2c1-61ee6ae134e1','9ebb28ad-b8f5-4185-a37c-932a0c6bf9f4','turnover',4,'TeamA','TeamC');
insert into gridirongameevents(id,gameId,playType,period,teamFor,teamAgainst) values ('3926e192-e247-4eca-b54b-e6c807d8c9cf','9ebb28ad-b8f5-4185-a37c-932a0c6bf9f4','kick',4,'TeamA','TeamC');
insert into gridironkicks(eventId,player,yard,result) values ('3926e192-e247-4eca-b54b-e6c807d8c9cf','Caleb',27,'field-goal');
insert into gridirongameevents(id,gameId,playType,period,teamFor,teamAgainst) values ('6a7c0220-fb36-4836-b4cf-5073a59c63ff','9ebb28ad-b8f5-4185-a37c-932a0c6bf9f4','timeout',4,'TeamA','TeamC');
insert into gridirongameevents(id,gameId,playType,period,teamFor,teamAgainst) values ('fe42657c-aa3c-499b-a040-cabce6352404','9ebb28ad-b8f5-4185-a37c-932a0c6bf9f4','rush',4,'TeamA','TeamC');
insert into gridironrushes(eventId,player,yard,result) values ('fe42657c-aa3c-499b-a040-cabce6352404','Cameron',81,'2pt');
insert into gridirongameevents(id,gameId,playType,period,teamFor,teamAgainst) values ('ba52e4d7-138f-4134-b799-84a3209b38dc','9ebb28ad-b8f5-4185-a37c-932a0c6bf9f4','flag',4,'TeamA','TeamC');
insert into gridirongameevents(id,gameId,playType,period,teamFor,teamAgainst) values ('88904ab9-9be1-4862-ac40-07463ebbe649','9ebb28ad-b8f5-4185-a37c-932a0c6bf9f4','turnover',4,'TeamC','TeamA');
insert into gridirongameevents(id,gameId,playType,period,teamFor,teamAgainst) values ('908aa08d-6a9d-4a80-897d-fc0387201c42','9ebb28ad-b8f5-4185-a37c-932a0c6bf9f4','turnover',4,'TeamC','TeamA');
insert into gridirongameevents(id,gameId,playType,period,teamFor,teamAgainst) values ('4a280137-41c4-46a8-a338-4a85930d9186','9ebb28ad-b8f5-4185-a37c-932a0c6bf9f4','safety',4,'TeamC','TeamA');
insert into gridirongameevents(id,gameId,playType,period,teamFor,teamAgainst) values ('91ea96fb-481d-4cee-8910-ac968f8ded74','9ebb28ad-b8f5-4185-a37c-932a0c6bf9f4','throw',4,'TeamC','TeamA');
insert into gridironthrows(eventId,playerThrowing,playerReceiving,yard,result) values ('91ea96fb-481d-4cee-8910-ac968f8ded74','Doppler','Daniel','86','2pt');
insert into gridirongameevents(id,gameId,playType,period,teamFor,teamAgainst) values ('9f6d05f1-5512-4bb4-abbc-9fe06f725af9','9ebb28ad-b8f5-4185-a37c-932a0c6bf9f4','timeout',4,'TeamC','TeamA');
insert into gridirongameevents(id,gameId,playType,period,teamFor,teamAgainst) values ('5c38b757-c007-4074-afe9-0aaab2a5f4a0','9ebb28ad-b8f5-4185-a37c-932a0c6bf9f4','kick',4,'TeamA','TeamC');
insert into gridironkicks(eventId,player,yard,result) values ('5c38b757-c007-4074-afe9-0aaab2a5f4a0','Camel',33,'field-goal');
insert into gridirongames(id,leagueId,home,away,starttime) values ('b91ff336-6784-4b9a-82a1-f365ecdb0bdd','ea4bc412-c6e3-40e9-9753-275730216d50','TeamB','TeamC','2023-02-23T22:42:43+00:00');
insert into gridirongameevents(id,gameId,playType,period,teamFor,teamAgainst) values ('ff3826dd-df43-4be3-a7ba-004da82e23f4','b91ff336-6784-4b9a-82a1-f365ecdb0bdd','kick',1,'TeamC','TeamB');
insert into gridironkicks(eventId,player,yard,result) values ('ff3826dd-df43-4be3-a7ba-004da82e23f4','Daniel',49,'extra-kick');
insert into gridirongameevents(id,gameId,playType,period,teamFor,teamAgainst) values ('b8ebe23d-0a90-4273-b7d1-3329a92cf83f','b91ff336-6784-4b9a-82a1-f365ecdb0bdd','throw',1,'TeamC','TeamB');
insert into gridironthrows(eventId,playerThrowing,playerReceiving,yard,result) values ('b8ebe23d-0a90-4273-b7d1-3329a92cf83f','Daniel','Dapper','95','touchdown');
insert into gridirongameevents(id,gameId,playType,period,teamFor,teamAgainst) values ('5a97f309-94e9-4c90-8581-3b1025898e2a','b91ff336-6784-4b9a-82a1-f365ecdb0bdd','turnover',1,'TeamB','TeamC');
insert into gridirongameevents(id,gameId,playType,period,teamFor,teamAgainst) values ('0e5360f6-2ab4-4709-8166-777182d00df5','b91ff336-6784-4b9a-82a1-f365ecdb0bdd','safety',1,'TeamB','TeamC');
insert into gridirongameevents(id,gameId,playType,period,teamFor,teamAgainst) values ('6014c3be-daa7-4812-aa2a-332751e5c022','b91ff336-6784-4b9a-82a1-f365ecdb0bdd','throw',1,'TeamB','TeamC');
insert into gridironthrows(eventId,playerThrowing,playerReceiving,yard,result) values ('6014c3be-daa7-4812-aa2a-332751e5c022','Cameron','Cauchy','-10','non-scoring');
insert into gridirongameevents(id,gameId,playType,period,teamFor,teamAgainst) values ('c5a8775e-eecd-455e-8c7c-86c894a8fd25','b91ff336-6784-4b9a-82a1-f365ecdb0bdd','timeout',1,'TeamB','TeamC');
insert into gridirongameevents(id,gameId,playType,period,teamFor,teamAgainst) values ('cb0af70b-48a0-42b9-9974-0dd757c26403','b91ff336-6784-4b9a-82a1-f365ecdb0bdd','timeout',1,'TeamC','TeamB');
insert into gridirongameevents(id,gameId,playType,period,teamFor,teamAgainst) values ('37aa7315-d49f-42aa-b62d-d3646e310337','b91ff336-6784-4b9a-82a1-f365ecdb0bdd','timeout',1,'TeamC','TeamB');
insert into gridirongameevents(id,gameId,playType,period,teamFor,teamAgainst) values ('fc6b9c12-a071-45cd-93f2-1aad03e709fd','b91ff336-6784-4b9a-82a1-f365ecdb0bdd','kick',1,'TeamB','TeamC');
insert into gridironkicks(eventId,player,yard,result) values ('fc6b9c12-a071-45cd-93f2-1aad03e709fd','Caleb',42,'miss');
insert into gridirongameevents(id,gameId,playType,period,teamFor,teamAgainst) values ('f7d18268-e954-483e-9205-a2a13dbf055e','b91ff336-6784-4b9a-82a1-f365ecdb0bdd','rush',1,'TeamC','TeamB');
insert into gridironrushes(eventId,player,yard,result) values ('f7d18268-e954-483e-9205-a2a13dbf055e','Denver',14,'touchdown');
insert into gridirongameevents(id,gameId,playType,period,teamFor,teamAgainst) values ('2370a7cf-dcfd-41ab-962c-1a3127396575','b91ff336-6784-4b9a-82a1-f365ecdb0bdd','kick',1,'TeamB','TeamC');
insert into gridironkicks(eventId,player,yard,result) values ('2370a7cf-dcfd-41ab-962c-1a3127396575','Cody',81,'extra-kick');
insert into gridirongameevents(id,gameId,playType,period,teamFor,teamAgainst) values ('b8812f83-015c-43f7-ae25-8ee25c4ce185','b91ff336-6784-4b9a-82a1-f365ecdb0bdd','rush',1,'TeamB','TeamC');
insert into gridironrushes(eventId,player,yard,result) values ('b8812f83-015c-43f7-ae25-8ee25c4ce185','Cameron',14,'touchdown');
insert into gridirongameevents(id,gameId,playType,period,teamFor,teamAgainst) values ('90bbe1c1-eb9f-4ef3-bb16-14624204cf32','b91ff336-6784-4b9a-82a1-f365ecdb0bdd','safety',1,'TeamB','TeamC');
insert into gridirongameevents(id,gameId,playType,period,teamFor,teamAgainst) values ('aeaceb5e-fde3-4837-80eb-a6cd777601fe','b91ff336-6784-4b9a-82a1-f365ecdb0bdd','throw',1,'TeamC','TeamB');
insert into gridironthrows(eventId,playerThrowing,playerReceiving,yard,result) values ('aeaceb5e-fde3-4837-80eb-a6cd777601fe','Denver','Daniel','4','non-scoring');
insert into gridirongameevents(id,gameId,playType,period,teamFor,teamAgainst) values ('da1189b1-07a1-47ca-bedc-9c0538ff3283','b91ff336-6784-4b9a-82a1-f365ecdb0bdd','rush',1,'TeamB','TeamC');
insert into gridironrushes(eventId,player,yard,result) values ('da1189b1-07a1-47ca-bedc-9c0538ff3283','Cauchy',102,'touchdown');
insert into gridirongameevents(id,gameId,playType,period,teamFor,teamAgainst) values ('ace85166-a802-4917-833c-29d2b02c194c','b91ff336-6784-4b9a-82a1-f365ecdb0bdd','throw',1,'TeamC','TeamB');
insert into gridironthrows(eventId,playerThrowing,playerReceiving,yard,result) values ('ace85166-a802-4917-833c-29d2b02c194c','Doppler','Denver','69','non-scoring');
insert into gridirongameevents(id,gameId,playType,period,teamFor,teamAgainst) values ('cd2752a6-5be5-4ae9-8966-6f00239530f5','b91ff336-6784-4b9a-82a1-f365ecdb0bdd','timeout',1,'TeamB','TeamC');
insert into gridirongameevents(id,gameId,playType,period,teamFor,teamAgainst) values ('d0b405c7-bb0f-46e8-b82b-1974d56c5546','b91ff336-6784-4b9a-82a1-f365ecdb0bdd','timeout',1,'TeamC','TeamB');
insert into gridirongameevents(id,gameId,playType,period,teamFor,teamAgainst) values ('21f4b685-36ed-4abc-9809-6a523276755b','b91ff336-6784-4b9a-82a1-f365ecdb0bdd','timeout',1,'TeamC','TeamB');
insert into gridirongameevents(id,gameId,playType,period,teamFor,teamAgainst) values ('a53fa1a7-cb2c-471c-a001-e5d56792d2c6','b91ff336-6784-4b9a-82a1-f365ecdb0bdd','safety',1,'TeamC','TeamB');
insert into gridirongameevents(id,gameId,playType,period,teamFor,teamAgainst) values ('9aa7fa60-6c31-420d-89f7-fe0683bc0393','b91ff336-6784-4b9a-82a1-f365ecdb0bdd','throw',1,'TeamB','TeamC');
insert into gridironthrows(eventId,playerThrowing,playerReceiving,yard,result) values ('9aa7fa60-6c31-420d-89f7-fe0683bc0393','Cody','Camel','103','touchdown');
insert into gridirongameevents(id,gameId,playType,period,teamFor,teamAgainst) values ('80e8d936-b5c0-4011-bea7-922127247200','b91ff336-6784-4b9a-82a1-f365ecdb0bdd','rush',1,'TeamB','TeamC');
insert into gridironrushes(eventId,player,yard,result) values ('80e8d936-b5c0-4011-bea7-922127247200','Cody',94,'non-scoring');
insert into gridirongameevents(id,gameId,playType,period,teamFor,teamAgainst) values ('85082631-cd41-4ff3-b090-0c5b4418a0e0','b91ff336-6784-4b9a-82a1-f365ecdb0bdd','safety',1,'TeamB','TeamC');
insert into gridirongameevents(id,gameId,playType,period,teamFor,teamAgainst) values ('002b6235-5065-4498-9ec0-2beb227ca384','b91ff336-6784-4b9a-82a1-f365ecdb0bdd','kick',1,'TeamC','TeamB');
insert into gridironkicks(eventId,player,yard,result) values ('002b6235-5065-4498-9ec0-2beb227ca384','Daniel',66,'field-goal');
insert into gridirongameevents(id,gameId,playType,period,teamFor,teamAgainst) values ('98e7e79c-b586-4045-ac72-3910060f40f1','b91ff336-6784-4b9a-82a1-f365ecdb0bdd','flag',1,'TeamB','TeamC');
insert into gridirongameevents(id,gameId,playType,period,teamFor,teamAgainst) values ('9fdae4c3-9d86-4481-89fd-c28bbda579e2','b91ff336-6784-4b9a-82a1-f365ecdb0bdd','rush',1,'TeamC','TeamB');
insert into gridironrushes(eventId,player,yard,result) values ('9fdae4c3-9d86-4481-89fd-c28bbda579e2','Daniel',108,'non-scoring');
insert into gridirongameevents(id,gameId,playType,period,teamFor,teamAgainst) values ('bc2e7e34-5960-4528-a458-791bfb53140e','b91ff336-6784-4b9a-82a1-f365ecdb0bdd','flag',1,'TeamB','TeamC');
insert into gridirongameevents(id,gameId,playType,period,teamFor,teamAgainst) values ('35e72cca-4d52-4859-8b50-5cd203863793','b91ff336-6784-4b9a-82a1-f365ecdb0bdd','flag',1,'TeamC','TeamB');
insert into gridirongameevents(id,gameId,playType,period,teamFor,teamAgainst) values ('e8a9ebb0-ab13-4a5e-ad7b-a67d5ac844a6','b91ff336-6784-4b9a-82a1-f365ecdb0bdd','safety',1,'TeamB','TeamC');
insert into gridirongameevents(id,gameId,playType,period,teamFor,teamAgainst) values ('45811a1d-f740-4496-b03d-e51df5989a2b','b91ff336-6784-4b9a-82a1-f365ecdb0bdd','kick',1,'TeamC','TeamB');
insert into gridironkicks(eventId,player,yard,result) values ('45811a1d-f740-4496-b03d-e51df5989a2b','Denver',26,'miss');
insert into gridirongameevents(id,gameId,playType,period,teamFor,teamAgainst) values ('7b6a7c09-d0cf-4935-be28-a69fe285058f','b91ff336-6784-4b9a-82a1-f365ecdb0bdd','throw',1,'TeamC','TeamB');
insert into gridironthrows(eventId,playerThrowing,playerReceiving,yard,result) values ('7b6a7c09-d0cf-4935-be28-a69fe285058f','Dapper','Daniel','109','2pt');
insert into gridirongameevents(id,gameId,playType,period,teamFor,teamAgainst) values ('047c0b05-452c-4c6c-8903-ae044dec6488','b91ff336-6784-4b9a-82a1-f365ecdb0bdd','flag',1,'TeamC','TeamB');
insert into gridirongameevents(id,gameId,playType,period,teamFor,teamAgainst) values ('43cf74ca-6f91-4d67-9e53-754b4b5e079d','b91ff336-6784-4b9a-82a1-f365ecdb0bdd','kick',1,'TeamB','TeamC');
insert into gridironkicks(eventId,player,yard,result) values ('43cf74ca-6f91-4d67-9e53-754b4b5e079d','Cameron',26,'extra-kick');
insert into gridirongameevents(id,gameId,playType,period,teamFor,teamAgainst) values ('512e2bd3-27ef-4fe2-88e6-1dac1a3defe7','b91ff336-6784-4b9a-82a1-f365ecdb0bdd','kick',1,'TeamB','TeamC');
insert into gridironkicks(eventId,player,yard,result) values ('512e2bd3-27ef-4fe2-88e6-1dac1a3defe7','Camel',1,'miss');
insert into gridirongameevents(id,gameId,playType,period,teamFor,teamAgainst) values ('d0a09ff6-6b89-41c4-9112-72a5a3327e48','b91ff336-6784-4b9a-82a1-f365ecdb0bdd','flag',1,'TeamC','TeamB');
insert into gridirongameevents(id,gameId,playType,period,teamFor,teamAgainst) values ('0855b1bb-1dcb-43f2-b33d-d032959eb0b0','b91ff336-6784-4b9a-82a1-f365ecdb0bdd','safety',1,'TeamC','TeamB');
insert into gridirongameevents(id,gameId,playType,period,teamFor,teamAgainst) values ('ffae00ee-3af0-45b0-b94d-fc31e2d39c5d','b91ff336-6784-4b9a-82a1-f365ecdb0bdd','flag',1,'TeamB','TeamC');
insert into gridirongameevents(id,gameId,playType,period,teamFor,teamAgainst) values ('b8dd771a-6be3-4c27-a11f-104d608f053d','b91ff336-6784-4b9a-82a1-f365ecdb0bdd','kick',1,'TeamB','TeamC');
insert into gridironkicks(eventId,player,yard,result) values ('b8dd771a-6be3-4c27-a11f-104d608f053d','Camel',56,'miss');
insert into gridirongameevents(id,gameId,playType,period,teamFor,teamAgainst) values ('2fc532a6-10c3-4454-bdb6-9dd29fb34d5d','b91ff336-6784-4b9a-82a1-f365ecdb0bdd','rush',1,'TeamC','TeamB');
insert into gridironrushes(eventId,player,yard,result) values ('2fc532a6-10c3-4454-bdb6-9dd29fb34d5d','Denver',72,'touchdown');
insert into gridirongameevents(id,gameId,playType,period,teamFor,teamAgainst) values ('3ab20142-9ac4-4eb3-8897-a12aa38b9df2','b91ff336-6784-4b9a-82a1-f365ecdb0bdd','kick',1,'TeamC','TeamB');
insert into gridironkicks(eventId,player,yard,result) values ('3ab20142-9ac4-4eb3-8897-a12aa38b9df2','Denver',72,'extra-kick');
insert into gridirongameevents(id,gameId,playType,period,teamFor,teamAgainst) values ('4172dca6-a8cb-4ce6-ae4a-58fd87e946d4','b91ff336-6784-4b9a-82a1-f365ecdb0bdd','rush',1,'TeamC','TeamB');
insert into gridironrushes(eventId,player,yard,result) values ('4172dca6-a8cb-4ce6-ae4a-58fd87e946d4','Dapper',42,'2pt');
insert into gridirongameevents(id,gameId,playType,period,teamFor,teamAgainst) values ('951824f8-30bf-4070-807d-67a47ee2a7c4','b91ff336-6784-4b9a-82a1-f365ecdb0bdd','flag',1,'TeamC','TeamB');
insert into gridirongameevents(id,gameId,playType,period,teamFor,teamAgainst) values ('a1ffac7e-8a66-4461-ae17-3b9bccad78bb','b91ff336-6784-4b9a-82a1-f365ecdb0bdd','turnover',1,'TeamC','TeamB');
insert into gridirongameevents(id,gameId,playType,period,teamFor,teamAgainst) values ('8ea9d449-e45b-4fd4-b8d9-79e7c8392b43','b91ff336-6784-4b9a-82a1-f365ecdb0bdd','rush',1,'TeamB','TeamC');
insert into gridironrushes(eventId,player,yard,result) values ('8ea9d449-e45b-4fd4-b8d9-79e7c8392b43','Cameron',75,'2pt');
insert into gridirongameevents(id,gameId,playType,period,teamFor,teamAgainst) values ('253662b2-618a-42a1-8328-9c43f11c8d48','b91ff336-6784-4b9a-82a1-f365ecdb0bdd','turnover',1,'TeamB','TeamC');
insert into gridirongameevents(id,gameId,playType,period,teamFor,teamAgainst) values ('570e0d5e-bfcf-401f-96d3-67ed03f33a35','b91ff336-6784-4b9a-82a1-f365ecdb0bdd','safety',1,'TeamC','TeamB');
insert into gridirongameevents(id,gameId,playType,period,teamFor,teamAgainst) values ('f1f02337-df30-4cde-8a25-5622af9769a0','b91ff336-6784-4b9a-82a1-f365ecdb0bdd','safety',1,'TeamC','TeamB');
insert into gridirongameevents(id,gameId,playType,period,teamFor,teamAgainst) values ('8e52224a-7edd-4a75-bb28-eff1f3d8f092','b91ff336-6784-4b9a-82a1-f365ecdb0bdd','turnover',1,'TeamB','TeamC');
insert into gridirongameevents(id,gameId,playType,period,teamFor,teamAgainst) values ('9d11f81b-2a11-424f-8660-235ae3fac32f','b91ff336-6784-4b9a-82a1-f365ecdb0bdd','turnover',1,'TeamB','TeamC');
insert into gridirongameevents(id,gameId,playType,period,teamFor,teamAgainst) values ('6801a56e-8783-42e6-9d1c-4193ce62d3bf','b91ff336-6784-4b9a-82a1-f365ecdb0bdd','safety',1,'TeamC','TeamB');
insert into gridirongameevents(id,gameId,playType,period,teamFor,teamAgainst) values ('86ad98ea-4598-4bb8-880e-1ac63ecc4077','b91ff336-6784-4b9a-82a1-f365ecdb0bdd','turnover',1,'TeamC','TeamB');
insert into gridirongameevents(id,gameId,playType,period,teamFor,teamAgainst) values ('90613e78-db3e-4ad9-a951-8dbf1b618d65','b91ff336-6784-4b9a-82a1-f365ecdb0bdd','rush',1,'TeamC','TeamB');
insert into gridironrushes(eventId,player,yard,result) values ('90613e78-db3e-4ad9-a951-8dbf1b618d65','Dickson',42,'2pt');
insert into gridirongameevents(id,gameId,playType,period,teamFor,teamAgainst) values ('7f75383e-7fec-40bb-a333-928050645dca','b91ff336-6784-4b9a-82a1-f365ecdb0bdd','turnover',1,'TeamC','TeamB');
insert into gridirongameevents(id,gameId,playType,period,teamFor,teamAgainst) values ('90ee7861-eaf0-4ab1-977f-4f24bf1ef93c','b91ff336-6784-4b9a-82a1-f365ecdb0bdd','rush',1,'TeamB','TeamC');
insert into gridironrushes(eventId,player,yard,result) values ('90ee7861-eaf0-4ab1-977f-4f24bf1ef93c','Cody',79,'touchdown');
insert into gridirongameevents(id,gameId,playType,period,teamFor,teamAgainst) values ('6f11e4e8-712e-4634-8046-ea37944500d9','b91ff336-6784-4b9a-82a1-f365ecdb0bdd','kick',1,'TeamB','TeamC');
insert into gridironkicks(eventId,player,yard,result) values ('6f11e4e8-712e-4634-8046-ea37944500d9','Caleb',16,'extra-kick');
insert into gridirongameevents(id,gameId,playType,period,teamFor,teamAgainst) values ('3f6b6170-ffc7-4e7b-9661-5f76be02b9d8','b91ff336-6784-4b9a-82a1-f365ecdb0bdd','kick',1,'TeamC','TeamB');
insert into gridironkicks(eventId,player,yard,result) values ('3f6b6170-ffc7-4e7b-9661-5f76be02b9d8','Daniel',20,'extra-kick');
insert into gridirongameevents(id,gameId,playType,period,teamFor,teamAgainst) values ('b5084687-9624-44ec-8a0e-7ab6af9a0dda','b91ff336-6784-4b9a-82a1-f365ecdb0bdd','flag',1,'TeamC','TeamB');
insert into gridirongameevents(id,gameId,playType,period,teamFor,teamAgainst) values ('e41f3d5c-de7b-4f9f-b1a0-a204064d08cd','b91ff336-6784-4b9a-82a1-f365ecdb0bdd','timeout',1,'TeamC','TeamB');
insert into gridirongameevents(id,gameId,playType,period,teamFor,teamAgainst) values ('dc4b15f1-4646-45a9-9206-552880fd3fd0','b91ff336-6784-4b9a-82a1-f365ecdb0bdd','safety',1,'TeamB','TeamC');
insert into gridirongameevents(id,gameId,playType,period,teamFor,teamAgainst) values ('8de0a279-8217-4ac1-92f9-0818afe50903','b91ff336-6784-4b9a-82a1-f365ecdb0bdd','rush',1,'TeamB','TeamC');
insert into gridironrushes(eventId,player,yard,result) values ('8de0a279-8217-4ac1-92f9-0818afe50903','Camel',110,'non-scoring');
insert into gridirongameevents(id,gameId,playType,period,teamFor,teamAgainst) values ('ebb20530-7589-42ae-aedc-4efa34c85d8c','b91ff336-6784-4b9a-82a1-f365ecdb0bdd','flag',1,'TeamC','TeamB');
insert into gridirongameevents(id,gameId,playType,period,teamFor,teamAgainst) values ('96decb9a-191c-42c4-b531-18730629875e','b91ff336-6784-4b9a-82a1-f365ecdb0bdd','flag',1,'TeamB','TeamC');
insert into gridirongameevents(id,gameId,playType,period,teamFor,teamAgainst) values ('04480548-e009-4103-a7b5-16368e1557c9','b91ff336-6784-4b9a-82a1-f365ecdb0bdd','rush',1,'TeamB','TeamC');
insert into gridironrushes(eventId,player,yard,result) values ('04480548-e009-4103-a7b5-16368e1557c9','Caleb',57,'2pt');
insert into gridirongameevents(id,gameId,playType,period,teamFor,teamAgainst) values ('29d39b8e-7ad6-4cb2-802b-b700c54f2b03','b91ff336-6784-4b9a-82a1-f365ecdb0bdd','rush',1,'TeamC','TeamB');
insert into gridironrushes(eventId,player,yard,result) values ('29d39b8e-7ad6-4cb2-802b-b700c54f2b03','Dapper',58,'touchdown');
insert into gridirongameevents(id,gameId,playType,period,teamFor,teamAgainst) values ('7840e62b-f4fd-4b5f-be6f-88a96f3ee215','b91ff336-6784-4b9a-82a1-f365ecdb0bdd','kick',1,'TeamC','TeamB');
insert into gridironkicks(eventId,player,yard,result) values ('7840e62b-f4fd-4b5f-be6f-88a96f3ee215','Denver',40,'field-goal');
insert into gridirongameevents(id,gameId,playType,period,teamFor,teamAgainst) values ('cf534228-caff-4242-b145-1eaead652db5','b91ff336-6784-4b9a-82a1-f365ecdb0bdd','throw',1,'TeamC','TeamB');
insert into gridironthrows(eventId,playerThrowing,playerReceiving,yard,result) values ('cf534228-caff-4242-b145-1eaead652db5','Daniel','Doppler','9','touchdown');
insert into gridirongameevents(id,gameId,playType,period,teamFor,teamAgainst) values ('338763bb-c4d0-4754-b645-2183d1b6bf00','b91ff336-6784-4b9a-82a1-f365ecdb0bdd','safety',1,'TeamC','TeamB');
insert into gridirongameevents(id,gameId,playType,period,teamFor,teamAgainst) values ('2981ea7c-30b9-4fb1-83ad-ba01353c6169','b91ff336-6784-4b9a-82a1-f365ecdb0bdd','throw',1,'TeamC','TeamB');
insert into gridironthrows(eventId,playerThrowing,playerReceiving,yard,result) values ('2981ea7c-30b9-4fb1-83ad-ba01353c6169','Dickson','Daniel','115','miss');
insert into gridirongameevents(id,gameId,playType,period,teamFor,teamAgainst) values ('c9d7574d-64d2-4662-820c-39b174d78951','b91ff336-6784-4b9a-82a1-f365ecdb0bdd','timeout',1,'TeamB','TeamC');
insert into gridirongameevents(id,gameId,playType,period,teamFor,teamAgainst) values ('b7ee3ff0-297d-4770-a442-dc7554cf513d','b91ff336-6784-4b9a-82a1-f365ecdb0bdd','turnover',1,'TeamB','TeamC');
insert into gridirongameevents(id,gameId,playType,period,teamFor,teamAgainst) values ('8b7da7cc-23c1-4119-a5b1-092d4fcfd41f','b91ff336-6784-4b9a-82a1-f365ecdb0bdd','throw',1,'TeamC','TeamB');
insert into gridironthrows(eventId,playerThrowing,playerReceiving,yard,result) values ('8b7da7cc-23c1-4119-a5b1-092d4fcfd41f','Denver','Doppler','30','touchdown');
insert into gridirongameevents(id,gameId,playType,period,teamFor,teamAgainst) values ('dd4b6e85-cf2c-4eb9-b4da-993b4e636ada','b91ff336-6784-4b9a-82a1-f365ecdb0bdd','turnover',1,'TeamB','TeamC');
insert into gridirongameevents(id,gameId,playType,period,teamFor,teamAgainst) values ('33b8bd8b-4aa3-4f46-a75c-354d73accd6b','b91ff336-6784-4b9a-82a1-f365ecdb0bdd','throw',1,'TeamC','TeamB');
insert into gridironthrows(eventId,playerThrowing,playerReceiving,yard,result) values ('33b8bd8b-4aa3-4f46-a75c-354d73accd6b','Dapper','Dickson','-6','miss');
insert into gridirongameevents(id,gameId,playType,period,teamFor,teamAgainst) values ('b6a9fec1-8f45-49c0-ba90-ec4557e6a344','b91ff336-6784-4b9a-82a1-f365ecdb0bdd','timeout',1,'TeamB','TeamC');
insert into gridirongameevents(id,gameId,playType,period,teamFor,teamAgainst) values ('e4015faa-cd67-49ea-b0d6-764726cc466f','b91ff336-6784-4b9a-82a1-f365ecdb0bdd','timeout',1,'TeamB','TeamC');
insert into gridirongameevents(id,gameId,playType,period,teamFor,teamAgainst) values ('7bb99978-9f8c-4c2b-836e-64f96fe1dba3','b91ff336-6784-4b9a-82a1-f365ecdb0bdd','rush',1,'TeamB','TeamC');
insert into gridironrushes(eventId,player,yard,result) values ('7bb99978-9f8c-4c2b-836e-64f96fe1dba3','Camel',100,'touchdown');
insert into gridirongameevents(id,gameId,playType,period,teamFor,teamAgainst) values ('e9944aa1-b1b1-46a7-b86d-2b3b445db7fd','b91ff336-6784-4b9a-82a1-f365ecdb0bdd','throw',1,'TeamB','TeamC');
insert into gridironthrows(eventId,playerThrowing,playerReceiving,yard,result) values ('e9944aa1-b1b1-46a7-b86d-2b3b445db7fd','Camel','Cameron','98','touchdown');
insert into gridirongameevents(id,gameId,playType,period,teamFor,teamAgainst) values ('8f07f2be-56a2-4a85-b448-3b37382d2283','b91ff336-6784-4b9a-82a1-f365ecdb0bdd','throw',1,'TeamC','TeamB');
insert into gridironthrows(eventId,playerThrowing,playerReceiving,yard,result) values ('8f07f2be-56a2-4a85-b448-3b37382d2283','Dickson','Doppler','10','2pt');
insert into gridirongameevents(id,gameId,playType,period,teamFor,teamAgainst) values ('291ea4ee-67d3-4279-85ac-543f9cd7161e','b91ff336-6784-4b9a-82a1-f365ecdb0bdd','kick',1,'TeamB','TeamC');
insert into gridironkicks(eventId,player,yard,result) values ('291ea4ee-67d3-4279-85ac-543f9cd7161e','Cody',14,'field-goal');
insert into gridirongameevents(id,gameId,playType,period,teamFor,teamAgainst) values ('6e622b43-d5b3-4cf5-8723-1cda7d43532a','b91ff336-6784-4b9a-82a1-f365ecdb0bdd','turnover',1,'TeamC','TeamB');
insert into gridirongameevents(id,gameId,playType,period,teamFor,teamAgainst) values ('31941fa9-d803-4fa0-8a35-7eb84406a79b','b91ff336-6784-4b9a-82a1-f365ecdb0bdd','safety',1,'TeamB','TeamC');
insert into gridirongameevents(id,gameId,playType,period,teamFor,teamAgainst) values ('fce51078-c2a2-4af0-81f0-f5d97a3761b4','b91ff336-6784-4b9a-82a1-f365ecdb0bdd','rush',1,'TeamC','TeamB');
insert into gridironrushes(eventId,player,yard,result) values ('fce51078-c2a2-4af0-81f0-f5d97a3761b4','Denver',17,'non-scoring');
insert into gridirongameevents(id,gameId,playType,period,teamFor,teamAgainst) values ('7f83bb8c-34ec-42b7-88b3-9f9a5a518f5b','b91ff336-6784-4b9a-82a1-f365ecdb0bdd','turnover',1,'TeamB','TeamC');
insert into gridirongameevents(id,gameId,playType,period,teamFor,teamAgainst) values ('0eb743f9-bf0d-40ef-b964-e4cb9ecdc5f6','b91ff336-6784-4b9a-82a1-f365ecdb0bdd','turnover',1,'TeamB','TeamC');
insert into gridirongameevents(id,gameId,playType,period,teamFor,teamAgainst) values ('433a5cff-5ca7-4292-862e-fad6bb05f006','b91ff336-6784-4b9a-82a1-f365ecdb0bdd','throw',1,'TeamB','TeamC');
insert into gridironthrows(eventId,playerThrowing,playerReceiving,yard,result) values ('433a5cff-5ca7-4292-862e-fad6bb05f006','Cauchy','Cody','76','2pt');
insert into gridirongameevents(id,gameId,playType,period,teamFor,teamAgainst) values ('c9b68ccd-c072-43c7-84ef-9d420a856deb','b91ff336-6784-4b9a-82a1-f365ecdb0bdd','safety',1,'TeamC','TeamB');
insert into gridirongameevents(id,gameId,playType,period,teamFor,teamAgainst) values ('34cf03d4-0876-40e8-9674-4c1feb6cde3a','b91ff336-6784-4b9a-82a1-f365ecdb0bdd','flag',1,'TeamC','TeamB');
insert into gridirongameevents(id,gameId,playType,period,teamFor,teamAgainst) values ('f4e62f60-6ee9-446d-99b7-15a70832d588','b91ff336-6784-4b9a-82a1-f365ecdb0bdd','flag',1,'TeamB','TeamC');
insert into gridirongameevents(id,gameId,playType,period,teamFor,teamAgainst) values ('f2084a3a-ca13-45cb-b030-33a87c6930ea','b91ff336-6784-4b9a-82a1-f365ecdb0bdd','turnover',1,'TeamC','TeamB');
insert into gridirongameevents(id,gameId,playType,period,teamFor,teamAgainst) values ('f13c720c-a4e1-40a3-b156-44d48f355977','b91ff336-6784-4b9a-82a1-f365ecdb0bdd','flag',1,'TeamB','TeamC');
insert into gridirongameevents(id,gameId,playType,period,teamFor,teamAgainst) values ('f0ee1cf0-78ee-4f6e-bdf2-00c37fe4042d','b91ff336-6784-4b9a-82a1-f365ecdb0bdd','safety',1,'TeamB','TeamC');
insert into gridirongameevents(id,gameId,playType,period,teamFor,teamAgainst) values ('5bc3743a-b0d4-4fcb-bddb-512be402ac55','b91ff336-6784-4b9a-82a1-f365ecdb0bdd','kick',1,'TeamC','TeamB');
insert into gridironkicks(eventId,player,yard,result) values ('5bc3743a-b0d4-4fcb-bddb-512be402ac55','Doppler',70,'miss');
insert into gridirongameevents(id,gameId,playType,period,teamFor,teamAgainst) values ('b2c45725-5f3f-4351-add5-14efe3ccaece','b91ff336-6784-4b9a-82a1-f365ecdb0bdd','safety',1,'TeamB','TeamC');
insert into gridirongameevents(id,gameId,playType,period,teamFor,teamAgainst) values ('a93b6f83-1d46-452d-a55c-7dbb763f6e15','b91ff336-6784-4b9a-82a1-f365ecdb0bdd','rush',1,'TeamB','TeamC');
insert into gridironrushes(eventId,player,yard,result) values ('a93b6f83-1d46-452d-a55c-7dbb763f6e15','Cameron',77,'2pt');
insert into gridirongameevents(id,gameId,playType,period,teamFor,teamAgainst) values ('49d9b3d0-827e-491c-a02a-569124c3cec7','b91ff336-6784-4b9a-82a1-f365ecdb0bdd','turnover',1,'TeamC','TeamB');
insert into gridirongameevents(id,gameId,playType,period,teamFor,teamAgainst) values ('15fc868c-7179-46f4-9093-32a86a923c91','b91ff336-6784-4b9a-82a1-f365ecdb0bdd','rush',1,'TeamB','TeamC');
insert into gridironrushes(eventId,player,yard,result) values ('15fc868c-7179-46f4-9093-32a86a923c91','Cauchy',112,'non-scoring');
insert into gridirongameevents(id,gameId,playType,period,teamFor,teamAgainst) values ('5b54871a-5d04-421d-945b-7576e062e046','b91ff336-6784-4b9a-82a1-f365ecdb0bdd','timeout',1,'TeamB','TeamC');
insert into gridirongameevents(id,gameId,playType,period,teamFor,teamAgainst) values ('b9f076a4-0b2b-4c24-a24e-9cf6d4e7c2be','b91ff336-6784-4b9a-82a1-f365ecdb0bdd','flag',1,'TeamB','TeamC');
insert into gridirongameevents(id,gameId,playType,period,teamFor,teamAgainst) values ('321c5bb8-84b4-44a5-98c8-ea925d322da1','b91ff336-6784-4b9a-82a1-f365ecdb0bdd','rush',1,'TeamB','TeamC');
insert into gridironrushes(eventId,player,yard,result) values ('321c5bb8-84b4-44a5-98c8-ea925d322da1','Caleb',82,'touchdown');
insert into gridirongameevents(id,gameId,playType,period,teamFor,teamAgainst) values ('4a8711c5-8f0f-4ce7-b37c-dec53feac686','b91ff336-6784-4b9a-82a1-f365ecdb0bdd','kick',1,'TeamC','TeamB');
insert into gridironkicks(eventId,player,yard,result) values ('4a8711c5-8f0f-4ce7-b37c-dec53feac686','Denver',97,'extra-kick');
insert into gridirongameevents(id,gameId,playType,period,teamFor,teamAgainst) values ('f292bc8c-8e70-4381-9738-3f005c6e79f6','b91ff336-6784-4b9a-82a1-f365ecdb0bdd','flag',2,'TeamC','TeamB');
insert into gridirongameevents(id,gameId,playType,period,teamFor,teamAgainst) values ('3e76856c-1066-4bc8-a27b-2f575434f28a','b91ff336-6784-4b9a-82a1-f365ecdb0bdd','flag',2,'TeamC','TeamB');
insert into gridirongameevents(id,gameId,playType,period,teamFor,teamAgainst) values ('b217464a-4db3-48d4-a478-a98606d5b382','b91ff336-6784-4b9a-82a1-f365ecdb0bdd','safety',2,'TeamB','TeamC');
insert into gridirongameevents(id,gameId,playType,period,teamFor,teamAgainst) values ('03ed8bbc-70c7-49bb-95ed-e9edf57ddf6e','b91ff336-6784-4b9a-82a1-f365ecdb0bdd','kick',2,'TeamB','TeamC');
insert into gridironkicks(eventId,player,yard,result) values ('03ed8bbc-70c7-49bb-95ed-e9edf57ddf6e','Cameron',32,'miss');
insert into gridirongameevents(id,gameId,playType,period,teamFor,teamAgainst) values ('3fade753-481d-4f06-80d0-2c586a9fd0be','b91ff336-6784-4b9a-82a1-f365ecdb0bdd','flag',2,'TeamB','TeamC');
insert into gridirongameevents(id,gameId,playType,period,teamFor,teamAgainst) values ('ea6e624d-bab0-4e1f-ac53-86ab9ce1e7e5','b91ff336-6784-4b9a-82a1-f365ecdb0bdd','kick',2,'TeamC','TeamB');
insert into gridironkicks(eventId,player,yard,result) values ('ea6e624d-bab0-4e1f-ac53-86ab9ce1e7e5','Doppler',57,'miss');
insert into gridirongameevents(id,gameId,playType,period,teamFor,teamAgainst) values ('0c2a8540-ef1a-4011-97f2-f4049e103249','b91ff336-6784-4b9a-82a1-f365ecdb0bdd','throw',2,'TeamB','TeamC');
insert into gridironthrows(eventId,playerThrowing,playerReceiving,yard,result) values ('0c2a8540-ef1a-4011-97f2-f4049e103249','Caleb','Camel','76','touchdown');
insert into gridirongameevents(id,gameId,playType,period,teamFor,teamAgainst) values ('1869906c-68e9-46b1-bcde-bdfa4dd9d0bb','b91ff336-6784-4b9a-82a1-f365ecdb0bdd','throw',2,'TeamB','TeamC');
insert into gridironthrows(eventId,playerThrowing,playerReceiving,yard,result) values ('1869906c-68e9-46b1-bcde-bdfa4dd9d0bb','Cameron','Camel','75','miss');
insert into gridirongameevents(id,gameId,playType,period,teamFor,teamAgainst) values ('7fa80ac7-2c31-44ca-babc-8cfd83ab6a66','b91ff336-6784-4b9a-82a1-f365ecdb0bdd','throw',2,'TeamC','TeamB');
insert into gridironthrows(eventId,playerThrowing,playerReceiving,yard,result) values ('7fa80ac7-2c31-44ca-babc-8cfd83ab6a66','Dapper','Doppler','39','miss');
insert into gridirongameevents(id,gameId,playType,period,teamFor,teamAgainst) values ('255aa266-9e38-431f-82de-1c9947616e15','b91ff336-6784-4b9a-82a1-f365ecdb0bdd','rush',2,'TeamB','TeamC');
insert into gridironrushes(eventId,player,yard,result) values ('255aa266-9e38-431f-82de-1c9947616e15','Cauchy',20,'2pt');
insert into gridirongameevents(id,gameId,playType,period,teamFor,teamAgainst) values ('6f2db72e-8537-4325-9ef9-3fe62a4fd44b','b91ff336-6784-4b9a-82a1-f365ecdb0bdd','throw',2,'TeamB','TeamC');
insert into gridironthrows(eventId,playerThrowing,playerReceiving,yard,result) values ('6f2db72e-8537-4325-9ef9-3fe62a4fd44b','Camel','Cauchy','29','non-scoring');
insert into gridirongameevents(id,gameId,playType,period,teamFor,teamAgainst) values ('22d1f63c-7132-431f-a272-56b4a611e2a1','b91ff336-6784-4b9a-82a1-f365ecdb0bdd','kick',2,'TeamC','TeamB');
insert into gridironkicks(eventId,player,yard,result) values ('22d1f63c-7132-431f-a272-56b4a611e2a1','Daniel',70,'extra-kick');
insert into gridirongameevents(id,gameId,playType,period,teamFor,teamAgainst) values ('f18d4e8d-2a88-4b62-a212-8ac4142a4b46','b91ff336-6784-4b9a-82a1-f365ecdb0bdd','kick',2,'TeamB','TeamC');
insert into gridironkicks(eventId,player,yard,result) values ('f18d4e8d-2a88-4b62-a212-8ac4142a4b46','Caleb',3,'extra-kick');
insert into gridirongameevents(id,gameId,playType,period,teamFor,teamAgainst) values ('dc893d77-1cad-4dd4-b197-d6f9ae829ea5','b91ff336-6784-4b9a-82a1-f365ecdb0bdd','flag',2,'TeamB','TeamC');
insert into gridirongameevents(id,gameId,playType,period,teamFor,teamAgainst) values ('0bf7bc0b-66d0-4e29-b43d-6dbc4b359d5e','b91ff336-6784-4b9a-82a1-f365ecdb0bdd','kick',2,'TeamB','TeamC');
insert into gridironkicks(eventId,player,yard,result) values ('0bf7bc0b-66d0-4e29-b43d-6dbc4b359d5e','Cauchy',89,'extra-kick');
insert into gridirongameevents(id,gameId,playType,period,teamFor,teamAgainst) values ('6d947617-bcdf-4e64-a672-9de322dde996','b91ff336-6784-4b9a-82a1-f365ecdb0bdd','turnover',2,'TeamC','TeamB');
insert into gridirongameevents(id,gameId,playType,period,teamFor,teamAgainst) values ('171c117b-ade3-4b2d-8f45-080ec4e8371f','b91ff336-6784-4b9a-82a1-f365ecdb0bdd','rush',2,'TeamB','TeamC');
insert into gridironrushes(eventId,player,yard,result) values ('171c117b-ade3-4b2d-8f45-080ec4e8371f','Cameron',26,'non-scoring');
insert into gridirongameevents(id,gameId,playType,period,teamFor,teamAgainst) values ('622a35aa-7272-4319-94e6-25f54098dda5','b91ff336-6784-4b9a-82a1-f365ecdb0bdd','throw',2,'TeamB','TeamC');
insert into gridironthrows(eventId,playerThrowing,playerReceiving,yard,result) values ('622a35aa-7272-4319-94e6-25f54098dda5','Cauchy','Camel','20','miss');
insert into gridirongameevents(id,gameId,playType,period,teamFor,teamAgainst) values ('e3032e42-cb11-43f4-9c65-cba50bf06df2','b91ff336-6784-4b9a-82a1-f365ecdb0bdd','turnover',2,'TeamB','TeamC');
insert into gridirongameevents(id,gameId,playType,period,teamFor,teamAgainst) values ('a3878a1b-f7b8-42b8-8e75-ba6469290f96','b91ff336-6784-4b9a-82a1-f365ecdb0bdd','flag',2,'TeamC','TeamB');
insert into gridirongameevents(id,gameId,playType,period,teamFor,teamAgainst) values ('c27b9c83-8c1d-4e94-9874-dde855dac92c','b91ff336-6784-4b9a-82a1-f365ecdb0bdd','turnover',2,'TeamB','TeamC');
insert into gridirongameevents(id,gameId,playType,period,teamFor,teamAgainst) values ('b0a338e2-4f61-4f11-adfa-a99b9c79f9e1','b91ff336-6784-4b9a-82a1-f365ecdb0bdd','rush',2,'TeamB','TeamC');
insert into gridironrushes(eventId,player,yard,result) values ('b0a338e2-4f61-4f11-adfa-a99b9c79f9e1','Camel',97,'touchdown');
insert into gridirongameevents(id,gameId,playType,period,teamFor,teamAgainst) values ('0d2599a5-a200-4459-a946-400f24844783','b91ff336-6784-4b9a-82a1-f365ecdb0bdd','kick',2,'TeamC','TeamB');
insert into gridironkicks(eventId,player,yard,result) values ('0d2599a5-a200-4459-a946-400f24844783','Daniel',104,'miss');
insert into gridirongameevents(id,gameId,playType,period,teamFor,teamAgainst) values ('ed19f94a-7971-4162-a15d-9399aecb07c4','b91ff336-6784-4b9a-82a1-f365ecdb0bdd','throw',2,'TeamB','TeamC');
insert into gridironthrows(eventId,playerThrowing,playerReceiving,yard,result) values ('ed19f94a-7971-4162-a15d-9399aecb07c4','Camel','Cameron','64','2pt');
insert into gridirongameevents(id,gameId,playType,period,teamFor,teamAgainst) values ('979dc8e9-c76e-49df-a1fa-fbf99328565c','b91ff336-6784-4b9a-82a1-f365ecdb0bdd','flag',2,'TeamB','TeamC');
insert into gridirongameevents(id,gameId,playType,period,teamFor,teamAgainst) values ('b18c8343-f995-4493-b90f-e2073f3c79c0','b91ff336-6784-4b9a-82a1-f365ecdb0bdd','kick',2,'TeamB','TeamC');
insert into gridironkicks(eventId,player,yard,result) values ('b18c8343-f995-4493-b90f-e2073f3c79c0','Cameron',50,'extra-kick');
insert into gridirongameevents(id,gameId,playType,period,teamFor,teamAgainst) values ('db9b6670-f62d-43cf-a28e-1dea3b5c5490','b91ff336-6784-4b9a-82a1-f365ecdb0bdd','timeout',2,'TeamB','TeamC');
insert into gridirongameevents(id,gameId,playType,period,teamFor,teamAgainst) values ('2212de5f-d1df-4c0c-8f54-fec808bc90b5','b91ff336-6784-4b9a-82a1-f365ecdb0bdd','kick',2,'TeamB','TeamC');
insert into gridironkicks(eventId,player,yard,result) values ('2212de5f-d1df-4c0c-8f54-fec808bc90b5','Cody',13,'extra-kick');
insert into gridirongameevents(id,gameId,playType,period,teamFor,teamAgainst) values ('14f2f7f0-4e66-48be-b87c-d6aa0d040d0f','b91ff336-6784-4b9a-82a1-f365ecdb0bdd','timeout',2,'TeamC','TeamB');
insert into gridirongameevents(id,gameId,playType,period,teamFor,teamAgainst) values ('05a9aea7-cb85-498d-8a2d-521b49ce6d1a','b91ff336-6784-4b9a-82a1-f365ecdb0bdd','rush',2,'TeamB','TeamC');
insert into gridironrushes(eventId,player,yard,result) values ('05a9aea7-cb85-498d-8a2d-521b49ce6d1a','Cauchy',59,'2pt');
insert into gridirongameevents(id,gameId,playType,period,teamFor,teamAgainst) values ('62cb118a-86aa-4651-87d8-3a0afae48cd6','b91ff336-6784-4b9a-82a1-f365ecdb0bdd','flag',2,'TeamC','TeamB');
insert into gridirongameevents(id,gameId,playType,period,teamFor,teamAgainst) values ('6f2b5890-1d33-4b7e-8e75-5f047a924a8a','b91ff336-6784-4b9a-82a1-f365ecdb0bdd','timeout',2,'TeamB','TeamC');
insert into gridirongameevents(id,gameId,playType,period,teamFor,teamAgainst) values ('1953ff47-9f56-4437-9c5d-e6df38e2cb1d','b91ff336-6784-4b9a-82a1-f365ecdb0bdd','kick',2,'TeamB','TeamC');
insert into gridironkicks(eventId,player,yard,result) values ('1953ff47-9f56-4437-9c5d-e6df38e2cb1d','Cameron',76,'extra-kick');
insert into gridirongameevents(id,gameId,playType,period,teamFor,teamAgainst) values ('da2c156b-efe6-467b-8dc5-1dfc31a08545','b91ff336-6784-4b9a-82a1-f365ecdb0bdd','safety',2,'TeamC','TeamB');
insert into gridirongameevents(id,gameId,playType,period,teamFor,teamAgainst) values ('786f16c5-9fc4-4e3a-ae7b-9046b6e39d10','b91ff336-6784-4b9a-82a1-f365ecdb0bdd','flag',2,'TeamC','TeamB');
insert into gridirongameevents(id,gameId,playType,period,teamFor,teamAgainst) values ('da21bc0b-5a1c-491a-aef8-42f28c0e11ef','b91ff336-6784-4b9a-82a1-f365ecdb0bdd','turnover',2,'TeamC','TeamB');
insert into gridirongameevents(id,gameId,playType,period,teamFor,teamAgainst) values ('0acdf0ee-8b3c-47e3-904f-212ee3ff15c4','b91ff336-6784-4b9a-82a1-f365ecdb0bdd','kick',2,'TeamB','TeamC');
insert into gridironkicks(eventId,player,yard,result) values ('0acdf0ee-8b3c-47e3-904f-212ee3ff15c4','Cody',39,'field-goal');
insert into gridirongameevents(id,gameId,playType,period,teamFor,teamAgainst) values ('d4d4b5e9-baef-40e0-9f5b-cfe17f7fc3a0','b91ff336-6784-4b9a-82a1-f365ecdb0bdd','flag',2,'TeamB','TeamC');
insert into gridirongameevents(id,gameId,playType,period,teamFor,teamAgainst) values ('7fd12183-a892-4c74-bed3-9724f5e99b5d','b91ff336-6784-4b9a-82a1-f365ecdb0bdd','safety',2,'TeamB','TeamC');
insert into gridirongameevents(id,gameId,playType,period,teamFor,teamAgainst) values ('e3967b63-8197-4010-869f-e95d5d864818','b91ff336-6784-4b9a-82a1-f365ecdb0bdd','flag',2,'TeamC','TeamB');
insert into gridirongameevents(id,gameId,playType,period,teamFor,teamAgainst) values ('56e21b70-a6d4-46dd-ae04-2acca5323fb2','b91ff336-6784-4b9a-82a1-f365ecdb0bdd','flag',2,'TeamC','TeamB');
insert into gridirongameevents(id,gameId,playType,period,teamFor,teamAgainst) values ('c67ec649-7976-43fe-b9f2-a80dfbd38346','b91ff336-6784-4b9a-82a1-f365ecdb0bdd','flag',2,'TeamB','TeamC');
insert into gridirongameevents(id,gameId,playType,period,teamFor,teamAgainst) values ('ea2e2314-9625-4e37-945f-2b9b6b5f95a0','b91ff336-6784-4b9a-82a1-f365ecdb0bdd','throw',2,'TeamC','TeamB');
insert into gridironthrows(eventId,playerThrowing,playerReceiving,yard,result) values ('ea2e2314-9625-4e37-945f-2b9b6b5f95a0','Dickson','Dapper','50','2pt');
insert into gridirongameevents(id,gameId,playType,period,teamFor,teamAgainst) values ('ac42f29c-24d4-4ce4-a2ed-0896cc76b51c','b91ff336-6784-4b9a-82a1-f365ecdb0bdd','kick',2,'TeamC','TeamB');
insert into gridironkicks(eventId,player,yard,result) values ('ac42f29c-24d4-4ce4-a2ed-0896cc76b51c','Dickson',67,'extra-kick');
insert into gridirongameevents(id,gameId,playType,period,teamFor,teamAgainst) values ('1ae99948-a164-4278-b716-774bc01dffd7','b91ff336-6784-4b9a-82a1-f365ecdb0bdd','flag',2,'TeamC','TeamB');
insert into gridirongameevents(id,gameId,playType,period,teamFor,teamAgainst) values ('73cb9c27-53a1-4403-be04-08a4cdc1e0d6','b91ff336-6784-4b9a-82a1-f365ecdb0bdd','safety',2,'TeamC','TeamB');
insert into gridirongameevents(id,gameId,playType,period,teamFor,teamAgainst) values ('de8023f6-bfb2-4f69-a9d6-43610506b3cd','b91ff336-6784-4b9a-82a1-f365ecdb0bdd','turnover',2,'TeamC','TeamB');
insert into gridirongameevents(id,gameId,playType,period,teamFor,teamAgainst) values ('c812c587-8c9b-4267-b6ae-8ff79f44116c','b91ff336-6784-4b9a-82a1-f365ecdb0bdd','flag',2,'TeamB','TeamC');
insert into gridirongameevents(id,gameId,playType,period,teamFor,teamAgainst) values ('0a0a6970-9c20-437b-941a-2583925db089','b91ff336-6784-4b9a-82a1-f365ecdb0bdd','kick',2,'TeamC','TeamB');
insert into gridironkicks(eventId,player,yard,result) values ('0a0a6970-9c20-437b-941a-2583925db089','Denver',67,'extra-kick');
insert into gridirongameevents(id,gameId,playType,period,teamFor,teamAgainst) values ('7f6aaf67-b3ad-4335-a45e-6db547af19e0','b91ff336-6784-4b9a-82a1-f365ecdb0bdd','rush',2,'TeamB','TeamC');
insert into gridironrushes(eventId,player,yard,result) values ('7f6aaf67-b3ad-4335-a45e-6db547af19e0','Cameron',113,'touchdown');
insert into gridirongameevents(id,gameId,playType,period,teamFor,teamAgainst) values ('ecd7076f-0516-4eed-b850-9cff2c70e8fe','b91ff336-6784-4b9a-82a1-f365ecdb0bdd','timeout',2,'TeamB','TeamC');
insert into gridirongameevents(id,gameId,playType,period,teamFor,teamAgainst) values ('41857bf4-96d8-4745-9b6f-8881d5f0eb79','b91ff336-6784-4b9a-82a1-f365ecdb0bdd','kick',2,'TeamC','TeamB');
insert into gridironkicks(eventId,player,yard,result) values ('41857bf4-96d8-4745-9b6f-8881d5f0eb79','Dickson',98,'extra-kick');
insert into gridirongameevents(id,gameId,playType,period,teamFor,teamAgainst) values ('28c8f32d-6f40-4e5d-ba57-bdde0101fd24','b91ff336-6784-4b9a-82a1-f365ecdb0bdd','rush',2,'TeamB','TeamC');
insert into gridironrushes(eventId,player,yard,result) values ('28c8f32d-6f40-4e5d-ba57-bdde0101fd24','Cameron',110,'touchdown');
insert into gridirongameevents(id,gameId,playType,period,teamFor,teamAgainst) values ('2b2db08b-711b-4fdc-876d-65db80506e50','b91ff336-6784-4b9a-82a1-f365ecdb0bdd','kick',2,'TeamB','TeamC');
insert into gridironkicks(eventId,player,yard,result) values ('2b2db08b-711b-4fdc-876d-65db80506e50','Camel',3,'extra-kick');
insert into gridirongameevents(id,gameId,playType,period,teamFor,teamAgainst) values ('cb125c62-77f8-434c-84fa-174bf736fe5a','b91ff336-6784-4b9a-82a1-f365ecdb0bdd','kick',2,'TeamC','TeamB');
insert into gridironkicks(eventId,player,yard,result) values ('cb125c62-77f8-434c-84fa-174bf736fe5a','Dickson',59,'extra-kick');
insert into gridirongameevents(id,gameId,playType,period,teamFor,teamAgainst) values ('2b3ba511-71cb-4f75-a2d0-7c1cde2b46c1','b91ff336-6784-4b9a-82a1-f365ecdb0bdd','rush',2,'TeamB','TeamC');
insert into gridironrushes(eventId,player,yard,result) values ('2b3ba511-71cb-4f75-a2d0-7c1cde2b46c1','Cody',60,'non-scoring');
insert into gridirongameevents(id,gameId,playType,period,teamFor,teamAgainst) values ('f7bae057-f7bb-43ea-9062-34399adf96c0','b91ff336-6784-4b9a-82a1-f365ecdb0bdd','timeout',2,'TeamB','TeamC');
insert into gridirongameevents(id,gameId,playType,period,teamFor,teamAgainst) values ('8f3133bd-807b-4d14-b78b-f92949d7d10a','b91ff336-6784-4b9a-82a1-f365ecdb0bdd','kick',2,'TeamC','TeamB');
insert into gridironkicks(eventId,player,yard,result) values ('8f3133bd-807b-4d14-b78b-f92949d7d10a','Denver',27,'field-goal');
insert into gridirongameevents(id,gameId,playType,period,teamFor,teamAgainst) values ('094d43ef-acaa-4b7d-8a27-fe9b3e950243','b91ff336-6784-4b9a-82a1-f365ecdb0bdd','turnover',2,'TeamB','TeamC');
insert into gridirongameevents(id,gameId,playType,period,teamFor,teamAgainst) values ('6305fac6-0249-4986-ab99-3b84bf19f30c','b91ff336-6784-4b9a-82a1-f365ecdb0bdd','safety',2,'TeamB','TeamC');
insert into gridirongameevents(id,gameId,playType,period,teamFor,teamAgainst) values ('b8450f84-e8fc-4f6a-9796-3729ba1251a8','b91ff336-6784-4b9a-82a1-f365ecdb0bdd','turnover',2,'TeamB','TeamC');
insert into gridirongameevents(id,gameId,playType,period,teamFor,teamAgainst) values ('c4c2389f-b607-4613-80d8-0e7e5c538329','b91ff336-6784-4b9a-82a1-f365ecdb0bdd','rush',2,'TeamB','TeamC');
insert into gridironrushes(eventId,player,yard,result) values ('c4c2389f-b607-4613-80d8-0e7e5c538329','Cody',109,'2pt');
insert into gridirongameevents(id,gameId,playType,period,teamFor,teamAgainst) values ('b4645b8a-b002-48d6-9c60-a094b9804517','b91ff336-6784-4b9a-82a1-f365ecdb0bdd','safety',2,'TeamC','TeamB');
insert into gridirongameevents(id,gameId,playType,period,teamFor,teamAgainst) values ('19ad7f8e-bc0d-4f09-9fb6-d3ee336dda86','b91ff336-6784-4b9a-82a1-f365ecdb0bdd','kick',2,'TeamB','TeamC');
insert into gridironkicks(eventId,player,yard,result) values ('19ad7f8e-bc0d-4f09-9fb6-d3ee336dda86','Camel',83,'miss');
insert into gridirongameevents(id,gameId,playType,period,teamFor,teamAgainst) values ('28d61bac-7f1f-4347-82ea-193d69cd226f','b91ff336-6784-4b9a-82a1-f365ecdb0bdd','flag',2,'TeamC','TeamB');
insert into gridirongameevents(id,gameId,playType,period,teamFor,teamAgainst) values ('0752b4b7-c3c6-455a-81ae-3e48f238c5a6','b91ff336-6784-4b9a-82a1-f365ecdb0bdd','timeout',2,'TeamB','TeamC');
insert into gridirongameevents(id,gameId,playType,period,teamFor,teamAgainst) values ('14915860-4309-48e6-82be-8b3fae4499de','b91ff336-6784-4b9a-82a1-f365ecdb0bdd','throw',2,'TeamB','TeamC');
insert into gridironthrows(eventId,playerThrowing,playerReceiving,yard,result) values ('14915860-4309-48e6-82be-8b3fae4499de','Cody','Cauchy','112','non-scoring');
insert into gridirongameevents(id,gameId,playType,period,teamFor,teamAgainst) values ('d20310f0-5f04-4bd2-a1e5-bd02b8f356d7','b91ff336-6784-4b9a-82a1-f365ecdb0bdd','turnover',2,'TeamB','TeamC');
insert into gridirongameevents(id,gameId,playType,period,teamFor,teamAgainst) values ('020450a9-3245-4393-8cbe-3318c1db2f88','b91ff336-6784-4b9a-82a1-f365ecdb0bdd','flag',2,'TeamB','TeamC');
insert into gridirongameevents(id,gameId,playType,period,teamFor,teamAgainst) values ('1272a10d-f808-44a9-99fa-e57863a3f0e9','b91ff336-6784-4b9a-82a1-f365ecdb0bdd','rush',2,'TeamC','TeamB');
insert into gridironrushes(eventId,player,yard,result) values ('1272a10d-f808-44a9-99fa-e57863a3f0e9','Denver',32,'non-scoring');
insert into gridirongameevents(id,gameId,playType,period,teamFor,teamAgainst) values ('e1ecebcf-6974-4d5d-b695-1a80b4278dcd','b91ff336-6784-4b9a-82a1-f365ecdb0bdd','safety',2,'TeamB','TeamC');
insert into gridirongameevents(id,gameId,playType,period,teamFor,teamAgainst) values ('aafc2938-ede8-4290-bd15-7d00eb6c74da','b91ff336-6784-4b9a-82a1-f365ecdb0bdd','throw',2,'TeamC','TeamB');
insert into gridironthrows(eventId,playerThrowing,playerReceiving,yard,result) values ('aafc2938-ede8-4290-bd15-7d00eb6c74da','Denver','Doppler','116','touchdown');
insert into gridirongameevents(id,gameId,playType,period,teamFor,teamAgainst) values ('a9efbe2b-64eb-4ae1-9195-306944dfcfb4','b91ff336-6784-4b9a-82a1-f365ecdb0bdd','kick',2,'TeamB','TeamC');
insert into gridironkicks(eventId,player,yard,result) values ('a9efbe2b-64eb-4ae1-9195-306944dfcfb4','Camel',60,'miss');
insert into gridirongameevents(id,gameId,playType,period,teamFor,teamAgainst) values ('05a57576-24c2-4aa4-8eba-3ab1b601902b','b91ff336-6784-4b9a-82a1-f365ecdb0bdd','throw',2,'TeamB','TeamC');
insert into gridironthrows(eventId,playerThrowing,playerReceiving,yard,result) values ('05a57576-24c2-4aa4-8eba-3ab1b601902b','Cauchy','Camel','44','miss');
insert into gridirongameevents(id,gameId,playType,period,teamFor,teamAgainst) values ('ff98ed01-a5d3-4dc3-980c-68a10b8991b3','b91ff336-6784-4b9a-82a1-f365ecdb0bdd','turnover',2,'TeamB','TeamC');
insert into gridirongameevents(id,gameId,playType,period,teamFor,teamAgainst) values ('406c9c8e-17c9-43b3-9a84-8c4995e56b09','b91ff336-6784-4b9a-82a1-f365ecdb0bdd','kick',2,'TeamB','TeamC');
insert into gridironkicks(eventId,player,yard,result) values ('406c9c8e-17c9-43b3-9a84-8c4995e56b09','Caleb',95,'miss');
insert into gridirongameevents(id,gameId,playType,period,teamFor,teamAgainst) values ('84565833-503c-4eaa-a4de-f78082be523e','b91ff336-6784-4b9a-82a1-f365ecdb0bdd','kick',2,'TeamC','TeamB');
insert into gridironkicks(eventId,player,yard,result) values ('84565833-503c-4eaa-a4de-f78082be523e','Dapper',97,'extra-kick');
insert into gridirongameevents(id,gameId,playType,period,teamFor,teamAgainst) values ('20d62045-716f-43c7-99da-9aedeae65685','b91ff336-6784-4b9a-82a1-f365ecdb0bdd','safety',2,'TeamC','TeamB');
insert into gridirongameevents(id,gameId,playType,period,teamFor,teamAgainst) values ('63c951c9-a862-407f-bd26-752d5b49c57b','b91ff336-6784-4b9a-82a1-f365ecdb0bdd','kick',2,'TeamC','TeamB');
insert into gridironkicks(eventId,player,yard,result) values ('63c951c9-a862-407f-bd26-752d5b49c57b','Denver',88,'extra-kick');
insert into gridirongameevents(id,gameId,playType,period,teamFor,teamAgainst) values ('536daa06-0d27-4bd6-98d2-26b89a1d9918','b91ff336-6784-4b9a-82a1-f365ecdb0bdd','rush',2,'TeamB','TeamC');
insert into gridironrushes(eventId,player,yard,result) values ('536daa06-0d27-4bd6-98d2-26b89a1d9918','Cody',46,'touchdown');
insert into gridirongameevents(id,gameId,playType,period,teamFor,teamAgainst) values ('a708e93e-156d-4400-80aa-05525a52b49a','b91ff336-6784-4b9a-82a1-f365ecdb0bdd','turnover',2,'TeamB','TeamC');
insert into gridirongameevents(id,gameId,playType,period,teamFor,teamAgainst) values ('977203a5-bd91-49dd-b111-7fa81f7cca0f','b91ff336-6784-4b9a-82a1-f365ecdb0bdd','turnover',2,'TeamC','TeamB');
insert into gridirongameevents(id,gameId,playType,period,teamFor,teamAgainst) values ('76aabd1c-9d20-414e-a2e3-97d2f9755e83','b91ff336-6784-4b9a-82a1-f365ecdb0bdd','turnover',2,'TeamC','TeamB');
insert into gridirongameevents(id,gameId,playType,period,teamFor,teamAgainst) values ('51d3ff3b-fbe5-4ef4-94fe-c9f5b0f24feb','b91ff336-6784-4b9a-82a1-f365ecdb0bdd','timeout',2,'TeamB','TeamC');
insert into gridirongameevents(id,gameId,playType,period,teamFor,teamAgainst) values ('4d9bbb2c-fe62-48e5-a410-c5b8354fa0da','b91ff336-6784-4b9a-82a1-f365ecdb0bdd','safety',2,'TeamB','TeamC');
insert into gridirongameevents(id,gameId,playType,period,teamFor,teamAgainst) values ('8171df82-4f91-4d46-8a62-c61f21c8781b','b91ff336-6784-4b9a-82a1-f365ecdb0bdd','throw',2,'TeamC','TeamB');
insert into gridironthrows(eventId,playerThrowing,playerReceiving,yard,result) values ('8171df82-4f91-4d46-8a62-c61f21c8781b','Doppler','Denver','104','2pt');
insert into gridirongameevents(id,gameId,playType,period,teamFor,teamAgainst) values ('194d5fad-1f4d-4041-88f9-48ba59e8123f','b91ff336-6784-4b9a-82a1-f365ecdb0bdd','turnover',2,'TeamB','TeamC');
insert into gridirongameevents(id,gameId,playType,period,teamFor,teamAgainst) values ('771bd7d8-e503-43a0-8970-368b67317e16','b91ff336-6784-4b9a-82a1-f365ecdb0bdd','throw',2,'TeamC','TeamB');
insert into gridironthrows(eventId,playerThrowing,playerReceiving,yard,result) values ('771bd7d8-e503-43a0-8970-368b67317e16','Dapper','Doppler','-5','non-scoring');
insert into gridirongameevents(id,gameId,playType,period,teamFor,teamAgainst) values ('c39775a7-78df-4cfe-8ed4-10329cccd623','b91ff336-6784-4b9a-82a1-f365ecdb0bdd','timeout',2,'TeamC','TeamB');
insert into gridirongameevents(id,gameId,playType,period,teamFor,teamAgainst) values ('8944ccaf-e914-4496-b2b8-82c067744f0f','b91ff336-6784-4b9a-82a1-f365ecdb0bdd','timeout',2,'TeamB','TeamC');
insert into gridirongameevents(id,gameId,playType,period,teamFor,teamAgainst) values ('f1bd62c7-7548-4ca3-a498-bcc96691a3e3','b91ff336-6784-4b9a-82a1-f365ecdb0bdd','safety',2,'TeamB','TeamC');
insert into gridirongameevents(id,gameId,playType,period,teamFor,teamAgainst) values ('e7f60d2b-d4c8-4903-9e60-3e03d1095971','b91ff336-6784-4b9a-82a1-f365ecdb0bdd','turnover',2,'TeamB','TeamC');
insert into gridirongameevents(id,gameId,playType,period,teamFor,teamAgainst) values ('f89a9668-a60a-4277-8d4e-b4542bd5d056','b91ff336-6784-4b9a-82a1-f365ecdb0bdd','rush',2,'TeamC','TeamB');
insert into gridironrushes(eventId,player,yard,result) values ('f89a9668-a60a-4277-8d4e-b4542bd5d056','Doppler',49,'2pt');
insert into gridirongameevents(id,gameId,playType,period,teamFor,teamAgainst) values ('4a6d61a1-cb20-4ac9-811b-e35f5c5996ca','b91ff336-6784-4b9a-82a1-f365ecdb0bdd','turnover',2,'TeamB','TeamC');
insert into gridirongameevents(id,gameId,playType,period,teamFor,teamAgainst) values ('0b95f55a-1456-4cc4-b98e-73d78204afa9','b91ff336-6784-4b9a-82a1-f365ecdb0bdd','kick',2,'TeamB','TeamC');
insert into gridironkicks(eventId,player,yard,result) values ('0b95f55a-1456-4cc4-b98e-73d78204afa9','Camel',50,'extra-kick');
insert into gridirongameevents(id,gameId,playType,period,teamFor,teamAgainst) values ('b9d23033-248b-4731-bc47-475ce8ae4015','b91ff336-6784-4b9a-82a1-f365ecdb0bdd','safety',2,'TeamC','TeamB');
insert into gridirongameevents(id,gameId,playType,period,teamFor,teamAgainst) values ('90af3181-cebf-4256-ae8d-f3d09c45aec0','b91ff336-6784-4b9a-82a1-f365ecdb0bdd','kick',2,'TeamB','TeamC');
insert into gridironkicks(eventId,player,yard,result) values ('90af3181-cebf-4256-ae8d-f3d09c45aec0','Cauchy',21,'extra-kick');
insert into gridirongameevents(id,gameId,playType,period,teamFor,teamAgainst) values ('0446b875-8f0b-437e-a19d-332b3e57a222','b91ff336-6784-4b9a-82a1-f365ecdb0bdd','kick',2,'TeamB','TeamC');
insert into gridironkicks(eventId,player,yard,result) values ('0446b875-8f0b-437e-a19d-332b3e57a222','Cauchy',98,'miss');
insert into gridirongameevents(id,gameId,playType,period,teamFor,teamAgainst) values ('a7bdf511-e728-434b-95c3-650dc29b29e9','b91ff336-6784-4b9a-82a1-f365ecdb0bdd','turnover',2,'TeamC','TeamB');
insert into gridirongameevents(id,gameId,playType,period,teamFor,teamAgainst) values ('a5829ef2-aae5-4ce3-b498-7393c70522a5','b91ff336-6784-4b9a-82a1-f365ecdb0bdd','safety',2,'TeamC','TeamB');
insert into gridirongameevents(id,gameId,playType,period,teamFor,teamAgainst) values ('6bfd5f6e-4072-4c55-9e48-312c1c9627ae','b91ff336-6784-4b9a-82a1-f365ecdb0bdd','timeout',3,'TeamC','TeamB');
insert into gridirongameevents(id,gameId,playType,period,teamFor,teamAgainst) values ('f4ef5688-aec3-4e85-8801-4dafb52bde0a','b91ff336-6784-4b9a-82a1-f365ecdb0bdd','throw',3,'TeamB','TeamC');
insert into gridironthrows(eventId,playerThrowing,playerReceiving,yard,result) values ('f4ef5688-aec3-4e85-8801-4dafb52bde0a','Caleb','Camel','97','touchdown');
insert into gridirongameevents(id,gameId,playType,period,teamFor,teamAgainst) values ('3e7969de-9b50-4575-8cee-7fd3f1953a6e','b91ff336-6784-4b9a-82a1-f365ecdb0bdd','kick',3,'TeamB','TeamC');
insert into gridironkicks(eventId,player,yard,result) values ('3e7969de-9b50-4575-8cee-7fd3f1953a6e','Cody',30,'extra-kick');
insert into gridirongameevents(id,gameId,playType,period,teamFor,teamAgainst) values ('e4af5f20-3389-49d9-bf7d-cc6b9605428d','b91ff336-6784-4b9a-82a1-f365ecdb0bdd','rush',3,'TeamB','TeamC');
insert into gridironrushes(eventId,player,yard,result) values ('e4af5f20-3389-49d9-bf7d-cc6b9605428d','Caleb',109,'touchdown');
insert into gridirongameevents(id,gameId,playType,period,teamFor,teamAgainst) values ('18b47a62-1d74-4ea5-86eb-fa9932bb6357','b91ff336-6784-4b9a-82a1-f365ecdb0bdd','safety',3,'TeamC','TeamB');
insert into gridirongameevents(id,gameId,playType,period,teamFor,teamAgainst) values ('8525cd72-d2f4-403a-b9aa-8bf3759bb353','b91ff336-6784-4b9a-82a1-f365ecdb0bdd','flag',3,'TeamC','TeamB');
insert into gridirongameevents(id,gameId,playType,period,teamFor,teamAgainst) values ('09457ef4-32a3-4d7c-b888-213a27d17db9','b91ff336-6784-4b9a-82a1-f365ecdb0bdd','flag',3,'TeamC','TeamB');
insert into gridirongameevents(id,gameId,playType,period,teamFor,teamAgainst) values ('e8f0b478-5991-4bd7-8179-9706039eba58','b91ff336-6784-4b9a-82a1-f365ecdb0bdd','kick',3,'TeamC','TeamB');
insert into gridironkicks(eventId,player,yard,result) values ('e8f0b478-5991-4bd7-8179-9706039eba58','Dickson',78,'extra-kick');
insert into gridirongameevents(id,gameId,playType,period,teamFor,teamAgainst) values ('46e6a680-cf3c-4b9d-bfac-e3571092f078','b91ff336-6784-4b9a-82a1-f365ecdb0bdd','flag',3,'TeamB','TeamC');
insert into gridirongameevents(id,gameId,playType,period,teamFor,teamAgainst) values ('a9b80894-250f-493c-b810-55f2d126141d','b91ff336-6784-4b9a-82a1-f365ecdb0bdd','timeout',3,'TeamC','TeamB');
insert into gridirongameevents(id,gameId,playType,period,teamFor,teamAgainst) values ('123d6280-5e98-4a85-8c09-19330181a7f0','b91ff336-6784-4b9a-82a1-f365ecdb0bdd','throw',3,'TeamB','TeamC');
insert into gridironthrows(eventId,playerThrowing,playerReceiving,yard,result) values ('123d6280-5e98-4a85-8c09-19330181a7f0','Camel','Cauchy','68','non-scoring');
insert into gridirongameevents(id,gameId,playType,period,teamFor,teamAgainst) values ('e0601157-3c1f-47b4-b1a5-84786daf78ab','b91ff336-6784-4b9a-82a1-f365ecdb0bdd','turnover',3,'TeamB','TeamC');
insert into gridirongameevents(id,gameId,playType,period,teamFor,teamAgainst) values ('69843878-3fa5-4dbf-bf22-79cf7597a40a','b91ff336-6784-4b9a-82a1-f365ecdb0bdd','throw',3,'TeamC','TeamB');
insert into gridironthrows(eventId,playerThrowing,playerReceiving,yard,result) values ('69843878-3fa5-4dbf-bf22-79cf7597a40a','Denver','Doppler','52','non-scoring');
insert into gridirongameevents(id,gameId,playType,period,teamFor,teamAgainst) values ('72b51154-10a6-4f6e-9005-1722187c347e','b91ff336-6784-4b9a-82a1-f365ecdb0bdd','timeout',3,'TeamB','TeamC');
insert into gridirongameevents(id,gameId,playType,period,teamFor,teamAgainst) values ('4d7d81ad-287c-4367-89e6-545e77d6ebcf','b91ff336-6784-4b9a-82a1-f365ecdb0bdd','rush',3,'TeamB','TeamC');
insert into gridironrushes(eventId,player,yard,result) values ('4d7d81ad-287c-4367-89e6-545e77d6ebcf','Caleb',32,'2pt');
insert into gridirongameevents(id,gameId,playType,period,teamFor,teamAgainst) values ('5e011abc-96a1-4f48-8331-1f9c39f006ba','b91ff336-6784-4b9a-82a1-f365ecdb0bdd','throw',3,'TeamB','TeamC');
insert into gridironthrows(eventId,playerThrowing,playerReceiving,yard,result) values ('5e011abc-96a1-4f48-8331-1f9c39f006ba','Cody','Camel','109','2pt');
insert into gridirongameevents(id,gameId,playType,period,teamFor,teamAgainst) values ('90ffc02d-f76e-4218-a28b-f372f2cdbaf9','b91ff336-6784-4b9a-82a1-f365ecdb0bdd','safety',3,'TeamB','TeamC');
insert into gridirongameevents(id,gameId,playType,period,teamFor,teamAgainst) values ('9e2e795b-215e-468c-bdf0-7ab62d07b768','b91ff336-6784-4b9a-82a1-f365ecdb0bdd','turnover',3,'TeamC','TeamB');
insert into gridirongameevents(id,gameId,playType,period,teamFor,teamAgainst) values ('519d6bd3-03e4-4e49-9301-db1191ed4875','b91ff336-6784-4b9a-82a1-f365ecdb0bdd','kick',3,'TeamB','TeamC');
insert into gridironkicks(eventId,player,yard,result) values ('519d6bd3-03e4-4e49-9301-db1191ed4875','Camel',98,'field-goal');
insert into gridirongameevents(id,gameId,playType,period,teamFor,teamAgainst) values ('649a3071-2816-4f8e-9fcc-47edd372eaaa','b91ff336-6784-4b9a-82a1-f365ecdb0bdd','timeout',3,'TeamB','TeamC');
insert into gridirongameevents(id,gameId,playType,period,teamFor,teamAgainst) values ('a1cf5fc1-672e-4599-9700-823dd7122227','b91ff336-6784-4b9a-82a1-f365ecdb0bdd','turnover',3,'TeamB','TeamC');
insert into gridirongameevents(id,gameId,playType,period,teamFor,teamAgainst) values ('aa8d2314-6bcc-4efe-ae53-8eba4a0356a6','b91ff336-6784-4b9a-82a1-f365ecdb0bdd','flag',3,'TeamC','TeamB');
insert into gridirongameevents(id,gameId,playType,period,teamFor,teamAgainst) values ('af39ecb3-8c55-48f7-aa87-4a6c065c7390','b91ff336-6784-4b9a-82a1-f365ecdb0bdd','safety',3,'TeamC','TeamB');
insert into gridirongameevents(id,gameId,playType,period,teamFor,teamAgainst) values ('2f27235c-bd7d-4f9d-97ed-84411cc02276','b91ff336-6784-4b9a-82a1-f365ecdb0bdd','throw',3,'TeamB','TeamC');
insert into gridironthrows(eventId,playerThrowing,playerReceiving,yard,result) values ('2f27235c-bd7d-4f9d-97ed-84411cc02276','Caleb','Cauchy','95','miss');
insert into gridirongameevents(id,gameId,playType,period,teamFor,teamAgainst) values ('2e828e0a-041e-4088-8072-28527e933dff','b91ff336-6784-4b9a-82a1-f365ecdb0bdd','safety',3,'TeamB','TeamC');
insert into gridirongameevents(id,gameId,playType,period,teamFor,teamAgainst) values ('eb3f0d48-569f-451f-8039-c17317fc40bf','b91ff336-6784-4b9a-82a1-f365ecdb0bdd','throw',3,'TeamB','TeamC');
insert into gridironthrows(eventId,playerThrowing,playerReceiving,yard,result) values ('eb3f0d48-569f-451f-8039-c17317fc40bf','Camel','Cameron','45','2pt');
insert into gridirongameevents(id,gameId,playType,period,teamFor,teamAgainst) values ('d14bdb50-3271-4776-b0ca-21747caf9e2f','b91ff336-6784-4b9a-82a1-f365ecdb0bdd','flag',3,'TeamC','TeamB');
insert into gridirongameevents(id,gameId,playType,period,teamFor,teamAgainst) values ('052f5f73-472f-467c-8b04-c5c8bc40a554','b91ff336-6784-4b9a-82a1-f365ecdb0bdd','throw',3,'TeamC','TeamB');
insert into gridironthrows(eventId,playerThrowing,playerReceiving,yard,result) values ('052f5f73-472f-467c-8b04-c5c8bc40a554','Dapper','Daniel','120','miss');
insert into gridirongameevents(id,gameId,playType,period,teamFor,teamAgainst) values ('99e1908c-9c02-4844-a619-71027a5bef61','b91ff336-6784-4b9a-82a1-f365ecdb0bdd','kick',3,'TeamC','TeamB');
insert into gridironkicks(eventId,player,yard,result) values ('99e1908c-9c02-4844-a619-71027a5bef61','Dickson',9,'field-goal');
insert into gridirongameevents(id,gameId,playType,period,teamFor,teamAgainst) values ('8473fd48-8a4d-4cfe-a714-55a42552faad','b91ff336-6784-4b9a-82a1-f365ecdb0bdd','timeout',3,'TeamC','TeamB');
insert into gridirongameevents(id,gameId,playType,period,teamFor,teamAgainst) values ('1e572285-9f28-46b1-be5b-800a53bc8629','b91ff336-6784-4b9a-82a1-f365ecdb0bdd','safety',3,'TeamC','TeamB');
insert into gridirongameevents(id,gameId,playType,period,teamFor,teamAgainst) values ('948bc329-96b4-4b9c-9b0b-7a692a041124','b91ff336-6784-4b9a-82a1-f365ecdb0bdd','timeout',3,'TeamC','TeamB');
insert into gridirongameevents(id,gameId,playType,period,teamFor,teamAgainst) values ('5ad03cd7-c181-41cb-bfc4-7ac9a70de593','b91ff336-6784-4b9a-82a1-f365ecdb0bdd','safety',3,'TeamB','TeamC');
insert into gridirongameevents(id,gameId,playType,period,teamFor,teamAgainst) values ('d3081a12-4104-408c-a9d6-e116e1f4863b','b91ff336-6784-4b9a-82a1-f365ecdb0bdd','kick',3,'TeamB','TeamC');
insert into gridironkicks(eventId,player,yard,result) values ('d3081a12-4104-408c-a9d6-e116e1f4863b','Camel',29,'miss');
insert into gridirongameevents(id,gameId,playType,period,teamFor,teamAgainst) values ('e17dc50d-450f-4925-a4f1-7e1b081982a5','b91ff336-6784-4b9a-82a1-f365ecdb0bdd','flag',3,'TeamC','TeamB');
insert into gridirongameevents(id,gameId,playType,period,teamFor,teamAgainst) values ('d6b2fbdb-7b08-436a-98cf-520e2b60bfba','b91ff336-6784-4b9a-82a1-f365ecdb0bdd','safety',3,'TeamB','TeamC');
insert into gridirongameevents(id,gameId,playType,period,teamFor,teamAgainst) values ('33db36b4-2a13-442d-959b-f994cb0f3c05','b91ff336-6784-4b9a-82a1-f365ecdb0bdd','turnover',3,'TeamC','TeamB');
insert into gridirongameevents(id,gameId,playType,period,teamFor,teamAgainst) values ('db5c8f27-e313-43c1-bc4b-81e19f2d2cd7','b91ff336-6784-4b9a-82a1-f365ecdb0bdd','flag',3,'TeamB','TeamC');
insert into gridirongameevents(id,gameId,playType,period,teamFor,teamAgainst) values ('b674793b-1197-4a98-8f8e-edb9fa12e679','b91ff336-6784-4b9a-82a1-f365ecdb0bdd','safety',3,'TeamB','TeamC');
insert into gridirongameevents(id,gameId,playType,period,teamFor,teamAgainst) values ('e1b6571a-8d8a-4b2f-91c8-4a51b435e34d','b91ff336-6784-4b9a-82a1-f365ecdb0bdd','safety',3,'TeamB','TeamC');
insert into gridirongameevents(id,gameId,playType,period,teamFor,teamAgainst) values ('41b30cb5-becc-4521-abbe-1a125b3028df','b91ff336-6784-4b9a-82a1-f365ecdb0bdd','timeout',3,'TeamC','TeamB');
insert into gridirongameevents(id,gameId,playType,period,teamFor,teamAgainst) values ('d0e99efe-21cb-4b9c-9fdf-7e755f9f035a','b91ff336-6784-4b9a-82a1-f365ecdb0bdd','timeout',3,'TeamC','TeamB');
insert into gridirongameevents(id,gameId,playType,period,teamFor,teamAgainst) values ('aa8df117-31bb-437f-91a0-73959985aaae','b91ff336-6784-4b9a-82a1-f365ecdb0bdd','turnover',3,'TeamB','TeamC');
insert into gridirongameevents(id,gameId,playType,period,teamFor,teamAgainst) values ('57e04c49-3a91-4c65-81c9-0894e8229447','b91ff336-6784-4b9a-82a1-f365ecdb0bdd','turnover',3,'TeamC','TeamB');
insert into gridirongameevents(id,gameId,playType,period,teamFor,teamAgainst) values ('f1f48cd2-4c6b-46cc-9c26-d9f00c8fd208','b91ff336-6784-4b9a-82a1-f365ecdb0bdd','turnover',3,'TeamB','TeamC');
insert into gridirongameevents(id,gameId,playType,period,teamFor,teamAgainst) values ('2f766e1d-3c25-49ca-8b68-748c7f02fae2','b91ff336-6784-4b9a-82a1-f365ecdb0bdd','throw',3,'TeamB','TeamC');
insert into gridironthrows(eventId,playerThrowing,playerReceiving,yard,result) values ('2f766e1d-3c25-49ca-8b68-748c7f02fae2','Cameron','Cauchy','52','touchdown');
insert into gridirongameevents(id,gameId,playType,period,teamFor,teamAgainst) values ('3a4d041d-f82d-4e27-9b47-70bf11333549','b91ff336-6784-4b9a-82a1-f365ecdb0bdd','kick',3,'TeamB','TeamC');
insert into gridironkicks(eventId,player,yard,result) values ('3a4d041d-f82d-4e27-9b47-70bf11333549','Camel',22,'extra-kick');
insert into gridirongameevents(id,gameId,playType,period,teamFor,teamAgainst) values ('0eada7b4-d3f2-456d-962b-6969b425b773','b91ff336-6784-4b9a-82a1-f365ecdb0bdd','flag',3,'TeamC','TeamB');
insert into gridirongameevents(id,gameId,playType,period,teamFor,teamAgainst) values ('379a1758-2cf4-4334-81e4-168240e11cef','b91ff336-6784-4b9a-82a1-f365ecdb0bdd','flag',3,'TeamB','TeamC');
insert into gridirongameevents(id,gameId,playType,period,teamFor,teamAgainst) values ('52291884-dd8a-4c63-8d04-bca5ede27adb','b91ff336-6784-4b9a-82a1-f365ecdb0bdd','turnover',3,'TeamC','TeamB');
insert into gridirongameevents(id,gameId,playType,period,teamFor,teamAgainst) values ('d8384f59-9436-45fb-9559-566473580a7b','b91ff336-6784-4b9a-82a1-f365ecdb0bdd','kick',3,'TeamC','TeamB');
insert into gridironkicks(eventId,player,yard,result) values ('d8384f59-9436-45fb-9559-566473580a7b','Dapper',88,'miss');
insert into gridirongameevents(id,gameId,playType,period,teamFor,teamAgainst) values ('604413b3-0c93-49e5-9d54-5dbe4d1dd41d','b91ff336-6784-4b9a-82a1-f365ecdb0bdd','timeout',3,'TeamC','TeamB');
insert into gridirongameevents(id,gameId,playType,period,teamFor,teamAgainst) values ('a2e69228-3ca3-43e6-8596-5ec2126807e1','b91ff336-6784-4b9a-82a1-f365ecdb0bdd','turnover',3,'TeamB','TeamC');
insert into gridirongameevents(id,gameId,playType,period,teamFor,teamAgainst) values ('0630d30f-1e99-42cf-81d2-41964abd17c8','b91ff336-6784-4b9a-82a1-f365ecdb0bdd','kick',3,'TeamC','TeamB');
insert into gridironkicks(eventId,player,yard,result) values ('0630d30f-1e99-42cf-81d2-41964abd17c8','Dapper',49,'field-goal');
insert into gridirongameevents(id,gameId,playType,period,teamFor,teamAgainst) values ('22ed4854-95e7-492b-bdc6-8831e7ccfaca','b91ff336-6784-4b9a-82a1-f365ecdb0bdd','kick',3,'TeamB','TeamC');
insert into gridironkicks(eventId,player,yard,result) values ('22ed4854-95e7-492b-bdc6-8831e7ccfaca','Camel',23,'field-goal');
insert into gridirongameevents(id,gameId,playType,period,teamFor,teamAgainst) values ('dce8cd87-accb-4770-a702-c886a226df92','b91ff336-6784-4b9a-82a1-f365ecdb0bdd','rush',3,'TeamB','TeamC');
insert into gridironrushes(eventId,player,yard,result) values ('dce8cd87-accb-4770-a702-c886a226df92','Cameron',90,'touchdown');
insert into gridirongameevents(id,gameId,playType,period,teamFor,teamAgainst) values ('78ab430f-3505-4885-9462-5a52293edae9','b91ff336-6784-4b9a-82a1-f365ecdb0bdd','timeout',3,'TeamB','TeamC');
insert into gridirongameevents(id,gameId,playType,period,teamFor,teamAgainst) values ('9c00d1ab-a363-4215-9788-8a037fed4ecc','b91ff336-6784-4b9a-82a1-f365ecdb0bdd','timeout',3,'TeamC','TeamB');
insert into gridirongameevents(id,gameId,playType,period,teamFor,teamAgainst) values ('420fdf7a-2978-4735-b0b2-df16fb35c992','b91ff336-6784-4b9a-82a1-f365ecdb0bdd','turnover',3,'TeamC','TeamB');
insert into gridirongameevents(id,gameId,playType,period,teamFor,teamAgainst) values ('62d7bc5a-9dbe-4462-9716-107a2f17a25b','b91ff336-6784-4b9a-82a1-f365ecdb0bdd','flag',3,'TeamB','TeamC');
insert into gridirongameevents(id,gameId,playType,period,teamFor,teamAgainst) values ('8af9a849-a0ec-4476-a805-4ed571dda7cd','b91ff336-6784-4b9a-82a1-f365ecdb0bdd','throw',3,'TeamB','TeamC');
insert into gridironthrows(eventId,playerThrowing,playerReceiving,yard,result) values ('8af9a849-a0ec-4476-a805-4ed571dda7cd','Camel','Cauchy','106','touchdown');
insert into gridirongameevents(id,gameId,playType,period,teamFor,teamAgainst) values ('1d302828-2a48-424f-b584-bee15e5ab8eb','b91ff336-6784-4b9a-82a1-f365ecdb0bdd','rush',3,'TeamB','TeamC');
insert into gridironrushes(eventId,player,yard,result) values ('1d302828-2a48-424f-b584-bee15e5ab8eb','Cameron',61,'touchdown');
insert into gridirongameevents(id,gameId,playType,period,teamFor,teamAgainst) values ('3bafa204-123e-4e2d-baf0-9d602081d5f8','b91ff336-6784-4b9a-82a1-f365ecdb0bdd','rush',3,'TeamB','TeamC');
insert into gridironrushes(eventId,player,yard,result) values ('3bafa204-123e-4e2d-baf0-9d602081d5f8','Cauchy',39,'touchdown');
insert into gridirongameevents(id,gameId,playType,period,teamFor,teamAgainst) values ('d3b0a9b8-0dc3-4ad3-9eb2-3c284fd8d26a','b91ff336-6784-4b9a-82a1-f365ecdb0bdd','safety',3,'TeamB','TeamC');
insert into gridirongameevents(id,gameId,playType,period,teamFor,teamAgainst) values ('6a347e66-9271-405f-b6c9-2710bdf4df58','b91ff336-6784-4b9a-82a1-f365ecdb0bdd','rush',3,'TeamC','TeamB');
insert into gridironrushes(eventId,player,yard,result) values ('6a347e66-9271-405f-b6c9-2710bdf4df58','Dapper',32,'non-scoring');
insert into gridirongameevents(id,gameId,playType,period,teamFor,teamAgainst) values ('acb27d27-4bd8-40d9-8373-4d363d983a44','b91ff336-6784-4b9a-82a1-f365ecdb0bdd','flag',3,'TeamC','TeamB');
insert into gridirongameevents(id,gameId,playType,period,teamFor,teamAgainst) values ('26e2bc4c-a412-409a-a6f7-395df5c9f069','b91ff336-6784-4b9a-82a1-f365ecdb0bdd','kick',3,'TeamC','TeamB');
insert into gridironkicks(eventId,player,yard,result) values ('26e2bc4c-a412-409a-a6f7-395df5c9f069','Denver',10,'extra-kick');
insert into gridirongameevents(id,gameId,playType,period,teamFor,teamAgainst) values ('76464d86-1e27-4e16-9770-fb65b6844d06','b91ff336-6784-4b9a-82a1-f365ecdb0bdd','flag',3,'TeamC','TeamB');
insert into gridirongameevents(id,gameId,playType,period,teamFor,teamAgainst) values ('aa7387a3-fa23-4fb7-90db-3df11bca3a91','b91ff336-6784-4b9a-82a1-f365ecdb0bdd','kick',3,'TeamB','TeamC');
insert into gridironkicks(eventId,player,yard,result) values ('aa7387a3-fa23-4fb7-90db-3df11bca3a91','Caleb',93,'extra-kick');
insert into gridirongameevents(id,gameId,playType,period,teamFor,teamAgainst) values ('62d439c8-a82b-48d3-81d6-7be4307a16b4','b91ff336-6784-4b9a-82a1-f365ecdb0bdd','safety',3,'TeamB','TeamC');
insert into gridirongameevents(id,gameId,playType,period,teamFor,teamAgainst) values ('b3cece98-bc7a-49af-ad9a-5ba9a18d858d','b91ff336-6784-4b9a-82a1-f365ecdb0bdd','timeout',3,'TeamB','TeamC');
insert into gridirongameevents(id,gameId,playType,period,teamFor,teamAgainst) values ('d2aa78fd-c7a6-43fa-a31f-c52c7b73110f','b91ff336-6784-4b9a-82a1-f365ecdb0bdd','flag',3,'TeamB','TeamC');
insert into gridirongameevents(id,gameId,playType,period,teamFor,teamAgainst) values ('f257194d-60eb-4ee9-8cb2-75918edcf0c7','b91ff336-6784-4b9a-82a1-f365ecdb0bdd','safety',3,'TeamB','TeamC');
insert into gridirongameevents(id,gameId,playType,period,teamFor,teamAgainst) values ('181d6f0d-6b0d-4360-b4fc-86195c0e17dd','b91ff336-6784-4b9a-82a1-f365ecdb0bdd','throw',3,'TeamC','TeamB');
insert into gridironthrows(eventId,playerThrowing,playerReceiving,yard,result) values ('181d6f0d-6b0d-4360-b4fc-86195c0e17dd','Dickson','Daniel','80','2pt');
insert into gridirongameevents(id,gameId,playType,period,teamFor,teamAgainst) values ('771a2fe7-302d-41a0-b604-c061fbd077cc','b91ff336-6784-4b9a-82a1-f365ecdb0bdd','kick',3,'TeamB','TeamC');
insert into gridironkicks(eventId,player,yard,result) values ('771a2fe7-302d-41a0-b604-c061fbd077cc','Cody',30,'miss');
insert into gridirongameevents(id,gameId,playType,period,teamFor,teamAgainst) values ('86f54808-ed8a-46c4-9079-7615033f7c97','b91ff336-6784-4b9a-82a1-f365ecdb0bdd','safety',3,'TeamC','TeamB');
insert into gridirongameevents(id,gameId,playType,period,teamFor,teamAgainst) values ('ffb7bf2b-c8ec-4a6f-b0d3-6036aeec27f7','b91ff336-6784-4b9a-82a1-f365ecdb0bdd','timeout',3,'TeamC','TeamB');
insert into gridirongameevents(id,gameId,playType,period,teamFor,teamAgainst) values ('aebf1661-e22b-4509-bcc0-b291c1eba826','b91ff336-6784-4b9a-82a1-f365ecdb0bdd','kick',3,'TeamC','TeamB');
insert into gridironkicks(eventId,player,yard,result) values ('aebf1661-e22b-4509-bcc0-b291c1eba826','Denver',57,'miss');
insert into gridirongameevents(id,gameId,playType,period,teamFor,teamAgainst) values ('679ffc44-614e-404c-b14b-caea10c4a9a6','b91ff336-6784-4b9a-82a1-f365ecdb0bdd','flag',3,'TeamB','TeamC');
insert into gridirongameevents(id,gameId,playType,period,teamFor,teamAgainst) values ('f36c3992-ace2-4a82-99d5-54ed9797ed03','b91ff336-6784-4b9a-82a1-f365ecdb0bdd','flag',3,'TeamB','TeamC');
insert into gridirongameevents(id,gameId,playType,period,teamFor,teamAgainst) values ('933f18a2-b46d-4337-90dc-c694da94c018','b91ff336-6784-4b9a-82a1-f365ecdb0bdd','kick',3,'TeamC','TeamB');
insert into gridironkicks(eventId,player,yard,result) values ('933f18a2-b46d-4337-90dc-c694da94c018','Doppler',45,'extra-kick');
insert into gridirongameevents(id,gameId,playType,period,teamFor,teamAgainst) values ('e9c49ba9-074a-4e32-8068-e13f32c34b1b','b91ff336-6784-4b9a-82a1-f365ecdb0bdd','timeout',3,'TeamC','TeamB');
insert into gridirongameevents(id,gameId,playType,period,teamFor,teamAgainst) values ('b4f99f3c-6660-4109-915f-7b62b89021c3','b91ff336-6784-4b9a-82a1-f365ecdb0bdd','rush',3,'TeamB','TeamC');
insert into gridironrushes(eventId,player,yard,result) values ('b4f99f3c-6660-4109-915f-7b62b89021c3','Cauchy',93,'non-scoring');
insert into gridirongameevents(id,gameId,playType,period,teamFor,teamAgainst) values ('5ea6e8d7-6e67-4a8c-98d6-10ddbd106cd3','b91ff336-6784-4b9a-82a1-f365ecdb0bdd','flag',3,'TeamB','TeamC');
insert into gridirongameevents(id,gameId,playType,period,teamFor,teamAgainst) values ('1fab43ad-d4a7-46d2-b00e-aaff85fcff1c','b91ff336-6784-4b9a-82a1-f365ecdb0bdd','throw',3,'TeamC','TeamB');
insert into gridironthrows(eventId,playerThrowing,playerReceiving,yard,result) values ('1fab43ad-d4a7-46d2-b00e-aaff85fcff1c','Daniel','Dapper','94','2pt');
insert into gridirongameevents(id,gameId,playType,period,teamFor,teamAgainst) values ('07e30aca-b423-4e19-87df-8894c1aad428','b91ff336-6784-4b9a-82a1-f365ecdb0bdd','rush',3,'TeamB','TeamC');
insert into gridironrushes(eventId,player,yard,result) values ('07e30aca-b423-4e19-87df-8894c1aad428','Cody',72,'touchdown');
insert into gridirongameevents(id,gameId,playType,period,teamFor,teamAgainst) values ('7ffce493-639b-4633-8d9b-e9612b276348','b91ff336-6784-4b9a-82a1-f365ecdb0bdd','flag',3,'TeamB','TeamC');
insert into gridirongameevents(id,gameId,playType,period,teamFor,teamAgainst) values ('4c13d729-0c49-4f7d-8f75-8b0cc0436767','b91ff336-6784-4b9a-82a1-f365ecdb0bdd','kick',3,'TeamB','TeamC');
insert into gridironkicks(eventId,player,yard,result) values ('4c13d729-0c49-4f7d-8f75-8b0cc0436767','Cody',66,'field-goal');
insert into gridirongameevents(id,gameId,playType,period,teamFor,teamAgainst) values ('43028035-9f8f-4248-841c-d73a9914105e','b91ff336-6784-4b9a-82a1-f365ecdb0bdd','timeout',3,'TeamB','TeamC');
insert into gridirongameevents(id,gameId,playType,period,teamFor,teamAgainst) values ('130e84a3-dc1b-4b92-9e39-95fe78970a47','b91ff336-6784-4b9a-82a1-f365ecdb0bdd','kick',3,'TeamC','TeamB');
insert into gridironkicks(eventId,player,yard,result) values ('130e84a3-dc1b-4b92-9e39-95fe78970a47','Denver',93,'extra-kick');
insert into gridirongameevents(id,gameId,playType,period,teamFor,teamAgainst) values ('a41d9ae3-8511-4166-b3f0-cd05f4fc26b9','b91ff336-6784-4b9a-82a1-f365ecdb0bdd','timeout',3,'TeamB','TeamC');
insert into gridirongameevents(id,gameId,playType,period,teamFor,teamAgainst) values ('ac418408-7d00-4f5a-8b43-a19ca1cb7671','b91ff336-6784-4b9a-82a1-f365ecdb0bdd','turnover',3,'TeamB','TeamC');
insert into gridirongameevents(id,gameId,playType,period,teamFor,teamAgainst) values ('78bff416-52e7-44cc-8a69-9b7c03e80226','b91ff336-6784-4b9a-82a1-f365ecdb0bdd','kick',3,'TeamB','TeamC');
insert into gridironkicks(eventId,player,yard,result) values ('78bff416-52e7-44cc-8a69-9b7c03e80226','Cameron',43,'extra-kick');
insert into gridirongameevents(id,gameId,playType,period,teamFor,teamAgainst) values ('6db7bb48-0f26-4f8c-9670-a1151c1f8ad9','b91ff336-6784-4b9a-82a1-f365ecdb0bdd','kick',3,'TeamC','TeamB');
insert into gridironkicks(eventId,player,yard,result) values ('6db7bb48-0f26-4f8c-9670-a1151c1f8ad9','Daniel',51,'field-goal');
insert into gridirongameevents(id,gameId,playType,period,teamFor,teamAgainst) values ('410ebd0f-33fe-4e83-a209-689f87a7ee5b','b91ff336-6784-4b9a-82a1-f365ecdb0bdd','turnover',3,'TeamB','TeamC');
insert into gridirongameevents(id,gameId,playType,period,teamFor,teamAgainst) values ('97b53e6d-1c3f-4b93-be4b-69cfc9b5abcc','b91ff336-6784-4b9a-82a1-f365ecdb0bdd','timeout',3,'TeamC','TeamB');
insert into gridirongameevents(id,gameId,playType,period,teamFor,teamAgainst) values ('72712f04-0224-48b4-b177-8841e3a1537c','b91ff336-6784-4b9a-82a1-f365ecdb0bdd','rush',3,'TeamC','TeamB');
insert into gridironrushes(eventId,player,yard,result) values ('72712f04-0224-48b4-b177-8841e3a1537c','Denver',114,'non-scoring');
insert into gridirongameevents(id,gameId,playType,period,teamFor,teamAgainst) values ('8f2f26bb-aaae-41c9-91da-2ba9972f3199','b91ff336-6784-4b9a-82a1-f365ecdb0bdd','turnover',3,'TeamB','TeamC');
insert into gridirongameevents(id,gameId,playType,period,teamFor,teamAgainst) values ('bb51ff13-47ce-4af6-90ca-d831a6082092','b91ff336-6784-4b9a-82a1-f365ecdb0bdd','kick',3,'TeamC','TeamB');
insert into gridironkicks(eventId,player,yard,result) values ('bb51ff13-47ce-4af6-90ca-d831a6082092','Dapper',81,'extra-kick');
insert into gridirongameevents(id,gameId,playType,period,teamFor,teamAgainst) values ('bfd0bf19-4fc2-46a9-a09b-6bcb6ca9d930','b91ff336-6784-4b9a-82a1-f365ecdb0bdd','timeout',3,'TeamB','TeamC');
insert into gridirongameevents(id,gameId,playType,period,teamFor,teamAgainst) values ('232c2c4c-0392-454e-a56e-76fbd7d1e928','b91ff336-6784-4b9a-82a1-f365ecdb0bdd','throw',4,'TeamC','TeamB');
insert into gridironthrows(eventId,playerThrowing,playerReceiving,yard,result) values ('232c2c4c-0392-454e-a56e-76fbd7d1e928','Denver','Dapper','67','non-scoring');
insert into gridirongameevents(id,gameId,playType,period,teamFor,teamAgainst) values ('cb6df529-2eef-477b-adcf-57837ac014b3','b91ff336-6784-4b9a-82a1-f365ecdb0bdd','rush',4,'TeamB','TeamC');
insert into gridironrushes(eventId,player,yard,result) values ('cb6df529-2eef-477b-adcf-57837ac014b3','Camel',113,'non-scoring');
insert into gridirongameevents(id,gameId,playType,period,teamFor,teamAgainst) values ('c5268439-bfe3-4693-a93c-b7e431f6f308','b91ff336-6784-4b9a-82a1-f365ecdb0bdd','timeout',4,'TeamB','TeamC');
insert into gridirongameevents(id,gameId,playType,period,teamFor,teamAgainst) values ('d5ef022c-f66f-4550-bda9-254997f56eb6','b91ff336-6784-4b9a-82a1-f365ecdb0bdd','timeout',4,'TeamB','TeamC');
insert into gridirongameevents(id,gameId,playType,period,teamFor,teamAgainst) values ('89e877e1-84a2-4a20-b36d-7189f3570d4a','b91ff336-6784-4b9a-82a1-f365ecdb0bdd','safety',4,'TeamC','TeamB');
insert into gridirongameevents(id,gameId,playType,period,teamFor,teamAgainst) values ('e6f5d762-4154-4818-9ae7-d0e5bc50bfb4','b91ff336-6784-4b9a-82a1-f365ecdb0bdd','flag',4,'TeamC','TeamB');
insert into gridirongameevents(id,gameId,playType,period,teamFor,teamAgainst) values ('df7e7845-1523-4dd2-b77c-5425b2835b0d','b91ff336-6784-4b9a-82a1-f365ecdb0bdd','turnover',4,'TeamC','TeamB');
insert into gridirongameevents(id,gameId,playType,period,teamFor,teamAgainst) values ('d416d8f8-a101-46a4-aecf-76504f3b9d7e','b91ff336-6784-4b9a-82a1-f365ecdb0bdd','flag',4,'TeamC','TeamB');
insert into gridirongameevents(id,gameId,playType,period,teamFor,teamAgainst) values ('81c1f251-eec7-4987-902a-177489bf6ebc','b91ff336-6784-4b9a-82a1-f365ecdb0bdd','timeout',4,'TeamC','TeamB');
insert into gridirongameevents(id,gameId,playType,period,teamFor,teamAgainst) values ('5c2c5043-bb3d-442a-bc01-6e64c020af8d','b91ff336-6784-4b9a-82a1-f365ecdb0bdd','rush',4,'TeamC','TeamB');
insert into gridironrushes(eventId,player,yard,result) values ('5c2c5043-bb3d-442a-bc01-6e64c020af8d','Doppler',62,'touchdown');
insert into gridirongameevents(id,gameId,playType,period,teamFor,teamAgainst) values ('b862976e-a78b-4b73-80c7-0b09fd9087bf','b91ff336-6784-4b9a-82a1-f365ecdb0bdd','timeout',4,'TeamB','TeamC');
insert into gridirongameevents(id,gameId,playType,period,teamFor,teamAgainst) values ('668a764e-0392-4ebe-a47d-0d9a13aa4845','b91ff336-6784-4b9a-82a1-f365ecdb0bdd','turnover',4,'TeamC','TeamB');
insert into gridirongameevents(id,gameId,playType,period,teamFor,teamAgainst) values ('339a18ba-aaae-408d-a6db-c9bb41f4d22e','b91ff336-6784-4b9a-82a1-f365ecdb0bdd','throw',4,'TeamB','TeamC');
insert into gridironthrows(eventId,playerThrowing,playerReceiving,yard,result) values ('339a18ba-aaae-408d-a6db-c9bb41f4d22e','Caleb','Cody','28','non-scoring');
insert into gridirongameevents(id,gameId,playType,period,teamFor,teamAgainst) values ('a5d9c027-f73b-4296-a356-5343c7e6d6d8','b91ff336-6784-4b9a-82a1-f365ecdb0bdd','turnover',4,'TeamB','TeamC');
insert into gridirongameevents(id,gameId,playType,period,teamFor,teamAgainst) values ('4f5c1346-80d4-4723-996d-6c410db2f888','b91ff336-6784-4b9a-82a1-f365ecdb0bdd','timeout',4,'TeamB','TeamC');
insert into gridirongameevents(id,gameId,playType,period,teamFor,teamAgainst) values ('925bf3bc-fc99-4e36-99bd-e2e9d1fe5c36','b91ff336-6784-4b9a-82a1-f365ecdb0bdd','timeout',4,'TeamC','TeamB');
insert into gridirongameevents(id,gameId,playType,period,teamFor,teamAgainst) values ('9f2091c0-966f-4e64-abd7-1a9b35ebbc33','b91ff336-6784-4b9a-82a1-f365ecdb0bdd','kick',4,'TeamB','TeamC');
insert into gridironkicks(eventId,player,yard,result) values ('9f2091c0-966f-4e64-abd7-1a9b35ebbc33','Cauchy',34,'extra-kick');
insert into gridirongameevents(id,gameId,playType,period,teamFor,teamAgainst) values ('5b5e7a78-e168-4065-94ef-b069eed2101e','b91ff336-6784-4b9a-82a1-f365ecdb0bdd','throw',4,'TeamC','TeamB');
insert into gridironthrows(eventId,playerThrowing,playerReceiving,yard,result) values ('5b5e7a78-e168-4065-94ef-b069eed2101e','Dapper','Doppler','76','2pt');
insert into gridirongameevents(id,gameId,playType,period,teamFor,teamAgainst) values ('df691d8f-30c6-4f52-8a62-9f8581aec2ef','b91ff336-6784-4b9a-82a1-f365ecdb0bdd','rush',4,'TeamC','TeamB');
insert into gridironrushes(eventId,player,yard,result) values ('df691d8f-30c6-4f52-8a62-9f8581aec2ef','Daniel',59,'touchdown');
insert into gridirongameevents(id,gameId,playType,period,teamFor,teamAgainst) values ('f43b2f38-5700-4987-a21e-f725ca31ca0b','b91ff336-6784-4b9a-82a1-f365ecdb0bdd','kick',4,'TeamB','TeamC');
insert into gridironkicks(eventId,player,yard,result) values ('f43b2f38-5700-4987-a21e-f725ca31ca0b','Cody',108,'miss');
insert into gridirongameevents(id,gameId,playType,period,teamFor,teamAgainst) values ('d2338ba1-990d-4cd0-baf9-f1bcf3262fcc','b91ff336-6784-4b9a-82a1-f365ecdb0bdd','safety',4,'TeamB','TeamC');
insert into gridirongameevents(id,gameId,playType,period,teamFor,teamAgainst) values ('c15a2062-04c2-4ae0-aea0-e861690ba6e8','b91ff336-6784-4b9a-82a1-f365ecdb0bdd','turnover',4,'TeamC','TeamB');
insert into gridirongameevents(id,gameId,playType,period,teamFor,teamAgainst) values ('cc9c86b2-608b-4213-8af3-c2f75e554c6a','b91ff336-6784-4b9a-82a1-f365ecdb0bdd','flag',4,'TeamB','TeamC');
insert into gridirongameevents(id,gameId,playType,period,teamFor,teamAgainst) values ('35acac58-0548-4883-9dbe-e238f1c1e4ee','b91ff336-6784-4b9a-82a1-f365ecdb0bdd','kick',4,'TeamC','TeamB');
insert into gridironkicks(eventId,player,yard,result) values ('35acac58-0548-4883-9dbe-e238f1c1e4ee','Dickson',89,'extra-kick');
insert into gridirongameevents(id,gameId,playType,period,teamFor,teamAgainst) values ('bfec0cbd-7687-4e63-9d11-e96b482e84d2','b91ff336-6784-4b9a-82a1-f365ecdb0bdd','safety',4,'TeamC','TeamB');
insert into gridirongameevents(id,gameId,playType,period,teamFor,teamAgainst) values ('b14de91f-47f0-45ff-8119-7ca04e8c941a','b91ff336-6784-4b9a-82a1-f365ecdb0bdd','flag',4,'TeamC','TeamB');
insert into gridirongameevents(id,gameId,playType,period,teamFor,teamAgainst) values ('3eb08b36-451e-4b29-92de-180191d000a7','b91ff336-6784-4b9a-82a1-f365ecdb0bdd','flag',4,'TeamB','TeamC');
insert into gridirongameevents(id,gameId,playType,period,teamFor,teamAgainst) values ('7db55aac-cc84-413c-baa9-870285ed7151','b91ff336-6784-4b9a-82a1-f365ecdb0bdd','turnover',4,'TeamB','TeamC');
insert into gridirongameevents(id,gameId,playType,period,teamFor,teamAgainst) values ('febc7cc9-3bbf-4ad5-92cb-4a71ab394331','b91ff336-6784-4b9a-82a1-f365ecdb0bdd','kick',4,'TeamB','TeamC');
insert into gridironkicks(eventId,player,yard,result) values ('febc7cc9-3bbf-4ad5-92cb-4a71ab394331','Caleb',93,'field-goal');
insert into gridirongameevents(id,gameId,playType,period,teamFor,teamAgainst) values ('ffcbadbf-635b-408e-9a74-b6d599b8b8ae','b91ff336-6784-4b9a-82a1-f365ecdb0bdd','flag',4,'TeamB','TeamC');
insert into gridirongameevents(id,gameId,playType,period,teamFor,teamAgainst) values ('bca2a59d-de7e-4e94-a5ad-8f069bddd9cc','b91ff336-6784-4b9a-82a1-f365ecdb0bdd','turnover',4,'TeamB','TeamC');
insert into gridirongameevents(id,gameId,playType,period,teamFor,teamAgainst) values ('599bdb4e-c7bf-4829-920f-f21b4aa8f977','b91ff336-6784-4b9a-82a1-f365ecdb0bdd','kick',4,'TeamB','TeamC');
insert into gridironkicks(eventId,player,yard,result) values ('599bdb4e-c7bf-4829-920f-f21b4aa8f977','Camel',44,'field-goal');
insert into gridirongameevents(id,gameId,playType,period,teamFor,teamAgainst) values ('ec1058de-65c8-4b5a-93af-1f507a343b29','b91ff336-6784-4b9a-82a1-f365ecdb0bdd','safety',4,'TeamC','TeamB');
insert into gridirongameevents(id,gameId,playType,period,teamFor,teamAgainst) values ('9687a415-a305-4d82-ad92-c73dcca8aff5','b91ff336-6784-4b9a-82a1-f365ecdb0bdd','turnover',4,'TeamC','TeamB');
insert into gridirongameevents(id,gameId,playType,period,teamFor,teamAgainst) values ('4ca980ea-1b98-4321-8efb-6072a341c6c7','b91ff336-6784-4b9a-82a1-f365ecdb0bdd','rush',4,'TeamC','TeamB');
insert into gridironrushes(eventId,player,yard,result) values ('4ca980ea-1b98-4321-8efb-6072a341c6c7','Denver',10,'touchdown');
insert into gridirongameevents(id,gameId,playType,period,teamFor,teamAgainst) values ('046b68d7-c715-4ca6-bc05-a36ca5072e4d','b91ff336-6784-4b9a-82a1-f365ecdb0bdd','timeout',4,'TeamC','TeamB');
insert into gridirongameevents(id,gameId,playType,period,teamFor,teamAgainst) values ('8d2b06b3-4c4b-4cb3-bc53-a6d5d5e0f4df','b91ff336-6784-4b9a-82a1-f365ecdb0bdd','throw',4,'TeamC','TeamB');
insert into gridironthrows(eventId,playerThrowing,playerReceiving,yard,result) values ('8d2b06b3-4c4b-4cb3-bc53-a6d5d5e0f4df','Denver','Dapper','66','miss');
insert into gridirongameevents(id,gameId,playType,period,teamFor,teamAgainst) values ('722168fe-86fa-4e06-a8c1-0e1912f8b1cd','b91ff336-6784-4b9a-82a1-f365ecdb0bdd','rush',4,'TeamC','TeamB');
insert into gridironrushes(eventId,player,yard,result) values ('722168fe-86fa-4e06-a8c1-0e1912f8b1cd','Dickson',9,'non-scoring');
insert into gridirongameevents(id,gameId,playType,period,teamFor,teamAgainst) values ('e7ae8d4e-894c-4d25-8ffd-e983fea95103','b91ff336-6784-4b9a-82a1-f365ecdb0bdd','safety',4,'TeamB','TeamC');
insert into gridirongameevents(id,gameId,playType,period,teamFor,teamAgainst) values ('6c7a4204-044b-4754-bfce-b01cbccf2149','b91ff336-6784-4b9a-82a1-f365ecdb0bdd','kick',4,'TeamB','TeamC');
insert into gridironkicks(eventId,player,yard,result) values ('6c7a4204-044b-4754-bfce-b01cbccf2149','Caleb',114,'miss');
insert into gridirongameevents(id,gameId,playType,period,teamFor,teamAgainst) values ('24bff3c4-2513-40aa-9ac8-9d1b90305ac8','b91ff336-6784-4b9a-82a1-f365ecdb0bdd','throw',4,'TeamB','TeamC');
insert into gridironthrows(eventId,playerThrowing,playerReceiving,yard,result) values ('24bff3c4-2513-40aa-9ac8-9d1b90305ac8','Cauchy','Camel','73','touchdown');
insert into gridirongameevents(id,gameId,playType,period,teamFor,teamAgainst) values ('5be1f851-13f6-434c-abf8-7adabfa90ef1','b91ff336-6784-4b9a-82a1-f365ecdb0bdd','kick',4,'TeamB','TeamC');
insert into gridironkicks(eventId,player,yard,result) values ('5be1f851-13f6-434c-abf8-7adabfa90ef1','Cauchy',98,'miss');
insert into gridirongameevents(id,gameId,playType,period,teamFor,teamAgainst) values ('06dbc5b8-7f45-4dff-a391-0e630800991d','b91ff336-6784-4b9a-82a1-f365ecdb0bdd','throw',4,'TeamB','TeamC');
insert into gridironthrows(eventId,playerThrowing,playerReceiving,yard,result) values ('06dbc5b8-7f45-4dff-a391-0e630800991d','Caleb','Camel','90','miss');
insert into gridirongameevents(id,gameId,playType,period,teamFor,teamAgainst) values ('69ee459e-71bd-4d66-b7df-13504db335c6','b91ff336-6784-4b9a-82a1-f365ecdb0bdd','turnover',4,'TeamC','TeamB');
insert into gridirongameevents(id,gameId,playType,period,teamFor,teamAgainst) values ('543274d2-bc41-4f42-8003-421b3fe264b0','b91ff336-6784-4b9a-82a1-f365ecdb0bdd','kick',4,'TeamB','TeamC');
insert into gridironkicks(eventId,player,yard,result) values ('543274d2-bc41-4f42-8003-421b3fe264b0','Cameron',64,'miss');
insert into gridirongameevents(id,gameId,playType,period,teamFor,teamAgainst) values ('2aceca72-cc0c-4c8f-9e90-6588773b09dc','b91ff336-6784-4b9a-82a1-f365ecdb0bdd','flag',4,'TeamB','TeamC');
insert into gridirongameevents(id,gameId,playType,period,teamFor,teamAgainst) values ('aed3e189-2f00-40d9-9391-8af13fcc8bee','b91ff336-6784-4b9a-82a1-f365ecdb0bdd','timeout',4,'TeamB','TeamC');
insert into gridirongameevents(id,gameId,playType,period,teamFor,teamAgainst) values ('c60c0996-9368-4542-852d-fc11389ef72e','b91ff336-6784-4b9a-82a1-f365ecdb0bdd','rush',4,'TeamC','TeamB');
insert into gridironrushes(eventId,player,yard,result) values ('c60c0996-9368-4542-852d-fc11389ef72e','Denver',45,'non-scoring');
insert into gridirongameevents(id,gameId,playType,period,teamFor,teamAgainst) values ('284c1db1-8b5d-46e0-930f-23761173b8ff','b91ff336-6784-4b9a-82a1-f365ecdb0bdd','throw',4,'TeamB','TeamC');
insert into gridironthrows(eventId,playerThrowing,playerReceiving,yard,result) values ('284c1db1-8b5d-46e0-930f-23761173b8ff','Caleb','Cody','27','miss');
insert into gridirongameevents(id,gameId,playType,period,teamFor,teamAgainst) values ('176db043-ef6e-4a0a-9221-73e964d8dbb3','b91ff336-6784-4b9a-82a1-f365ecdb0bdd','turnover',4,'TeamC','TeamB');
insert into gridirongameevents(id,gameId,playType,period,teamFor,teamAgainst) values ('12e6a347-0e14-4dfd-9385-6d3da152f23e','b91ff336-6784-4b9a-82a1-f365ecdb0bdd','kick',4,'TeamC','TeamB');
insert into gridironkicks(eventId,player,yard,result) values ('12e6a347-0e14-4dfd-9385-6d3da152f23e','Daniel',105,'miss');
insert into gridirongameevents(id,gameId,playType,period,teamFor,teamAgainst) values ('f32713ee-e454-4089-abe2-7708cbdb6f52','b91ff336-6784-4b9a-82a1-f365ecdb0bdd','kick',4,'TeamB','TeamC');
insert into gridironkicks(eventId,player,yard,result) values ('f32713ee-e454-4089-abe2-7708cbdb6f52','Caleb',92,'field-goal');
insert into gridirongameevents(id,gameId,playType,period,teamFor,teamAgainst) values ('63822f96-6642-40fa-83c3-39c834cbffc1','b91ff336-6784-4b9a-82a1-f365ecdb0bdd','safety',4,'TeamB','TeamC');
insert into gridirongameevents(id,gameId,playType,period,teamFor,teamAgainst) values ('04c472de-357c-46a2-9c78-f2f46747e769','b91ff336-6784-4b9a-82a1-f365ecdb0bdd','safety',4,'TeamC','TeamB');
insert into gridirongameevents(id,gameId,playType,period,teamFor,teamAgainst) values ('05abb530-b3c4-4121-bcc5-1ce050891786','b91ff336-6784-4b9a-82a1-f365ecdb0bdd','kick',4,'TeamC','TeamB');
insert into gridironkicks(eventId,player,yard,result) values ('05abb530-b3c4-4121-bcc5-1ce050891786','Dickson',56,'field-goal');
insert into gridirongameevents(id,gameId,playType,period,teamFor,teamAgainst) values ('1e29bf50-be33-40a7-9c4e-7895059d8699','b91ff336-6784-4b9a-82a1-f365ecdb0bdd','flag',4,'TeamB','TeamC');
insert into gridirongameevents(id,gameId,playType,period,teamFor,teamAgainst) values ('ddf4f20d-850b-4b5b-a658-bb9b1effa117','b91ff336-6784-4b9a-82a1-f365ecdb0bdd','flag',4,'TeamC','TeamB');
insert into gridirongameevents(id,gameId,playType,period,teamFor,teamAgainst) values ('bc8694fb-6e54-494f-8a85-d15a53bdad94','b91ff336-6784-4b9a-82a1-f365ecdb0bdd','rush',4,'TeamC','TeamB');
insert into gridironrushes(eventId,player,yard,result) values ('bc8694fb-6e54-494f-8a85-d15a53bdad94','Dickson',120,'2pt');
insert into gridirongameevents(id,gameId,playType,period,teamFor,teamAgainst) values ('8edd7da4-ed83-4add-a007-2b608472f2f4','b91ff336-6784-4b9a-82a1-f365ecdb0bdd','flag',4,'TeamB','TeamC');
insert into gridirongameevents(id,gameId,playType,period,teamFor,teamAgainst) values ('dd461973-65f2-41d8-9c7d-68409ee02d04','b91ff336-6784-4b9a-82a1-f365ecdb0bdd','flag',4,'TeamB','TeamC');
insert into gridirongameevents(id,gameId,playType,period,teamFor,teamAgainst) values ('60360867-e95b-4e76-8f7a-9bf684adc7d1','b91ff336-6784-4b9a-82a1-f365ecdb0bdd','rush',4,'TeamC','TeamB');
insert into gridironrushes(eventId,player,yard,result) values ('60360867-e95b-4e76-8f7a-9bf684adc7d1','Daniel',14,'non-scoring');
insert into gridirongameevents(id,gameId,playType,period,teamFor,teamAgainst) values ('6c1c92cb-4182-42fe-a08a-bef02b3eed1b','b91ff336-6784-4b9a-82a1-f365ecdb0bdd','throw',4,'TeamB','TeamC');
insert into gridironthrows(eventId,playerThrowing,playerReceiving,yard,result) values ('6c1c92cb-4182-42fe-a08a-bef02b3eed1b','Camel','Cauchy','-4','non-scoring');
insert into gridirongameevents(id,gameId,playType,period,teamFor,teamAgainst) values ('3d11b308-5d57-40aa-8c40-2ea12a3d5c74','b91ff336-6784-4b9a-82a1-f365ecdb0bdd','turnover',4,'TeamC','TeamB');
insert into gridirongameevents(id,gameId,playType,period,teamFor,teamAgainst) values ('076c3bd5-ce8e-4df6-bce2-d54d7e224ee7','b91ff336-6784-4b9a-82a1-f365ecdb0bdd','rush',4,'TeamC','TeamB');
insert into gridironrushes(eventId,player,yard,result) values ('076c3bd5-ce8e-4df6-bce2-d54d7e224ee7','Dapper',33,'2pt');
insert into gridirongameevents(id,gameId,playType,period,teamFor,teamAgainst) values ('a5772d65-f119-482f-91b1-f4b02d3bc4f4','b91ff336-6784-4b9a-82a1-f365ecdb0bdd','rush',4,'TeamB','TeamC');
insert into gridironrushes(eventId,player,yard,result) values ('a5772d65-f119-482f-91b1-f4b02d3bc4f4','Cody',102,'2pt');
insert into gridirongameevents(id,gameId,playType,period,teamFor,teamAgainst) values ('a3b920d6-713d-45e6-bab4-586a8ffc40bd','b91ff336-6784-4b9a-82a1-f365ecdb0bdd','throw',4,'TeamC','TeamB');
insert into gridironthrows(eventId,playerThrowing,playerReceiving,yard,result) values ('a3b920d6-713d-45e6-bab4-586a8ffc40bd','Daniel','Denver','111','touchdown');
insert into gridirongameevents(id,gameId,playType,period,teamFor,teamAgainst) values ('88d0771a-fc5c-4d9b-8e06-fefe7fc4923a','b91ff336-6784-4b9a-82a1-f365ecdb0bdd','timeout',4,'TeamC','TeamB');
insert into gridirongameevents(id,gameId,playType,period,teamFor,teamAgainst) values ('d1748104-bc0e-46de-9c1a-43b942020c6f','b91ff336-6784-4b9a-82a1-f365ecdb0bdd','safety',4,'TeamB','TeamC');
insert into gridirongameevents(id,gameId,playType,period,teamFor,teamAgainst) values ('593bafcd-4930-4d9f-abd3-3dd8334f52b0','b91ff336-6784-4b9a-82a1-f365ecdb0bdd','turnover',4,'TeamB','TeamC');
insert into gridirongameevents(id,gameId,playType,period,teamFor,teamAgainst) values ('842790f2-5c3a-477d-9b89-8306af21f765','b91ff336-6784-4b9a-82a1-f365ecdb0bdd','kick',4,'TeamC','TeamB');
insert into gridironkicks(eventId,player,yard,result) values ('842790f2-5c3a-477d-9b89-8306af21f765','Dickson',1,'miss');
insert into gridirongameevents(id,gameId,playType,period,teamFor,teamAgainst) values ('ffda1e28-e63a-465b-947e-bdc754912119','b91ff336-6784-4b9a-82a1-f365ecdb0bdd','kick',4,'TeamB','TeamC');
insert into gridironkicks(eventId,player,yard,result) values ('ffda1e28-e63a-465b-947e-bdc754912119','Cauchy',102,'extra-kick');
insert into gridirongameevents(id,gameId,playType,period,teamFor,teamAgainst) values ('39f4bfb5-090c-4ab3-8fb9-d5b960b888fc','b91ff336-6784-4b9a-82a1-f365ecdb0bdd','rush',4,'TeamC','TeamB');
insert into gridironrushes(eventId,player,yard,result) values ('39f4bfb5-090c-4ab3-8fb9-d5b960b888fc','Doppler',-2,'non-scoring');
insert into gridirongameevents(id,gameId,playType,period,teamFor,teamAgainst) values ('ac4c2539-e496-498e-9ad1-812c22171a8b','b91ff336-6784-4b9a-82a1-f365ecdb0bdd','kick',4,'TeamB','TeamC');
insert into gridironkicks(eventId,player,yard,result) values ('ac4c2539-e496-498e-9ad1-812c22171a8b','Camel',51,'miss');
insert into gridirongameevents(id,gameId,playType,period,teamFor,teamAgainst) values ('1686877b-7ca4-4400-95b9-97b0462ff526','b91ff336-6784-4b9a-82a1-f365ecdb0bdd','safety',4,'TeamB','TeamC');
insert into gridirongameevents(id,gameId,playType,period,teamFor,teamAgainst) values ('abd8a15e-b85e-4ce0-b61a-e5b44289c1a5','b91ff336-6784-4b9a-82a1-f365ecdb0bdd','throw',4,'TeamB','TeamC');
insert into gridironthrows(eventId,playerThrowing,playerReceiving,yard,result) values ('abd8a15e-b85e-4ce0-b61a-e5b44289c1a5','Cauchy','Cameron','64','2pt');
insert into gridirongameevents(id,gameId,playType,period,teamFor,teamAgainst) values ('079ffe57-84c8-42bf-94da-bba02d2a9d24','b91ff336-6784-4b9a-82a1-f365ecdb0bdd','throw',4,'TeamC','TeamB');
insert into gridironthrows(eventId,playerThrowing,playerReceiving,yard,result) values ('079ffe57-84c8-42bf-94da-bba02d2a9d24','Dickson','Doppler','8','2pt');
insert into gridirongameevents(id,gameId,playType,period,teamFor,teamAgainst) values ('dc34d579-3262-4a62-bc6a-b86f27f7adcf','b91ff336-6784-4b9a-82a1-f365ecdb0bdd','timeout',4,'TeamB','TeamC');
insert into gridirongameevents(id,gameId,playType,period,teamFor,teamAgainst) values ('3bc4b687-194d-40ac-b295-63c94a0a505b','b91ff336-6784-4b9a-82a1-f365ecdb0bdd','flag',4,'TeamC','TeamB');
insert into gridirongameevents(id,gameId,playType,period,teamFor,teamAgainst) values ('84c135eb-33b1-480f-bd25-9bc5f6a1a2e7','b91ff336-6784-4b9a-82a1-f365ecdb0bdd','rush',4,'TeamC','TeamB');
insert into gridironrushes(eventId,player,yard,result) values ('84c135eb-33b1-480f-bd25-9bc5f6a1a2e7','Dickson',89,'non-scoring');
insert into gridirongameevents(id,gameId,playType,period,teamFor,teamAgainst) values ('5528078a-c141-4b87-aa9b-1114c0f816a1','b91ff336-6784-4b9a-82a1-f365ecdb0bdd','timeout',4,'TeamC','TeamB');
insert into gridirongameevents(id,gameId,playType,period,teamFor,teamAgainst) values ('f01778a6-3de3-4375-9b4a-01aafa626706','b91ff336-6784-4b9a-82a1-f365ecdb0bdd','turnover',4,'TeamB','TeamC');
insert into gridirongameevents(id,gameId,playType,period,teamFor,teamAgainst) values ('9ca49952-5701-47ec-9d04-95c7aba9e0ed','b91ff336-6784-4b9a-82a1-f365ecdb0bdd','safety',4,'TeamB','TeamC');
insert into gridirongameevents(id,gameId,playType,period,teamFor,teamAgainst) values ('f6683d84-482b-45ae-9927-6571fc121461','b91ff336-6784-4b9a-82a1-f365ecdb0bdd','throw',4,'TeamB','TeamC');
insert into gridironthrows(eventId,playerThrowing,playerReceiving,yard,result) values ('f6683d84-482b-45ae-9927-6571fc121461','Cauchy','Cody','29','non-scoring');
insert into gridirongameevents(id,gameId,playType,period,teamFor,teamAgainst) values ('477ba6dc-9fe6-4908-8e64-bf8afb590633','b91ff336-6784-4b9a-82a1-f365ecdb0bdd','kick',4,'TeamC','TeamB');
insert into gridironkicks(eventId,player,yard,result) values ('477ba6dc-9fe6-4908-8e64-bf8afb590633','Daniel',11,'miss');
insert into gridirongameevents(id,gameId,playType,period,teamFor,teamAgainst) values ('8606eced-ff07-4214-91d9-12ec19d94ab0','b91ff336-6784-4b9a-82a1-f365ecdb0bdd','kick',4,'TeamC','TeamB');
insert into gridironkicks(eventId,player,yard,result) values ('8606eced-ff07-4214-91d9-12ec19d94ab0','Denver',49,'miss');
insert into gridirongameevents(id,gameId,playType,period,teamFor,teamAgainst) values ('383990ad-f532-4fc7-9925-12aa9262a84c','b91ff336-6784-4b9a-82a1-f365ecdb0bdd','throw',4,'TeamB','TeamC');
insert into gridironthrows(eventId,playerThrowing,playerReceiving,yard,result) values ('383990ad-f532-4fc7-9925-12aa9262a84c','Cody','Cameron','100','2pt');
insert into gridirongameevents(id,gameId,playType,period,teamFor,teamAgainst) values ('73e91aab-c129-473e-b5b6-197cf67a2a0f','b91ff336-6784-4b9a-82a1-f365ecdb0bdd','kick',4,'TeamC','TeamB');
insert into gridironkicks(eventId,player,yard,result) values ('73e91aab-c129-473e-b5b6-197cf67a2a0f','Dickson',108,'miss');
insert into gridirongameevents(id,gameId,playType,period,teamFor,teamAgainst) values ('68c434ee-b6eb-45fc-9076-86bdd4500ba1','b91ff336-6784-4b9a-82a1-f365ecdb0bdd','timeout',4,'TeamB','TeamC');
insert into gridirongameevents(id,gameId,playType,period,teamFor,teamAgainst) values ('30096d4f-161c-4a39-b5db-6f04c2e428ee','b91ff336-6784-4b9a-82a1-f365ecdb0bdd','turnover',4,'TeamC','TeamB');
insert into gridirongameevents(id,gameId,playType,period,teamFor,teamAgainst) values ('1aa0e87d-fd2a-48db-a08b-b03c807ebb6d','b91ff336-6784-4b9a-82a1-f365ecdb0bdd','kick',4,'TeamB','TeamC');
insert into gridironkicks(eventId,player,yard,result) values ('1aa0e87d-fd2a-48db-a08b-b03c807ebb6d','Cameron',47,'field-goal');
insert into gridirongameevents(id,gameId,playType,period,teamFor,teamAgainst) values ('1ce7a11e-9e54-4707-afc4-d857be0367ac','b91ff336-6784-4b9a-82a1-f365ecdb0bdd','safety',4,'TeamB','TeamC');
insert into gridirongameevents(id,gameId,playType,period,teamFor,teamAgainst) values ('762eb7be-4c74-4458-b011-e2ba895134a2','b91ff336-6784-4b9a-82a1-f365ecdb0bdd','kick',4,'TeamC','TeamB');
insert into gridironkicks(eventId,player,yard,result) values ('762eb7be-4c74-4458-b011-e2ba895134a2','Dapper',111,'miss');
insert into gridirongameevents(id,gameId,playType,period,teamFor,teamAgainst) values ('78a8fd52-a684-46fa-a70c-ab36d97bd8b9','b91ff336-6784-4b9a-82a1-f365ecdb0bdd','timeout',4,'TeamB','TeamC');
insert into gridirongameevents(id,gameId,playType,period,teamFor,teamAgainst) values ('bbe2344c-030d-471b-bf3a-e038116d2cc6','b91ff336-6784-4b9a-82a1-f365ecdb0bdd','throw',4,'TeamC','TeamB');
insert into gridironthrows(eventId,playerThrowing,playerReceiving,yard,result) values ('bbe2344c-030d-471b-bf3a-e038116d2cc6','Doppler','Denver','113','miss');
insert into gridirongameevents(id,gameId,playType,period,teamFor,teamAgainst) values ('8e4fb49e-5a65-41e5-92f3-e1c0ceb1fd80','b91ff336-6784-4b9a-82a1-f365ecdb0bdd','timeout',4,'TeamC','TeamB');
insert into gridirongameevents(id,gameId,playType,period,teamFor,teamAgainst) values ('7ff2b342-01c6-4ce8-a61a-18d1dc49c01e','b91ff336-6784-4b9a-82a1-f365ecdb0bdd','flag',4,'TeamB','TeamC');
insert into gridirongameevents(id,gameId,playType,period,teamFor,teamAgainst) values ('061d7704-e137-47ec-bdf2-da0b57c254d7','b91ff336-6784-4b9a-82a1-f365ecdb0bdd','rush',4,'TeamC','TeamB');
insert into gridironrushes(eventId,player,yard,result) values ('061d7704-e137-47ec-bdf2-da0b57c254d7','Dapper',27,'2pt');
insert into gridirongameevents(id,gameId,playType,period,teamFor,teamAgainst) values ('48599c54-7eaf-4a55-97d1-0fcf56c103f7','b91ff336-6784-4b9a-82a1-f365ecdb0bdd','timeout',4,'TeamC','TeamB');
insert into gridirongameevents(id,gameId,playType,period,teamFor,teamAgainst) values ('deaa3ee0-7f62-4c37-b011-810aaa842ec1','b91ff336-6784-4b9a-82a1-f365ecdb0bdd','flag',4,'TeamB','TeamC');
insert into gridirongameevents(id,gameId,playType,period,teamFor,teamAgainst) values ('9e82e9b7-7788-42dc-849b-e0ae72c53203','b91ff336-6784-4b9a-82a1-f365ecdb0bdd','kick',4,'TeamC','TeamB');
insert into gridironkicks(eventId,player,yard,result) values ('9e82e9b7-7788-42dc-849b-e0ae72c53203','Doppler',100,'extra-kick');
insert into gridirongames(id,leagueId,home,away,starttime) values ('b11c69c6-632d-4fff-997e-ffd5d2065f1f','ea4bc412-c6e3-40e9-9753-275730216d50','TeamD','TeamA','2023-02-23T22:42:43+00:00');
insert into gridirongameevents(id,gameId,playType,period,teamFor,teamAgainst) values ('a0acbf61-63f3-4e2a-a0ab-5b216f3e6bc5','b11c69c6-632d-4fff-997e-ffd5d2065f1f','throw',1,'TeamA','TeamD');
insert into gridironthrows(eventId,playerThrowing,playerReceiving,yard,result) values ('a0acbf61-63f3-4e2a-a0ab-5b216f3e6bc5','Doppler','Daniel','79','2pt');
insert into gridirongameevents(id,gameId,playType,period,teamFor,teamAgainst) values ('1e89907b-dabf-48e8-8cdf-e088b9d6b167','b11c69c6-632d-4fff-997e-ffd5d2065f1f','safety',1,'TeamA','TeamD');
insert into gridirongameevents(id,gameId,playType,period,teamFor,teamAgainst) values ('ef5c7c8f-6c61-4b06-8e19-ed40583ef74d','b11c69c6-632d-4fff-997e-ffd5d2065f1f','rush',1,'TeamA','TeamD');
insert into gridironrushes(eventId,player,yard,result) values ('ef5c7c8f-6c61-4b06-8e19-ed40583ef74d','Denver',10,'2pt');
insert into gridirongameevents(id,gameId,playType,period,teamFor,teamAgainst) values ('f82be1fb-e03d-4723-8506-31867cdcb16f','b11c69c6-632d-4fff-997e-ffd5d2065f1f','rush',1,'TeamD','TeamA');
insert into gridironrushes(eventId,player,yard,result) values ('f82be1fb-e03d-4723-8506-31867cdcb16f','Caleb',28,'2pt');
insert into gridirongameevents(id,gameId,playType,period,teamFor,teamAgainst) values ('e8fb557f-51fd-406f-87d4-077c682ca6f4','b11c69c6-632d-4fff-997e-ffd5d2065f1f','rush',1,'TeamD','TeamA');
insert into gridironrushes(eventId,player,yard,result) values ('e8fb557f-51fd-406f-87d4-077c682ca6f4','Camel',95,'non-scoring');
insert into gridirongameevents(id,gameId,playType,period,teamFor,teamAgainst) values ('98151ff1-fb0f-4f25-a16d-4c89ece1484d','b11c69c6-632d-4fff-997e-ffd5d2065f1f','safety',1,'TeamA','TeamD');
insert into gridirongameevents(id,gameId,playType,period,teamFor,teamAgainst) values ('aaaa2730-0593-4a93-8350-342816b0251f','b11c69c6-632d-4fff-997e-ffd5d2065f1f','timeout',1,'TeamA','TeamD');
insert into gridirongameevents(id,gameId,playType,period,teamFor,teamAgainst) values ('36fbae78-a186-49f1-9d84-58b7f06f17c0','b11c69c6-632d-4fff-997e-ffd5d2065f1f','rush',1,'TeamA','TeamD');
insert into gridironrushes(eventId,player,yard,result) values ('36fbae78-a186-49f1-9d84-58b7f06f17c0','Doppler',3,'touchdown');
insert into gridirongameevents(id,gameId,playType,period,teamFor,teamAgainst) values ('66c66a20-3891-4992-9706-aa8ac88d6545','b11c69c6-632d-4fff-997e-ffd5d2065f1f','rush',1,'TeamD','TeamA');
insert into gridironrushes(eventId,player,yard,result) values ('66c66a20-3891-4992-9706-aa8ac88d6545','Cameron',24,'2pt');
insert into gridirongameevents(id,gameId,playType,period,teamFor,teamAgainst) values ('40d89dc7-1228-441a-bd8c-dbf6c86fb948','b11c69c6-632d-4fff-997e-ffd5d2065f1f','kick',1,'TeamD','TeamA');
insert into gridironkicks(eventId,player,yard,result) values ('40d89dc7-1228-441a-bd8c-dbf6c86fb948','Camel',23,'extra-kick');
insert into gridirongameevents(id,gameId,playType,period,teamFor,teamAgainst) values ('17896d33-7309-43eb-a397-c1ec7f6acb37','b11c69c6-632d-4fff-997e-ffd5d2065f1f','throw',1,'TeamA','TeamD');
insert into gridironthrows(eventId,playerThrowing,playerReceiving,yard,result) values ('17896d33-7309-43eb-a397-c1ec7f6acb37','Dapper','Daniel','-7','non-scoring');
insert into gridirongameevents(id,gameId,playType,period,teamFor,teamAgainst) values ('47d85959-349b-4db7-a698-b37c34d308bb','b11c69c6-632d-4fff-997e-ffd5d2065f1f','flag',1,'TeamD','TeamA');
insert into gridirongameevents(id,gameId,playType,period,teamFor,teamAgainst) values ('b53bd34a-8826-44a1-ba2e-fefb9e5c6714','b11c69c6-632d-4fff-997e-ffd5d2065f1f','kick',1,'TeamD','TeamA');
insert into gridironkicks(eventId,player,yard,result) values ('b53bd34a-8826-44a1-ba2e-fefb9e5c6714','Cameron',66,'extra-kick');
insert into gridirongameevents(id,gameId,playType,period,teamFor,teamAgainst) values ('44664639-e063-4665-9549-32c95ef51f80','b11c69c6-632d-4fff-997e-ffd5d2065f1f','rush',1,'TeamD','TeamA');
insert into gridironrushes(eventId,player,yard,result) values ('44664639-e063-4665-9549-32c95ef51f80','Cameron',26,'2pt');
insert into gridirongameevents(id,gameId,playType,period,teamFor,teamAgainst) values ('f123b96b-0d34-479b-b470-9210551ed208','b11c69c6-632d-4fff-997e-ffd5d2065f1f','timeout',1,'TeamA','TeamD');
insert into gridirongameevents(id,gameId,playType,period,teamFor,teamAgainst) values ('38146254-7c71-4ca2-b72e-14b5023288fc','b11c69c6-632d-4fff-997e-ffd5d2065f1f','timeout',1,'TeamA','TeamD');
insert into gridirongameevents(id,gameId,playType,period,teamFor,teamAgainst) values ('60ef5809-6b81-41e7-a7af-f25820addafb','b11c69c6-632d-4fff-997e-ffd5d2065f1f','timeout',1,'TeamD','TeamA');
insert into gridirongameevents(id,gameId,playType,period,teamFor,teamAgainst) values ('a5c3025a-9744-44f3-a5c1-6cfc52023f7e','b11c69c6-632d-4fff-997e-ffd5d2065f1f','flag',1,'TeamD','TeamA');
insert into gridirongameevents(id,gameId,playType,period,teamFor,teamAgainst) values ('43c801fb-5ad4-4194-ae11-d0c2726d7077','b11c69c6-632d-4fff-997e-ffd5d2065f1f','rush',1,'TeamD','TeamA');
insert into gridironrushes(eventId,player,yard,result) values ('43c801fb-5ad4-4194-ae11-d0c2726d7077','Camel',114,'2pt');
insert into gridirongameevents(id,gameId,playType,period,teamFor,teamAgainst) values ('b42bb5b2-ad5d-4d78-a8fa-43ed8be33a8a','b11c69c6-632d-4fff-997e-ffd5d2065f1f','flag',1,'TeamA','TeamD');
insert into gridirongameevents(id,gameId,playType,period,teamFor,teamAgainst) values ('46fca7d5-4a11-428d-af85-3a8f4c5ac8a4','b11c69c6-632d-4fff-997e-ffd5d2065f1f','turnover',1,'TeamD','TeamA');
insert into gridirongameevents(id,gameId,playType,period,teamFor,teamAgainst) values ('53c96178-396d-42bd-8d7b-a49f3e8fbc83','b11c69c6-632d-4fff-997e-ffd5d2065f1f','flag',1,'TeamD','TeamA');
insert into gridirongameevents(id,gameId,playType,period,teamFor,teamAgainst) values ('7df5ed42-772a-42b2-920f-b8aa05b379a6','b11c69c6-632d-4fff-997e-ffd5d2065f1f','rush',1,'TeamD','TeamA');
insert into gridironrushes(eventId,player,yard,result) values ('7df5ed42-772a-42b2-920f-b8aa05b379a6','Cody',-7,'non-scoring');
insert into gridirongameevents(id,gameId,playType,period,teamFor,teamAgainst) values ('165f9444-c645-4dfb-bd34-8075bbf2640a','b11c69c6-632d-4fff-997e-ffd5d2065f1f','safety',1,'TeamD','TeamA');
insert into gridirongameevents(id,gameId,playType,period,teamFor,teamAgainst) values ('037c50a9-e10e-4134-a4b5-e3979f43587c','b11c69c6-632d-4fff-997e-ffd5d2065f1f','turnover',1,'TeamA','TeamD');
insert into gridirongameevents(id,gameId,playType,period,teamFor,teamAgainst) values ('bc49c483-3927-4447-9518-889fe745f485','b11c69c6-632d-4fff-997e-ffd5d2065f1f','turnover',1,'TeamA','TeamD');
insert into gridirongameevents(id,gameId,playType,period,teamFor,teamAgainst) values ('01ee8522-18b2-4418-8f04-bc2a510d262e','b11c69c6-632d-4fff-997e-ffd5d2065f1f','turnover',1,'TeamA','TeamD');
insert into gridirongameevents(id,gameId,playType,period,teamFor,teamAgainst) values ('7a488092-c5b7-47f8-a5f0-3002ec441fbc','b11c69c6-632d-4fff-997e-ffd5d2065f1f','flag',1,'TeamA','TeamD');
insert into gridirongameevents(id,gameId,playType,period,teamFor,teamAgainst) values ('8821abe5-f57a-40ea-ab4c-2937312f0f0c','b11c69c6-632d-4fff-997e-ffd5d2065f1f','throw',1,'TeamA','TeamD');
insert into gridironthrows(eventId,playerThrowing,playerReceiving,yard,result) values ('8821abe5-f57a-40ea-ab4c-2937312f0f0c','Dapper','Dickson','28','miss');
insert into gridirongameevents(id,gameId,playType,period,teamFor,teamAgainst) values ('ebc93fa9-1ae2-4f37-887a-a3f1ea7f78ee','b11c69c6-632d-4fff-997e-ffd5d2065f1f','rush',1,'TeamA','TeamD');
insert into gridironrushes(eventId,player,yard,result) values ('ebc93fa9-1ae2-4f37-887a-a3f1ea7f78ee','Dickson',97,'2pt');
insert into gridirongameevents(id,gameId,playType,period,teamFor,teamAgainst) values ('9943e55a-1cf3-46e7-bd8d-859252574102','b11c69c6-632d-4fff-997e-ffd5d2065f1f','rush',1,'TeamD','TeamA');
insert into gridironrushes(eventId,player,yard,result) values ('9943e55a-1cf3-46e7-bd8d-859252574102','Cameron',106,'non-scoring');
insert into gridirongameevents(id,gameId,playType,period,teamFor,teamAgainst) values ('33efbb04-736b-4b4b-969b-8f28d2e7ee4a','b11c69c6-632d-4fff-997e-ffd5d2065f1f','rush',1,'TeamD','TeamA');
insert into gridironrushes(eventId,player,yard,result) values ('33efbb04-736b-4b4b-969b-8f28d2e7ee4a','Cody',99,'non-scoring');
insert into gridirongameevents(id,gameId,playType,period,teamFor,teamAgainst) values ('78acd05b-2b0f-4632-9704-73f9b7c36080','b11c69c6-632d-4fff-997e-ffd5d2065f1f','flag',1,'TeamA','TeamD');
insert into gridirongameevents(id,gameId,playType,period,teamFor,teamAgainst) values ('d4f3cacc-93ae-4667-b668-36b0770e00eb','b11c69c6-632d-4fff-997e-ffd5d2065f1f','flag',1,'TeamA','TeamD');
insert into gridirongameevents(id,gameId,playType,period,teamFor,teamAgainst) values ('a05c365b-7873-4956-8d83-cbf3b5e0d68d','b11c69c6-632d-4fff-997e-ffd5d2065f1f','flag',1,'TeamD','TeamA');
insert into gridirongameevents(id,gameId,playType,period,teamFor,teamAgainst) values ('fba29ed3-219a-49a8-8e1d-dd9bdddc01be','b11c69c6-632d-4fff-997e-ffd5d2065f1f','throw',1,'TeamD','TeamA');
insert into gridironthrows(eventId,playerThrowing,playerReceiving,yard,result) values ('fba29ed3-219a-49a8-8e1d-dd9bdddc01be','Camel','Cody','3','2pt');
insert into gridirongameevents(id,gameId,playType,period,teamFor,teamAgainst) values ('7a36867c-8ed2-42e9-855a-82cf34ce0e8a','b11c69c6-632d-4fff-997e-ffd5d2065f1f','turnover',1,'TeamD','TeamA');
insert into gridirongameevents(id,gameId,playType,period,teamFor,teamAgainst) values ('dceed656-c36c-48b1-8dac-f803d0a80544','b11c69c6-632d-4fff-997e-ffd5d2065f1f','timeout',1,'TeamA','TeamD');
insert into gridirongameevents(id,gameId,playType,period,teamFor,teamAgainst) values ('0cffdb3c-3a5e-4824-835d-a3cad46fd2ec','b11c69c6-632d-4fff-997e-ffd5d2065f1f','turnover',1,'TeamA','TeamD');
insert into gridirongameevents(id,gameId,playType,period,teamFor,teamAgainst) values ('947ffc6b-4a14-4eea-b291-b8c1dfd36322','b11c69c6-632d-4fff-997e-ffd5d2065f1f','turnover',1,'TeamA','TeamD');
insert into gridirongameevents(id,gameId,playType,period,teamFor,teamAgainst) values ('3c4e12df-67c8-4209-91ef-6eb11454ed5a','b11c69c6-632d-4fff-997e-ffd5d2065f1f','flag',1,'TeamA','TeamD');
insert into gridirongameevents(id,gameId,playType,period,teamFor,teamAgainst) values ('50c0af64-c6b2-4c45-8c1d-0275be48ac6f','b11c69c6-632d-4fff-997e-ffd5d2065f1f','timeout',1,'TeamA','TeamD');
insert into gridirongameevents(id,gameId,playType,period,teamFor,teamAgainst) values ('70ab7316-145a-4f39-80b3-2eac1f0ddc65','b11c69c6-632d-4fff-997e-ffd5d2065f1f','timeout',1,'TeamD','TeamA');
insert into gridirongameevents(id,gameId,playType,period,teamFor,teamAgainst) values ('7dda9cab-791e-4ed8-b708-87ccc6fad2cf','b11c69c6-632d-4fff-997e-ffd5d2065f1f','timeout',1,'TeamA','TeamD');
insert into gridirongameevents(id,gameId,playType,period,teamFor,teamAgainst) values ('c173fb1f-794d-4072-a5da-a4aac6beafbd','b11c69c6-632d-4fff-997e-ffd5d2065f1f','flag',1,'TeamA','TeamD');
insert into gridirongameevents(id,gameId,playType,period,teamFor,teamAgainst) values ('c812f3f1-b673-4a1b-87f9-74a91c0f61a1','b11c69c6-632d-4fff-997e-ffd5d2065f1f','rush',1,'TeamA','TeamD');
insert into gridironrushes(eventId,player,yard,result) values ('c812f3f1-b673-4a1b-87f9-74a91c0f61a1','Dapper',75,'2pt');
insert into gridirongameevents(id,gameId,playType,period,teamFor,teamAgainst) values ('481c5ae2-f7e2-4fe4-8755-36d838783a0a','b11c69c6-632d-4fff-997e-ffd5d2065f1f','rush',1,'TeamA','TeamD');
insert into gridironrushes(eventId,player,yard,result) values ('481c5ae2-f7e2-4fe4-8755-36d838783a0a','Doppler',-9,'non-scoring');
insert into gridirongameevents(id,gameId,playType,period,teamFor,teamAgainst) values ('bb78fa82-60e2-4076-a0af-1fbaf8d3b651','b11c69c6-632d-4fff-997e-ffd5d2065f1f','safety',1,'TeamD','TeamA');
insert into gridirongameevents(id,gameId,playType,period,teamFor,teamAgainst) values ('5a5e4dbf-0f86-4c88-b287-7bf66a8a50ad','b11c69c6-632d-4fff-997e-ffd5d2065f1f','turnover',1,'TeamA','TeamD');
insert into gridirongameevents(id,gameId,playType,period,teamFor,teamAgainst) values ('976a5107-d415-42cd-aa5c-1d64c9fd3c66','b11c69c6-632d-4fff-997e-ffd5d2065f1f','throw',1,'TeamA','TeamD');
insert into gridironthrows(eventId,playerThrowing,playerReceiving,yard,result) values ('976a5107-d415-42cd-aa5c-1d64c9fd3c66','Doppler','Denver','82','touchdown');
insert into gridirongameevents(id,gameId,playType,period,teamFor,teamAgainst) values ('29af8d63-f677-48c2-8e7e-c249a1db7fc9','b11c69c6-632d-4fff-997e-ffd5d2065f1f','flag',1,'TeamD','TeamA');
insert into gridirongameevents(id,gameId,playType,period,teamFor,teamAgainst) values ('11cb7ce3-f095-49a7-a0fb-33c1bbc0f1ae','b11c69c6-632d-4fff-997e-ffd5d2065f1f','rush',1,'TeamD','TeamA');
insert into gridironrushes(eventId,player,yard,result) values ('11cb7ce3-f095-49a7-a0fb-33c1bbc0f1ae','Camel',109,'touchdown');
insert into gridirongameevents(id,gameId,playType,period,teamFor,teamAgainst) values ('030efcb7-36ee-42fb-adf4-a7f6866d2e17','b11c69c6-632d-4fff-997e-ffd5d2065f1f','flag',1,'TeamD','TeamA');
insert into gridirongameevents(id,gameId,playType,period,teamFor,teamAgainst) values ('d1b6fae4-9804-48f2-a7d6-dc8c8f8f5c10','b11c69c6-632d-4fff-997e-ffd5d2065f1f','throw',1,'TeamD','TeamA');
insert into gridironthrows(eventId,playerThrowing,playerReceiving,yard,result) values ('d1b6fae4-9804-48f2-a7d6-dc8c8f8f5c10','Cauchy','Camel','75','touchdown');
insert into gridirongameevents(id,gameId,playType,period,teamFor,teamAgainst) values ('68694f47-921d-4e2c-9e6c-04dc1886d143','b11c69c6-632d-4fff-997e-ffd5d2065f1f','kick',1,'TeamA','TeamD');
insert into gridironkicks(eventId,player,yard,result) values ('68694f47-921d-4e2c-9e6c-04dc1886d143','Doppler',44,'field-goal');
insert into gridirongameevents(id,gameId,playType,period,teamFor,teamAgainst) values ('46f5021b-4dd0-4594-97c1-06a342e4ede6','b11c69c6-632d-4fff-997e-ffd5d2065f1f','timeout',1,'TeamA','TeamD');
insert into gridirongameevents(id,gameId,playType,period,teamFor,teamAgainst) values ('6fec3bef-79b6-4b66-b481-f289e212f2ea','b11c69c6-632d-4fff-997e-ffd5d2065f1f','rush',1,'TeamD','TeamA');
insert into gridironrushes(eventId,player,yard,result) values ('6fec3bef-79b6-4b66-b481-f289e212f2ea','Caleb',52,'non-scoring');
insert into gridirongameevents(id,gameId,playType,period,teamFor,teamAgainst) values ('59229b0f-5d7a-4f64-bfaa-3ec672c64641','b11c69c6-632d-4fff-997e-ffd5d2065f1f','throw',1,'TeamD','TeamA');
insert into gridironthrows(eventId,playerThrowing,playerReceiving,yard,result) values ('59229b0f-5d7a-4f64-bfaa-3ec672c64641','Cameron','Caleb','26','non-scoring');
insert into gridirongameevents(id,gameId,playType,period,teamFor,teamAgainst) values ('42151fb2-039a-4f27-8558-d3ddddcd2137','b11c69c6-632d-4fff-997e-ffd5d2065f1f','kick',1,'TeamD','TeamA');
insert into gridironkicks(eventId,player,yard,result) values ('42151fb2-039a-4f27-8558-d3ddddcd2137','Camel',47,'miss');
insert into gridirongameevents(id,gameId,playType,period,teamFor,teamAgainst) values ('6851ac45-1c5f-4729-8fc7-d243d174f277','b11c69c6-632d-4fff-997e-ffd5d2065f1f','rush',1,'TeamD','TeamA');
insert into gridironrushes(eventId,player,yard,result) values ('6851ac45-1c5f-4729-8fc7-d243d174f277','Cody',60,'touchdown');
insert into gridirongameevents(id,gameId,playType,period,teamFor,teamAgainst) values ('f673ccf1-9a18-418d-acc0-6e4ca52bb0f3','b11c69c6-632d-4fff-997e-ffd5d2065f1f','throw',1,'TeamD','TeamA');
insert into gridironthrows(eventId,playerThrowing,playerReceiving,yard,result) values ('f673ccf1-9a18-418d-acc0-6e4ca52bb0f3','Cody','Caleb','50','non-scoring');
insert into gridirongameevents(id,gameId,playType,period,teamFor,teamAgainst) values ('03d3b221-2b5c-4846-8628-5547811104d8','b11c69c6-632d-4fff-997e-ffd5d2065f1f','throw',1,'TeamD','TeamA');
insert into gridironthrows(eventId,playerThrowing,playerReceiving,yard,result) values ('03d3b221-2b5c-4846-8628-5547811104d8','Camel','Cody','112','non-scoring');
insert into gridirongameevents(id,gameId,playType,period,teamFor,teamAgainst) values ('a79ccfb7-b85c-49f2-845c-11ef9ae3d6b7','b11c69c6-632d-4fff-997e-ffd5d2065f1f','throw',1,'TeamD','TeamA');
insert into gridironthrows(eventId,playerThrowing,playerReceiving,yard,result) values ('a79ccfb7-b85c-49f2-845c-11ef9ae3d6b7','Cameron','Caleb','5','2pt');
insert into gridirongameevents(id,gameId,playType,period,teamFor,teamAgainst) values ('e25fc6c6-1a72-45f1-8f2c-e63ef28af818','b11c69c6-632d-4fff-997e-ffd5d2065f1f','throw',1,'TeamA','TeamD');
insert into gridironthrows(eventId,playerThrowing,playerReceiving,yard,result) values ('e25fc6c6-1a72-45f1-8f2c-e63ef28af818','Dapper','Doppler','75','touchdown');
insert into gridirongameevents(id,gameId,playType,period,teamFor,teamAgainst) values ('457e6888-3307-49cf-a1c2-d883136ed47e','b11c69c6-632d-4fff-997e-ffd5d2065f1f','rush',1,'TeamA','TeamD');
insert into gridironrushes(eventId,player,yard,result) values ('457e6888-3307-49cf-a1c2-d883136ed47e','Denver',64,'2pt');
insert into gridirongameevents(id,gameId,playType,period,teamFor,teamAgainst) values ('85b37b89-0077-47c4-bf69-59e071fddeda','b11c69c6-632d-4fff-997e-ffd5d2065f1f','throw',1,'TeamD','TeamA');
insert into gridironthrows(eventId,playerThrowing,playerReceiving,yard,result) values ('85b37b89-0077-47c4-bf69-59e071fddeda','Cauchy','Camel','66','miss');
insert into gridirongameevents(id,gameId,playType,period,teamFor,teamAgainst) values ('8f30fb44-c19e-42af-949f-720621166ca9','b11c69c6-632d-4fff-997e-ffd5d2065f1f','turnover',1,'TeamA','TeamD');
insert into gridirongameevents(id,gameId,playType,period,teamFor,teamAgainst) values ('295a61d3-2e47-4e15-8725-cf9ac964210a','b11c69c6-632d-4fff-997e-ffd5d2065f1f','turnover',1,'TeamA','TeamD');
insert into gridirongameevents(id,gameId,playType,period,teamFor,teamAgainst) values ('c5040546-18bc-495d-9e5c-6955ad3fe801','b11c69c6-632d-4fff-997e-ffd5d2065f1f','throw',1,'TeamA','TeamD');
insert into gridironthrows(eventId,playerThrowing,playerReceiving,yard,result) values ('c5040546-18bc-495d-9e5c-6955ad3fe801','Doppler','Dapper','111','2pt');
insert into gridirongameevents(id,gameId,playType,period,teamFor,teamAgainst) values ('0710e974-4234-4adc-bfdb-642bb1523b91','b11c69c6-632d-4fff-997e-ffd5d2065f1f','timeout',1,'TeamD','TeamA');
insert into gridirongameevents(id,gameId,playType,period,teamFor,teamAgainst) values ('05874540-b055-4ba5-8cf6-8bd2a9e73b8f','b11c69c6-632d-4fff-997e-ffd5d2065f1f','flag',1,'TeamD','TeamA');
insert into gridirongameevents(id,gameId,playType,period,teamFor,teamAgainst) values ('9768cacd-cea4-4b8d-9a35-b8ba785c2c1c','b11c69c6-632d-4fff-997e-ffd5d2065f1f','rush',1,'TeamD','TeamA');
insert into gridironrushes(eventId,player,yard,result) values ('9768cacd-cea4-4b8d-9a35-b8ba785c2c1c','Cameron',55,'2pt');
insert into gridirongameevents(id,gameId,playType,period,teamFor,teamAgainst) values ('55f248c7-6127-421e-b973-075d5041485c','b11c69c6-632d-4fff-997e-ffd5d2065f1f','safety',1,'TeamD','TeamA');
insert into gridirongameevents(id,gameId,playType,period,teamFor,teamAgainst) values ('a8e97675-489f-4c63-af79-fb0fee40afe4','b11c69c6-632d-4fff-997e-ffd5d2065f1f','rush',1,'TeamD','TeamA');
insert into gridironrushes(eventId,player,yard,result) values ('a8e97675-489f-4c63-af79-fb0fee40afe4','Camel',37,'2pt');
insert into gridirongameevents(id,gameId,playType,period,teamFor,teamAgainst) values ('7e360ea9-277b-4735-a1e1-02f1f0dac244','b11c69c6-632d-4fff-997e-ffd5d2065f1f','timeout',1,'TeamD','TeamA');
insert into gridirongameevents(id,gameId,playType,period,teamFor,teamAgainst) values ('43e77784-b2c6-419a-bc98-121b12c77ecd','b11c69c6-632d-4fff-997e-ffd5d2065f1f','flag',1,'TeamD','TeamA');
insert into gridirongameevents(id,gameId,playType,period,teamFor,teamAgainst) values ('d7cc0c79-f81c-456d-aa95-12abccd70ccd','b11c69c6-632d-4fff-997e-ffd5d2065f1f','timeout',1,'TeamA','TeamD');
insert into gridirongameevents(id,gameId,playType,period,teamFor,teamAgainst) values ('646ecd92-aa8a-46f9-8771-233c71e51b5e','b11c69c6-632d-4fff-997e-ffd5d2065f1f','rush',1,'TeamD','TeamA');
insert into gridironrushes(eventId,player,yard,result) values ('646ecd92-aa8a-46f9-8771-233c71e51b5e','Caleb',9,'non-scoring');
insert into gridirongameevents(id,gameId,playType,period,teamFor,teamAgainst) values ('55b747d6-da56-44cb-b660-8f48cb87bd9a','b11c69c6-632d-4fff-997e-ffd5d2065f1f','turnover',1,'TeamD','TeamA');
insert into gridirongameevents(id,gameId,playType,period,teamFor,teamAgainst) values ('5a6d2307-b5c8-4720-b8d7-57ea36b3d7e2','b11c69c6-632d-4fff-997e-ffd5d2065f1f','flag',1,'TeamD','TeamA');
insert into gridirongameevents(id,gameId,playType,period,teamFor,teamAgainst) values ('d067bf16-e10f-4fe0-8eeb-827c41dce39d','b11c69c6-632d-4fff-997e-ffd5d2065f1f','flag',1,'TeamD','TeamA');
insert into gridirongameevents(id,gameId,playType,period,teamFor,teamAgainst) values ('ec586ec2-c8dc-4a8c-aef2-c510ce5441ad','b11c69c6-632d-4fff-997e-ffd5d2065f1f','kick',1,'TeamD','TeamA');
insert into gridironkicks(eventId,player,yard,result) values ('ec586ec2-c8dc-4a8c-aef2-c510ce5441ad','Cameron',108,'extra-kick');
insert into gridirongameevents(id,gameId,playType,period,teamFor,teamAgainst) values ('2d3b7171-435d-464b-a57d-9607330f56eb','b11c69c6-632d-4fff-997e-ffd5d2065f1f','kick',1,'TeamD','TeamA');
insert into gridironkicks(eventId,player,yard,result) values ('2d3b7171-435d-464b-a57d-9607330f56eb','Camel',96,'miss');
insert into gridirongameevents(id,gameId,playType,period,teamFor,teamAgainst) values ('077ccedb-2878-48ae-85cd-c5f98a82e4c3','b11c69c6-632d-4fff-997e-ffd5d2065f1f','rush',1,'TeamA','TeamD');
insert into gridironrushes(eventId,player,yard,result) values ('077ccedb-2878-48ae-85cd-c5f98a82e4c3','Doppler',51,'non-scoring');
insert into gridirongameevents(id,gameId,playType,period,teamFor,teamAgainst) values ('69330298-a2d5-4819-b398-754a170556db','b11c69c6-632d-4fff-997e-ffd5d2065f1f','turnover',1,'TeamD','TeamA');
insert into gridirongameevents(id,gameId,playType,period,teamFor,teamAgainst) values ('deeb56a1-0950-4afd-aa78-524cd8d86346','b11c69c6-632d-4fff-997e-ffd5d2065f1f','flag',1,'TeamD','TeamA');
insert into gridirongameevents(id,gameId,playType,period,teamFor,teamAgainst) values ('1e4234a4-0e0b-4733-9819-e6ca75fcd632','b11c69c6-632d-4fff-997e-ffd5d2065f1f','timeout',1,'TeamA','TeamD');
insert into gridirongameevents(id,gameId,playType,period,teamFor,teamAgainst) values ('14c0b39e-9039-4d9c-9d93-4c695aee7ac6','b11c69c6-632d-4fff-997e-ffd5d2065f1f','timeout',1,'TeamA','TeamD');
insert into gridirongameevents(id,gameId,playType,period,teamFor,teamAgainst) values ('749f16fd-19f8-4189-9759-f12b36849863','b11c69c6-632d-4fff-997e-ffd5d2065f1f','safety',1,'TeamA','TeamD');
insert into gridirongameevents(id,gameId,playType,period,teamFor,teamAgainst) values ('17155cbe-8c48-4472-bcd6-76d4ba46b678','b11c69c6-632d-4fff-997e-ffd5d2065f1f','kick',1,'TeamA','TeamD');
insert into gridironkicks(eventId,player,yard,result) values ('17155cbe-8c48-4472-bcd6-76d4ba46b678','Denver',42,'field-goal');
insert into gridirongameevents(id,gameId,playType,period,teamFor,teamAgainst) values ('f7c40c8b-a30b-45f3-a665-6095b401d62b','b11c69c6-632d-4fff-997e-ffd5d2065f1f','throw',1,'TeamA','TeamD');
insert into gridironthrows(eventId,playerThrowing,playerReceiving,yard,result) values ('f7c40c8b-a30b-45f3-a665-6095b401d62b','Dapper','Doppler','67','touchdown');
insert into gridirongameevents(id,gameId,playType,period,teamFor,teamAgainst) values ('6957ec39-3f17-410d-8ced-36c86178d2e8','b11c69c6-632d-4fff-997e-ffd5d2065f1f','throw',1,'TeamA','TeamD');
insert into gridironthrows(eventId,playerThrowing,playerReceiving,yard,result) values ('6957ec39-3f17-410d-8ced-36c86178d2e8','Denver','Doppler','-4','miss');
insert into gridirongameevents(id,gameId,playType,period,teamFor,teamAgainst) values ('728c6ac6-a380-426e-8776-6f9aa3d35509','b11c69c6-632d-4fff-997e-ffd5d2065f1f','timeout',1,'TeamA','TeamD');
insert into gridirongameevents(id,gameId,playType,period,teamFor,teamAgainst) values ('88d6ad6b-7f6b-4508-8392-106302013215','b11c69c6-632d-4fff-997e-ffd5d2065f1f','flag',1,'TeamA','TeamD');
insert into gridirongameevents(id,gameId,playType,period,teamFor,teamAgainst) values ('40b2559d-3439-4bce-88fd-f5cf5eb74418','b11c69c6-632d-4fff-997e-ffd5d2065f1f','timeout',1,'TeamA','TeamD');
insert into gridirongameevents(id,gameId,playType,period,teamFor,teamAgainst) values ('cc4d0520-76b4-4ab8-8903-f03ed76d7414','b11c69c6-632d-4fff-997e-ffd5d2065f1f','flag',1,'TeamA','TeamD');
insert into gridirongameevents(id,gameId,playType,period,teamFor,teamAgainst) values ('d6bb7b8e-288d-4cfd-8ff5-501f612a7caa','b11c69c6-632d-4fff-997e-ffd5d2065f1f','timeout',1,'TeamD','TeamA');
insert into gridirongameevents(id,gameId,playType,period,teamFor,teamAgainst) values ('b17a87b2-c53a-414f-b892-a4bbbf6375a5','b11c69c6-632d-4fff-997e-ffd5d2065f1f','rush',1,'TeamD','TeamA');
insert into gridironrushes(eventId,player,yard,result) values ('b17a87b2-c53a-414f-b892-a4bbbf6375a5','Cauchy',5,'non-scoring');
insert into gridirongameevents(id,gameId,playType,period,teamFor,teamAgainst) values ('9efa79bc-dbc9-468f-8a9a-c49a268ad9b3','b11c69c6-632d-4fff-997e-ffd5d2065f1f','throw',1,'TeamA','TeamD');
insert into gridironthrows(eventId,playerThrowing,playerReceiving,yard,result) values ('9efa79bc-dbc9-468f-8a9a-c49a268ad9b3','Doppler','Daniel','102','touchdown');
insert into gridirongameevents(id,gameId,playType,period,teamFor,teamAgainst) values ('a80cb502-a78b-489b-bb92-3a22a98ae4c6','b11c69c6-632d-4fff-997e-ffd5d2065f1f','safety',1,'TeamA','TeamD');
insert into gridirongameevents(id,gameId,playType,period,teamFor,teamAgainst) values ('862440a4-2410-4b9c-a5e1-3f139c936291','b11c69c6-632d-4fff-997e-ffd5d2065f1f','timeout',2,'TeamA','TeamD');
insert into gridirongameevents(id,gameId,playType,period,teamFor,teamAgainst) values ('b481f958-4968-4297-912a-96551413ebec','b11c69c6-632d-4fff-997e-ffd5d2065f1f','throw',2,'TeamD','TeamA');
insert into gridironthrows(eventId,playerThrowing,playerReceiving,yard,result) values ('b481f958-4968-4297-912a-96551413ebec','Cody','Caleb','15','non-scoring');
insert into gridirongameevents(id,gameId,playType,period,teamFor,teamAgainst) values ('afcd344c-985b-44cd-9d24-b959dfdf42fc','b11c69c6-632d-4fff-997e-ffd5d2065f1f','turnover',2,'TeamD','TeamA');
insert into gridirongameevents(id,gameId,playType,period,teamFor,teamAgainst) values ('3833e3ee-8e54-46fa-a137-57a92615bc89','b11c69c6-632d-4fff-997e-ffd5d2065f1f','turnover',2,'TeamA','TeamD');
insert into gridirongameevents(id,gameId,playType,period,teamFor,teamAgainst) values ('aaa78a4b-fbf6-48f6-a2fb-490634b983cb','b11c69c6-632d-4fff-997e-ffd5d2065f1f','turnover',2,'TeamD','TeamA');
insert into gridirongameevents(id,gameId,playType,period,teamFor,teamAgainst) values ('dda2a90b-675b-4f51-9192-277e825522be','b11c69c6-632d-4fff-997e-ffd5d2065f1f','flag',2,'TeamD','TeamA');
insert into gridirongameevents(id,gameId,playType,period,teamFor,teamAgainst) values ('52e7d8aa-355f-4735-8b2b-409046f73156','b11c69c6-632d-4fff-997e-ffd5d2065f1f','rush',2,'TeamA','TeamD');
insert into gridironrushes(eventId,player,yard,result) values ('52e7d8aa-355f-4735-8b2b-409046f73156','Denver',-2,'non-scoring');
insert into gridirongameevents(id,gameId,playType,period,teamFor,teamAgainst) values ('234d2170-150d-4cf8-b4de-ccd27da9507c','b11c69c6-632d-4fff-997e-ffd5d2065f1f','flag',2,'TeamA','TeamD');
insert into gridirongameevents(id,gameId,playType,period,teamFor,teamAgainst) values ('9a5538bf-347d-4fca-aadb-1c6aa5c3efe6','b11c69c6-632d-4fff-997e-ffd5d2065f1f','kick',2,'TeamA','TeamD');
insert into gridironkicks(eventId,player,yard,result) values ('9a5538bf-347d-4fca-aadb-1c6aa5c3efe6','Daniel',87,'extra-kick');
insert into gridirongameevents(id,gameId,playType,period,teamFor,teamAgainst) values ('cecdd326-2ae6-4d94-baa6-18e6a5ad1993','b11c69c6-632d-4fff-997e-ffd5d2065f1f','safety',2,'TeamA','TeamD');
insert into gridirongameevents(id,gameId,playType,period,teamFor,teamAgainst) values ('21be5eff-1523-4f2b-871e-664070c8baef','b11c69c6-632d-4fff-997e-ffd5d2065f1f','turnover',2,'TeamD','TeamA');
insert into gridirongameevents(id,gameId,playType,period,teamFor,teamAgainst) values ('5d886b10-3e9b-4f6c-bdde-5047dc23da09','b11c69c6-632d-4fff-997e-ffd5d2065f1f','rush',2,'TeamD','TeamA');
insert into gridironrushes(eventId,player,yard,result) values ('5d886b10-3e9b-4f6c-bdde-5047dc23da09','Camel',45,'touchdown');
insert into gridirongameevents(id,gameId,playType,period,teamFor,teamAgainst) values ('41296e38-93a4-44ce-a6ea-396760d49c27','b11c69c6-632d-4fff-997e-ffd5d2065f1f','flag',2,'TeamD','TeamA');
insert into gridirongameevents(id,gameId,playType,period,teamFor,teamAgainst) values ('5cc5e1f7-605a-4e5b-ad78-c9a115d8bf4e','b11c69c6-632d-4fff-997e-ffd5d2065f1f','rush',2,'TeamD','TeamA');
insert into gridironrushes(eventId,player,yard,result) values ('5cc5e1f7-605a-4e5b-ad78-c9a115d8bf4e','Cameron',48,'touchdown');
insert into gridirongameevents(id,gameId,playType,period,teamFor,teamAgainst) values ('f974abae-c454-41fe-ad04-6a14f6c7d396','b11c69c6-632d-4fff-997e-ffd5d2065f1f','throw',2,'TeamD','TeamA');
insert into gridironthrows(eventId,playerThrowing,playerReceiving,yard,result) values ('f974abae-c454-41fe-ad04-6a14f6c7d396','Cauchy','Cameron','36','non-scoring');
insert into gridirongameevents(id,gameId,playType,period,teamFor,teamAgainst) values ('4469236f-4cc9-41bd-9f54-25aa26d78ea4','b11c69c6-632d-4fff-997e-ffd5d2065f1f','flag',2,'TeamD','TeamA');
insert into gridirongameevents(id,gameId,playType,period,teamFor,teamAgainst) values ('b09d06fc-cef2-4827-aa59-a92eb9ee5401','b11c69c6-632d-4fff-997e-ffd5d2065f1f','rush',2,'TeamD','TeamA');
insert into gridironrushes(eventId,player,yard,result) values ('b09d06fc-cef2-4827-aa59-a92eb9ee5401','Caleb',69,'non-scoring');
insert into gridirongameevents(id,gameId,playType,period,teamFor,teamAgainst) values ('710e816b-10dd-478f-a02b-629fc26c4b01','b11c69c6-632d-4fff-997e-ffd5d2065f1f','timeout',2,'TeamD','TeamA');
insert into gridirongameevents(id,gameId,playType,period,teamFor,teamAgainst) values ('7f72b71f-635e-4eb9-a691-f6cda4b6a917','b11c69c6-632d-4fff-997e-ffd5d2065f1f','rush',2,'TeamD','TeamA');
insert into gridironrushes(eventId,player,yard,result) values ('7f72b71f-635e-4eb9-a691-f6cda4b6a917','Cauchy',55,'2pt');
insert into gridirongameevents(id,gameId,playType,period,teamFor,teamAgainst) values ('7d644252-016e-4d15-8723-b6d581160078','b11c69c6-632d-4fff-997e-ffd5d2065f1f','timeout',2,'TeamD','TeamA');
insert into gridirongameevents(id,gameId,playType,period,teamFor,teamAgainst) values ('0bab800e-9e8e-4df1-ac87-4338dac12381','b11c69c6-632d-4fff-997e-ffd5d2065f1f','rush',2,'TeamD','TeamA');
insert into gridironrushes(eventId,player,yard,result) values ('0bab800e-9e8e-4df1-ac87-4338dac12381','Caleb',91,'2pt');
insert into gridirongameevents(id,gameId,playType,period,teamFor,teamAgainst) values ('72026215-6843-46ec-ba75-3e060bb42f39','b11c69c6-632d-4fff-997e-ffd5d2065f1f','flag',2,'TeamA','TeamD');
insert into gridirongameevents(id,gameId,playType,period,teamFor,teamAgainst) values ('4f5ac8e3-a8a3-4526-b03d-8c9b6fbdc6fe','b11c69c6-632d-4fff-997e-ffd5d2065f1f','timeout',2,'TeamD','TeamA');
insert into gridirongameevents(id,gameId,playType,period,teamFor,teamAgainst) values ('828ec65c-40fb-4e4b-a5a0-29bab3306968','b11c69c6-632d-4fff-997e-ffd5d2065f1f','rush',2,'TeamD','TeamA');
insert into gridironrushes(eventId,player,yard,result) values ('828ec65c-40fb-4e4b-a5a0-29bab3306968','Cody',120,'2pt');
insert into gridirongameevents(id,gameId,playType,period,teamFor,teamAgainst) values ('4db147c5-61c0-4d45-9888-717922605176','b11c69c6-632d-4fff-997e-ffd5d2065f1f','kick',2,'TeamD','TeamA');
insert into gridironkicks(eventId,player,yard,result) values ('4db147c5-61c0-4d45-9888-717922605176','Cameron',113,'miss');
insert into gridirongameevents(id,gameId,playType,period,teamFor,teamAgainst) values ('c562e5a1-ab82-49bc-add5-5492036683f6','b11c69c6-632d-4fff-997e-ffd5d2065f1f','kick',2,'TeamA','TeamD');
insert into gridironkicks(eventId,player,yard,result) values ('c562e5a1-ab82-49bc-add5-5492036683f6','Denver',9,'field-goal');
insert into gridirongameevents(id,gameId,playType,period,teamFor,teamAgainst) values ('723f6cc3-ee2b-4761-b897-b88fffd9d7d8','b11c69c6-632d-4fff-997e-ffd5d2065f1f','timeout',2,'TeamA','TeamD');
insert into gridirongameevents(id,gameId,playType,period,teamFor,teamAgainst) values ('759221d2-4551-455b-aa65-b9d016606368','b11c69c6-632d-4fff-997e-ffd5d2065f1f','kick',2,'TeamD','TeamA');
insert into gridironkicks(eventId,player,yard,result) values ('759221d2-4551-455b-aa65-b9d016606368','Caleb',51,'extra-kick');
insert into gridirongameevents(id,gameId,playType,period,teamFor,teamAgainst) values ('1c33cabb-bb7d-4abc-9224-4faadcc18c2c','b11c69c6-632d-4fff-997e-ffd5d2065f1f','turnover',2,'TeamA','TeamD');
insert into gridirongameevents(id,gameId,playType,period,teamFor,teamAgainst) values ('d604fc58-5459-45b4-be08-76b4e165c11d','b11c69c6-632d-4fff-997e-ffd5d2065f1f','flag',2,'TeamA','TeamD');
insert into gridirongameevents(id,gameId,playType,period,teamFor,teamAgainst) values ('fdfcd3b0-9270-444d-a848-56055ccd073c','b11c69c6-632d-4fff-997e-ffd5d2065f1f','flag',2,'TeamD','TeamA');
insert into gridirongameevents(id,gameId,playType,period,teamFor,teamAgainst) values ('7009d6d0-c9c3-4f2f-9f36-216e7f554442','b11c69c6-632d-4fff-997e-ffd5d2065f1f','flag',2,'TeamD','TeamA');
insert into gridirongameevents(id,gameId,playType,period,teamFor,teamAgainst) values ('ef107167-bf92-40c5-bd11-7e203e80aeb5','b11c69c6-632d-4fff-997e-ffd5d2065f1f','safety',2,'TeamD','TeamA');
insert into gridirongameevents(id,gameId,playType,period,teamFor,teamAgainst) values ('7ed3ff73-3dba-4f00-b833-8470bf3aaafc','b11c69c6-632d-4fff-997e-ffd5d2065f1f','throw',2,'TeamA','TeamD');
insert into gridironthrows(eventId,playerThrowing,playerReceiving,yard,result) values ('7ed3ff73-3dba-4f00-b833-8470bf3aaafc','Dapper','Daniel','33','2pt');
insert into gridirongameevents(id,gameId,playType,period,teamFor,teamAgainst) values ('95a4052d-87e7-433d-aac3-eaeeb340747a','b11c69c6-632d-4fff-997e-ffd5d2065f1f','rush',2,'TeamD','TeamA');
insert into gridironrushes(eventId,player,yard,result) values ('95a4052d-87e7-433d-aac3-eaeeb340747a','Cameron',4,'non-scoring');
insert into gridirongameevents(id,gameId,playType,period,teamFor,teamAgainst) values ('61705128-c1d4-4bb8-a65d-4eecba446668','b11c69c6-632d-4fff-997e-ffd5d2065f1f','timeout',2,'TeamA','TeamD');
insert into gridirongameevents(id,gameId,playType,period,teamFor,teamAgainst) values ('4b0a39a9-d718-46c7-aadf-cdcba20d9e59','b11c69c6-632d-4fff-997e-ffd5d2065f1f','turnover',2,'TeamA','TeamD');
insert into gridirongameevents(id,gameId,playType,period,teamFor,teamAgainst) values ('3c1cf7dc-e6ff-4c8e-9cdc-81e488ad2f3f','b11c69c6-632d-4fff-997e-ffd5d2065f1f','kick',2,'TeamD','TeamA');
insert into gridironkicks(eventId,player,yard,result) values ('3c1cf7dc-e6ff-4c8e-9cdc-81e488ad2f3f','Camel',107,'miss');
insert into gridirongameevents(id,gameId,playType,period,teamFor,teamAgainst) values ('26f86802-d0f2-4a55-b208-0017cfba7cd1','b11c69c6-632d-4fff-997e-ffd5d2065f1f','turnover',2,'TeamA','TeamD');
insert into gridirongameevents(id,gameId,playType,period,teamFor,teamAgainst) values ('acffdf4d-fc94-4960-bb3d-b3f2ebbe7398','b11c69c6-632d-4fff-997e-ffd5d2065f1f','rush',2,'TeamA','TeamD');
insert into gridironrushes(eventId,player,yard,result) values ('acffdf4d-fc94-4960-bb3d-b3f2ebbe7398','Doppler',88,'touchdown');
insert into gridirongameevents(id,gameId,playType,period,teamFor,teamAgainst) values ('df186e6e-7496-4558-8c0b-409384d83618','b11c69c6-632d-4fff-997e-ffd5d2065f1f','turnover',2,'TeamA','TeamD');
insert into gridirongameevents(id,gameId,playType,period,teamFor,teamAgainst) values ('3cefd65b-4a67-4e2b-bc98-510d2f9c0d49','b11c69c6-632d-4fff-997e-ffd5d2065f1f','kick',2,'TeamA','TeamD');
insert into gridironkicks(eventId,player,yard,result) values ('3cefd65b-4a67-4e2b-bc98-510d2f9c0d49','Daniel',73,'miss');
insert into gridirongameevents(id,gameId,playType,period,teamFor,teamAgainst) values ('8f2624f4-22de-47d7-8c07-62a9e499c406','b11c69c6-632d-4fff-997e-ffd5d2065f1f','rush',2,'TeamD','TeamA');
insert into gridironrushes(eventId,player,yard,result) values ('8f2624f4-22de-47d7-8c07-62a9e499c406','Cauchy',107,'2pt');
insert into gridirongameevents(id,gameId,playType,period,teamFor,teamAgainst) values ('e4dbaae4-af5d-4d2a-835e-37d7769ee9e7','b11c69c6-632d-4fff-997e-ffd5d2065f1f','rush',2,'TeamD','TeamA');
insert into gridironrushes(eventId,player,yard,result) values ('e4dbaae4-af5d-4d2a-835e-37d7769ee9e7','Cameron',107,'touchdown');
insert into gridirongameevents(id,gameId,playType,period,teamFor,teamAgainst) values ('2c3786e7-0292-456a-b22c-8c88ad03226d','b11c69c6-632d-4fff-997e-ffd5d2065f1f','kick',2,'TeamA','TeamD');
insert into gridironkicks(eventId,player,yard,result) values ('2c3786e7-0292-456a-b22c-8c88ad03226d','Denver',63,'field-goal');
insert into gridirongameevents(id,gameId,playType,period,teamFor,teamAgainst) values ('ce1f3947-0ae3-4012-81fc-08334ccb60d2','b11c69c6-632d-4fff-997e-ffd5d2065f1f','timeout',2,'TeamD','TeamA');
insert into gridirongameevents(id,gameId,playType,period,teamFor,teamAgainst) values ('fe4bf4c8-bfdb-4aef-94f3-4252e603f1d4','b11c69c6-632d-4fff-997e-ffd5d2065f1f','throw',2,'TeamA','TeamD');
insert into gridironthrows(eventId,playerThrowing,playerReceiving,yard,result) values ('fe4bf4c8-bfdb-4aef-94f3-4252e603f1d4','Daniel','Dapper','1','touchdown');
insert into gridirongameevents(id,gameId,playType,period,teamFor,teamAgainst) values ('2296c75b-c6a1-4101-8b22-a4fc12ad8c08','b11c69c6-632d-4fff-997e-ffd5d2065f1f','throw',2,'TeamD','TeamA');
insert into gridironthrows(eventId,playerThrowing,playerReceiving,yard,result) values ('2296c75b-c6a1-4101-8b22-a4fc12ad8c08','Caleb','Cameron','117','non-scoring');
insert into gridirongameevents(id,gameId,playType,period,teamFor,teamAgainst) values ('7d281c04-3e9c-4a93-bd5c-78bb24369e07','b11c69c6-632d-4fff-997e-ffd5d2065f1f','turnover',2,'TeamD','TeamA');
insert into gridirongameevents(id,gameId,playType,period,teamFor,teamAgainst) values ('79439f3d-d2de-4f15-8214-e390da5336ad','b11c69c6-632d-4fff-997e-ffd5d2065f1f','safety',2,'TeamD','TeamA');
insert into gridirongameevents(id,gameId,playType,period,teamFor,teamAgainst) values ('a621dfb5-72dc-496c-8b50-a05cac2621ad','b11c69c6-632d-4fff-997e-ffd5d2065f1f','turnover',2,'TeamD','TeamA');
insert into gridirongameevents(id,gameId,playType,period,teamFor,teamAgainst) values ('a0fb8b84-632c-4bba-a4ce-70462a10649c','b11c69c6-632d-4fff-997e-ffd5d2065f1f','throw',2,'TeamD','TeamA');
insert into gridironthrows(eventId,playerThrowing,playerReceiving,yard,result) values ('a0fb8b84-632c-4bba-a4ce-70462a10649c','Cauchy','Cody','87','2pt');
insert into gridirongameevents(id,gameId,playType,period,teamFor,teamAgainst) values ('8c7f44be-d8e3-4499-94b7-050e33a954b5','b11c69c6-632d-4fff-997e-ffd5d2065f1f','rush',2,'TeamD','TeamA');
insert into gridironrushes(eventId,player,yard,result) values ('8c7f44be-d8e3-4499-94b7-050e33a954b5','Cody',-8,'non-scoring');
insert into gridirongameevents(id,gameId,playType,period,teamFor,teamAgainst) values ('24e3f303-751f-4afc-833b-6d0d61febde6','b11c69c6-632d-4fff-997e-ffd5d2065f1f','kick',2,'TeamA','TeamD');
insert into gridironkicks(eventId,player,yard,result) values ('24e3f303-751f-4afc-833b-6d0d61febde6','Denver',38,'field-goal');
insert into gridirongameevents(id,gameId,playType,period,teamFor,teamAgainst) values ('318e7740-63a6-499c-b8fe-14f7496c1430','b11c69c6-632d-4fff-997e-ffd5d2065f1f','kick',2,'TeamA','TeamD');
insert into gridironkicks(eventId,player,yard,result) values ('318e7740-63a6-499c-b8fe-14f7496c1430','Denver',63,'extra-kick');
insert into gridirongameevents(id,gameId,playType,period,teamFor,teamAgainst) values ('7c5f7e45-4e78-4fba-9c0c-cda5c273b9e1','b11c69c6-632d-4fff-997e-ffd5d2065f1f','flag',2,'TeamD','TeamA');
insert into gridirongameevents(id,gameId,playType,period,teamFor,teamAgainst) values ('77f26caf-2129-4874-a35e-4cf61dc054e7','b11c69c6-632d-4fff-997e-ffd5d2065f1f','safety',2,'TeamD','TeamA');
insert into gridirongameevents(id,gameId,playType,period,teamFor,teamAgainst) values ('23713b3b-e8c7-4d73-8870-fac63d760a78','b11c69c6-632d-4fff-997e-ffd5d2065f1f','safety',2,'TeamA','TeamD');
insert into gridirongameevents(id,gameId,playType,period,teamFor,teamAgainst) values ('48ecf8a8-5036-482f-9469-ea8b02b675f5','b11c69c6-632d-4fff-997e-ffd5d2065f1f','rush',2,'TeamD','TeamA');
insert into gridironrushes(eventId,player,yard,result) values ('48ecf8a8-5036-482f-9469-ea8b02b675f5','Cauchy',3,'touchdown');
insert into gridirongameevents(id,gameId,playType,period,teamFor,teamAgainst) values ('de1825af-097b-4ece-b523-1a3517126181','b11c69c6-632d-4fff-997e-ffd5d2065f1f','flag',2,'TeamA','TeamD');
insert into gridirongameevents(id,gameId,playType,period,teamFor,teamAgainst) values ('1388e561-3c52-43fa-b034-c10f669a0525','b11c69c6-632d-4fff-997e-ffd5d2065f1f','safety',2,'TeamA','TeamD');
insert into gridirongameevents(id,gameId,playType,period,teamFor,teamAgainst) values ('5ce41179-aaf9-4792-8515-cbaa4b799ca9','b11c69c6-632d-4fff-997e-ffd5d2065f1f','throw',2,'TeamD','TeamA');
insert into gridironthrows(eventId,playerThrowing,playerReceiving,yard,result) values ('5ce41179-aaf9-4792-8515-cbaa4b799ca9','Caleb','Cody','-9','non-scoring');
insert into gridirongameevents(id,gameId,playType,period,teamFor,teamAgainst) values ('4fd9f5b6-cb02-4d12-b135-69bd7ae091ca','b11c69c6-632d-4fff-997e-ffd5d2065f1f','kick',2,'TeamD','TeamA');
insert into gridironkicks(eventId,player,yard,result) values ('4fd9f5b6-cb02-4d12-b135-69bd7ae091ca','Cameron',7,'miss');
insert into gridirongameevents(id,gameId,playType,period,teamFor,teamAgainst) values ('d6fc6903-25b7-41d4-b491-d2f0e92a2feb','b11c69c6-632d-4fff-997e-ffd5d2065f1f','kick',2,'TeamA','TeamD');
insert into gridironkicks(eventId,player,yard,result) values ('d6fc6903-25b7-41d4-b491-d2f0e92a2feb','Dickson',36,'extra-kick');
insert into gridirongameevents(id,gameId,playType,period,teamFor,teamAgainst) values ('e10fde53-f989-4d89-8d25-4a18ef26c39d','b11c69c6-632d-4fff-997e-ffd5d2065f1f','kick',2,'TeamA','TeamD');
insert into gridironkicks(eventId,player,yard,result) values ('e10fde53-f989-4d89-8d25-4a18ef26c39d','Daniel',61,'miss');
insert into gridirongameevents(id,gameId,playType,period,teamFor,teamAgainst) values ('3b86af79-f03a-4eb8-91dd-27dc60e87167','b11c69c6-632d-4fff-997e-ffd5d2065f1f','safety',2,'TeamA','TeamD');
insert into gridirongameevents(id,gameId,playType,period,teamFor,teamAgainst) values ('da23ade8-4bf8-42a2-8a48-3f453d3cc811','b11c69c6-632d-4fff-997e-ffd5d2065f1f','timeout',2,'TeamA','TeamD');
insert into gridirongameevents(id,gameId,playType,period,teamFor,teamAgainst) values ('c451b32d-d04b-4905-9f73-37e5507df70c','b11c69c6-632d-4fff-997e-ffd5d2065f1f','timeout',2,'TeamA','TeamD');
insert into gridirongameevents(id,gameId,playType,period,teamFor,teamAgainst) values ('92dbd07a-e760-435c-8ced-47b8f6776b6e','b11c69c6-632d-4fff-997e-ffd5d2065f1f','rush',2,'TeamA','TeamD');
insert into gridironrushes(eventId,player,yard,result) values ('92dbd07a-e760-435c-8ced-47b8f6776b6e','Daniel',7,'2pt');
insert into gridirongameevents(id,gameId,playType,period,teamFor,teamAgainst) values ('446403bc-1e22-44d2-85f9-599221a7a61a','b11c69c6-632d-4fff-997e-ffd5d2065f1f','turnover',2,'TeamD','TeamA');
insert into gridirongameevents(id,gameId,playType,period,teamFor,teamAgainst) values ('36215b72-9656-47ed-a141-fabfb0a6cce4','b11c69c6-632d-4fff-997e-ffd5d2065f1f','throw',2,'TeamD','TeamA');
insert into gridironthrows(eventId,playerThrowing,playerReceiving,yard,result) values ('36215b72-9656-47ed-a141-fabfb0a6cce4','Caleb','Cody','54','miss');
insert into gridirongameevents(id,gameId,playType,period,teamFor,teamAgainst) values ('7b5dbba6-e697-4478-9234-f14516109831','b11c69c6-632d-4fff-997e-ffd5d2065f1f','rush',2,'TeamA','TeamD');
insert into gridironrushes(eventId,player,yard,result) values ('7b5dbba6-e697-4478-9234-f14516109831','Dickson',-8,'non-scoring');
insert into gridirongameevents(id,gameId,playType,period,teamFor,teamAgainst) values ('7b5ad707-dacf-4111-b905-a29c80e82692','b11c69c6-632d-4fff-997e-ffd5d2065f1f','safety',2,'TeamA','TeamD');
insert into gridirongameevents(id,gameId,playType,period,teamFor,teamAgainst) values ('91be724f-76a3-496c-b804-408a902834fd','b11c69c6-632d-4fff-997e-ffd5d2065f1f','flag',2,'TeamD','TeamA');
insert into gridirongameevents(id,gameId,playType,period,teamFor,teamAgainst) values ('41c679ec-ef42-4881-a42d-fd4cf4f96223','b11c69c6-632d-4fff-997e-ffd5d2065f1f','rush',2,'TeamD','TeamA');
insert into gridironrushes(eventId,player,yard,result) values ('41c679ec-ef42-4881-a42d-fd4cf4f96223','Cameron',61,'touchdown');
insert into gridirongameevents(id,gameId,playType,period,teamFor,teamAgainst) values ('ee2249a5-57be-4aa6-8945-5a1eaf3eaad2','b11c69c6-632d-4fff-997e-ffd5d2065f1f','throw',2,'TeamA','TeamD');
insert into gridironthrows(eventId,playerThrowing,playerReceiving,yard,result) values ('ee2249a5-57be-4aa6-8945-5a1eaf3eaad2','Dapper','Doppler','-7','miss');
insert into gridirongameevents(id,gameId,playType,period,teamFor,teamAgainst) values ('ade14a60-89ff-47c6-b332-069c6df6a76c','b11c69c6-632d-4fff-997e-ffd5d2065f1f','rush',2,'TeamD','TeamA');
insert into gridironrushes(eventId,player,yard,result) values ('ade14a60-89ff-47c6-b332-069c6df6a76c','Cauchy',55,'touchdown');
insert into gridirongameevents(id,gameId,playType,period,teamFor,teamAgainst) values ('892f8d60-b656-45e6-8580-bc05ae463c6e','b11c69c6-632d-4fff-997e-ffd5d2065f1f','flag',2,'TeamD','TeamA');
insert into gridirongameevents(id,gameId,playType,period,teamFor,teamAgainst) values ('c97ba84a-a450-4a2b-8dd1-51c045d54e48','b11c69c6-632d-4fff-997e-ffd5d2065f1f','timeout',2,'TeamD','TeamA');
insert into gridirongameevents(id,gameId,playType,period,teamFor,teamAgainst) values ('6d78d439-d672-4d7d-b09e-d067c5091653','b11c69c6-632d-4fff-997e-ffd5d2065f1f','safety',2,'TeamD','TeamA');
insert into gridirongameevents(id,gameId,playType,period,teamFor,teamAgainst) values ('1f843417-d354-4f22-988f-b40aa34d6583','b11c69c6-632d-4fff-997e-ffd5d2065f1f','kick',2,'TeamD','TeamA');
insert into gridironkicks(eventId,player,yard,result) values ('1f843417-d354-4f22-988f-b40aa34d6583','Cameron',70,'miss');
insert into gridirongameevents(id,gameId,playType,period,teamFor,teamAgainst) values ('9b983d55-fcfe-4990-9a23-b49510a7689e','b11c69c6-632d-4fff-997e-ffd5d2065f1f','throw',2,'TeamD','TeamA');
insert into gridironthrows(eventId,playerThrowing,playerReceiving,yard,result) values ('9b983d55-fcfe-4990-9a23-b49510a7689e','Cody','Cauchy','38','touchdown');
insert into gridirongameevents(id,gameId,playType,period,teamFor,teamAgainst) values ('6279221d-de28-4c99-a2a6-03f5ee4c2963','b11c69c6-632d-4fff-997e-ffd5d2065f1f','flag',2,'TeamA','TeamD');
insert into gridirongameevents(id,gameId,playType,period,teamFor,teamAgainst) values ('7b67fd2a-18b1-4351-a8fd-b7aad2ec9793','b11c69c6-632d-4fff-997e-ffd5d2065f1f','turnover',2,'TeamA','TeamD');
insert into gridirongameevents(id,gameId,playType,period,teamFor,teamAgainst) values ('b9a8c5fd-1f25-4999-a369-fcf7697cb821','b11c69c6-632d-4fff-997e-ffd5d2065f1f','safety',2,'TeamD','TeamA');
insert into gridirongameevents(id,gameId,playType,period,teamFor,teamAgainst) values ('9ccda9cf-3882-418e-b545-c14fe94acab8','b11c69c6-632d-4fff-997e-ffd5d2065f1f','kick',2,'TeamD','TeamA');
insert into gridironkicks(eventId,player,yard,result) values ('9ccda9cf-3882-418e-b545-c14fe94acab8','Cauchy',73,'field-goal');
insert into gridirongameevents(id,gameId,playType,period,teamFor,teamAgainst) values ('ffe8466c-5038-4f96-a897-dfdd6db57cea','b11c69c6-632d-4fff-997e-ffd5d2065f1f','throw',2,'TeamD','TeamA');
insert into gridironthrows(eventId,playerThrowing,playerReceiving,yard,result) values ('ffe8466c-5038-4f96-a897-dfdd6db57cea','Cody','Cameron','85','non-scoring');
insert into gridirongameevents(id,gameId,playType,period,teamFor,teamAgainst) values ('8f65ffeb-2c0c-4344-a395-6c7de6345667','b11c69c6-632d-4fff-997e-ffd5d2065f1f','rush',2,'TeamD','TeamA');
insert into gridironrushes(eventId,player,yard,result) values ('8f65ffeb-2c0c-4344-a395-6c7de6345667','Cauchy',6,'non-scoring');
insert into gridirongameevents(id,gameId,playType,period,teamFor,teamAgainst) values ('82a48087-1e26-4d56-8c3f-0c1ef7dd2cb4','b11c69c6-632d-4fff-997e-ffd5d2065f1f','throw',2,'TeamA','TeamD');
insert into gridironthrows(eventId,playerThrowing,playerReceiving,yard,result) values ('82a48087-1e26-4d56-8c3f-0c1ef7dd2cb4','Dickson','Doppler','58','2pt');
insert into gridirongameevents(id,gameId,playType,period,teamFor,teamAgainst) values ('450f2c9d-2434-4a86-89f1-c640b44bd177','b11c69c6-632d-4fff-997e-ffd5d2065f1f','throw',2,'TeamD','TeamA');
insert into gridironthrows(eventId,playerThrowing,playerReceiving,yard,result) values ('450f2c9d-2434-4a86-89f1-c640b44bd177','Cauchy','Cody','9','2pt');
insert into gridirongameevents(id,gameId,playType,period,teamFor,teamAgainst) values ('7c3dbbaa-62ba-4064-aff0-ff606f1556c9','b11c69c6-632d-4fff-997e-ffd5d2065f1f','timeout',2,'TeamA','TeamD');
insert into gridirongameevents(id,gameId,playType,period,teamFor,teamAgainst) values ('8c0caf28-704a-4a2f-958e-3a25934d85a2','b11c69c6-632d-4fff-997e-ffd5d2065f1f','kick',2,'TeamA','TeamD');
insert into gridironkicks(eventId,player,yard,result) values ('8c0caf28-704a-4a2f-958e-3a25934d85a2','Daniel',53,'miss');
insert into gridirongameevents(id,gameId,playType,period,teamFor,teamAgainst) values ('05070519-1a52-43eb-b28e-3bb9759f1239','b11c69c6-632d-4fff-997e-ffd5d2065f1f','throw',2,'TeamA','TeamD');
insert into gridironthrows(eventId,playerThrowing,playerReceiving,yard,result) values ('05070519-1a52-43eb-b28e-3bb9759f1239','Dapper','Dickson','82','non-scoring');
insert into gridirongameevents(id,gameId,playType,period,teamFor,teamAgainst) values ('fc3d1b43-21ba-4baa-8280-3d5554820a4f','b11c69c6-632d-4fff-997e-ffd5d2065f1f','kick',2,'TeamD','TeamA');
insert into gridironkicks(eventId,player,yard,result) values ('fc3d1b43-21ba-4baa-8280-3d5554820a4f','Camel',31,'miss');
insert into gridirongameevents(id,gameId,playType,period,teamFor,teamAgainst) values ('afb13580-d8e4-4020-b216-3a62a662e9d9','b11c69c6-632d-4fff-997e-ffd5d2065f1f','safety',2,'TeamA','TeamD');
insert into gridirongameevents(id,gameId,playType,period,teamFor,teamAgainst) values ('26e2b1dd-7fa4-40d2-9e24-795b54f587c5','b11c69c6-632d-4fff-997e-ffd5d2065f1f','flag',2,'TeamD','TeamA');
insert into gridirongameevents(id,gameId,playType,period,teamFor,teamAgainst) values ('370f153c-5146-4fe2-9b50-b1e2c08966d6','b11c69c6-632d-4fff-997e-ffd5d2065f1f','rush',2,'TeamA','TeamD');
insert into gridironrushes(eventId,player,yard,result) values ('370f153c-5146-4fe2-9b50-b1e2c08966d6','Dapper',56,'touchdown');
insert into gridirongameevents(id,gameId,playType,period,teamFor,teamAgainst) values ('a2e6cc46-276f-45ea-9273-e2c6fa8f49f8','b11c69c6-632d-4fff-997e-ffd5d2065f1f','kick',2,'TeamD','TeamA');
insert into gridironkicks(eventId,player,yard,result) values ('a2e6cc46-276f-45ea-9273-e2c6fa8f49f8','Cauchy',73,'field-goal');
insert into gridirongameevents(id,gameId,playType,period,teamFor,teamAgainst) values ('2ff23258-fa33-4099-945b-74919c74dea4','b11c69c6-632d-4fff-997e-ffd5d2065f1f','safety',2,'TeamD','TeamA');
insert into gridirongameevents(id,gameId,playType,period,teamFor,teamAgainst) values ('4054982d-19a1-405e-96cb-f505b9dda735','b11c69c6-632d-4fff-997e-ffd5d2065f1f','flag',2,'TeamA','TeamD');
insert into gridirongameevents(id,gameId,playType,period,teamFor,teamAgainst) values ('71c03b85-406e-4052-b3ad-81fb64353f99','b11c69c6-632d-4fff-997e-ffd5d2065f1f','safety',3,'TeamD','TeamA');
insert into gridirongameevents(id,gameId,playType,period,teamFor,teamAgainst) values ('a3b8b849-6051-403e-8a24-b89f8ba714f6','b11c69c6-632d-4fff-997e-ffd5d2065f1f','timeout',3,'TeamA','TeamD');
insert into gridirongameevents(id,gameId,playType,period,teamFor,teamAgainst) values ('53ba70bd-18fe-4b46-8961-01372af8b4a6','b11c69c6-632d-4fff-997e-ffd5d2065f1f','safety',3,'TeamD','TeamA');
insert into gridirongameevents(id,gameId,playType,period,teamFor,teamAgainst) values ('fef0df24-94cc-4eb3-baf3-620a6da84857','b11c69c6-632d-4fff-997e-ffd5d2065f1f','throw',3,'TeamA','TeamD');
insert into gridironthrows(eventId,playerThrowing,playerReceiving,yard,result) values ('fef0df24-94cc-4eb3-baf3-620a6da84857','Dickson','Daniel','83','non-scoring');
insert into gridirongameevents(id,gameId,playType,period,teamFor,teamAgainst) values ('6573bddd-e098-413a-8d09-97aed9479d0c','b11c69c6-632d-4fff-997e-ffd5d2065f1f','rush',3,'TeamA','TeamD');
insert into gridironrushes(eventId,player,yard,result) values ('6573bddd-e098-413a-8d09-97aed9479d0c','Denver',108,'2pt');
insert into gridirongameevents(id,gameId,playType,period,teamFor,teamAgainst) values ('0aca57e5-7ab4-43d3-9118-ecb957e4d36e','b11c69c6-632d-4fff-997e-ffd5d2065f1f','safety',3,'TeamA','TeamD');
insert into gridirongameevents(id,gameId,playType,period,teamFor,teamAgainst) values ('dbd80a10-cadc-4ada-a403-383073f0ece4','b11c69c6-632d-4fff-997e-ffd5d2065f1f','safety',3,'TeamA','TeamD');
insert into gridirongameevents(id,gameId,playType,period,teamFor,teamAgainst) values ('fb395cd5-d006-4cc0-80d8-e93f4bc17a33','b11c69c6-632d-4fff-997e-ffd5d2065f1f','flag',3,'TeamA','TeamD');
insert into gridirongameevents(id,gameId,playType,period,teamFor,teamAgainst) values ('5bdd804c-d012-469d-925e-fafe5a09c1e7','b11c69c6-632d-4fff-997e-ffd5d2065f1f','throw',3,'TeamD','TeamA');
insert into gridironthrows(eventId,playerThrowing,playerReceiving,yard,result) values ('5bdd804c-d012-469d-925e-fafe5a09c1e7','Caleb','Camel','112','touchdown');
insert into gridirongameevents(id,gameId,playType,period,teamFor,teamAgainst) values ('6e3a4442-803a-411f-b946-1869962b64e3','b11c69c6-632d-4fff-997e-ffd5d2065f1f','kick',3,'TeamA','TeamD');
insert into gridironkicks(eventId,player,yard,result) values ('6e3a4442-803a-411f-b946-1869962b64e3','Denver',44,'extra-kick');
insert into gridirongameevents(id,gameId,playType,period,teamFor,teamAgainst) values ('4759d008-93f8-4953-a426-460a387b53d3','b11c69c6-632d-4fff-997e-ffd5d2065f1f','kick',3,'TeamD','TeamA');
insert into gridironkicks(eventId,player,yard,result) values ('4759d008-93f8-4953-a426-460a387b53d3','Cameron',67,'extra-kick');
insert into gridirongameevents(id,gameId,playType,period,teamFor,teamAgainst) values ('c378343a-c4d5-491a-8932-4dc9207a44cd','b11c69c6-632d-4fff-997e-ffd5d2065f1f','rush',3,'TeamD','TeamA');
insert into gridironrushes(eventId,player,yard,result) values ('c378343a-c4d5-491a-8932-4dc9207a44cd','Cody',-10,'non-scoring');
insert into gridirongameevents(id,gameId,playType,period,teamFor,teamAgainst) values ('ddec6cc1-3d1f-42c6-a589-e0eedcbe1c0f','b11c69c6-632d-4fff-997e-ffd5d2065f1f','throw',3,'TeamD','TeamA');
insert into gridironthrows(eventId,playerThrowing,playerReceiving,yard,result) values ('ddec6cc1-3d1f-42c6-a589-e0eedcbe1c0f','Camel','Cauchy','64','miss');
insert into gridirongameevents(id,gameId,playType,period,teamFor,teamAgainst) values ('f96be4ad-a3c1-41aa-854e-eb4842151611','b11c69c6-632d-4fff-997e-ffd5d2065f1f','safety',3,'TeamA','TeamD');
insert into gridirongameevents(id,gameId,playType,period,teamFor,teamAgainst) values ('2868df2c-b4a1-4b77-a233-7816caeab285','b11c69c6-632d-4fff-997e-ffd5d2065f1f','safety',3,'TeamD','TeamA');
insert into gridirongameevents(id,gameId,playType,period,teamFor,teamAgainst) values ('3d293be5-158f-4664-bee4-85dc66aec9ba','b11c69c6-632d-4fff-997e-ffd5d2065f1f','flag',3,'TeamA','TeamD');
insert into gridirongameevents(id,gameId,playType,period,teamFor,teamAgainst) values ('2000abe3-8fd6-4f33-9e83-9f2536e98d26','b11c69c6-632d-4fff-997e-ffd5d2065f1f','safety',3,'TeamA','TeamD');
insert into gridirongameevents(id,gameId,playType,period,teamFor,teamAgainst) values ('17ad5741-91d7-4b21-b1fe-b9cfc5afa3f1','b11c69c6-632d-4fff-997e-ffd5d2065f1f','kick',3,'TeamD','TeamA');
insert into gridironkicks(eventId,player,yard,result) values ('17ad5741-91d7-4b21-b1fe-b9cfc5afa3f1','Caleb',14,'extra-kick');
insert into gridirongameevents(id,gameId,playType,period,teamFor,teamAgainst) values ('af5869e0-2559-4211-b138-571b8b881e8b','b11c69c6-632d-4fff-997e-ffd5d2065f1f','timeout',3,'TeamA','TeamD');
insert into gridirongameevents(id,gameId,playType,period,teamFor,teamAgainst) values ('0e4db513-1358-4c0c-947d-3ddfde139fb7','b11c69c6-632d-4fff-997e-ffd5d2065f1f','rush',3,'TeamD','TeamA');
insert into gridironrushes(eventId,player,yard,result) values ('0e4db513-1358-4c0c-947d-3ddfde139fb7','Camel',89,'2pt');
insert into gridirongameevents(id,gameId,playType,period,teamFor,teamAgainst) values ('430665b6-70fb-4fc8-afb2-e86ea4981348','b11c69c6-632d-4fff-997e-ffd5d2065f1f','turnover',3,'TeamD','TeamA');
insert into gridirongameevents(id,gameId,playType,period,teamFor,teamAgainst) values ('58d46f00-02f0-4886-be0e-ff1d0176ccf3','b11c69c6-632d-4fff-997e-ffd5d2065f1f','flag',3,'TeamA','TeamD');
insert into gridirongameevents(id,gameId,playType,period,teamFor,teamAgainst) values ('ab5ee7ac-f19f-41e7-915a-066f46880398','b11c69c6-632d-4fff-997e-ffd5d2065f1f','turnover',3,'TeamA','TeamD');
insert into gridirongameevents(id,gameId,playType,period,teamFor,teamAgainst) values ('a301f50a-819e-4ba2-8d3f-8b099c0f1c82','b11c69c6-632d-4fff-997e-ffd5d2065f1f','timeout',3,'TeamD','TeamA');
insert into gridirongameevents(id,gameId,playType,period,teamFor,teamAgainst) values ('a8fcc1b5-4643-4ab2-9132-44b57a27eb28','b11c69c6-632d-4fff-997e-ffd5d2065f1f','throw',3,'TeamD','TeamA');
insert into gridironthrows(eventId,playerThrowing,playerReceiving,yard,result) values ('a8fcc1b5-4643-4ab2-9132-44b57a27eb28','Cauchy','Cameron','120','miss');
insert into gridirongameevents(id,gameId,playType,period,teamFor,teamAgainst) values ('ea60cfe7-7b86-42c2-b678-a354ecabf36e','b11c69c6-632d-4fff-997e-ffd5d2065f1f','timeout',3,'TeamD','TeamA');
insert into gridirongameevents(id,gameId,playType,period,teamFor,teamAgainst) values ('89ec95e4-5e51-4143-ae84-aa72cfa705d1','b11c69c6-632d-4fff-997e-ffd5d2065f1f','flag',3,'TeamA','TeamD');
insert into gridirongameevents(id,gameId,playType,period,teamFor,teamAgainst) values ('413a5a78-54bf-4c39-9035-91d72b529e33','b11c69c6-632d-4fff-997e-ffd5d2065f1f','rush',3,'TeamA','TeamD');
insert into gridironrushes(eventId,player,yard,result) values ('413a5a78-54bf-4c39-9035-91d72b529e33','Dickson',0,'non-scoring');
insert into gridirongameevents(id,gameId,playType,period,teamFor,teamAgainst) values ('d7651a5c-1c70-4d4b-8e2e-6c54dd919496','b11c69c6-632d-4fff-997e-ffd5d2065f1f','turnover',3,'TeamD','TeamA');
insert into gridirongameevents(id,gameId,playType,period,teamFor,teamAgainst) values ('1687002c-75a6-48b2-843b-9e78d8aaca5e','b11c69c6-632d-4fff-997e-ffd5d2065f1f','safety',3,'TeamD','TeamA');
insert into gridirongameevents(id,gameId,playType,period,teamFor,teamAgainst) values ('9f916b92-0338-470b-ba48-9b1a4f04c4e0','b11c69c6-632d-4fff-997e-ffd5d2065f1f','timeout',3,'TeamD','TeamA');
insert into gridirongameevents(id,gameId,playType,period,teamFor,teamAgainst) values ('6db164ec-0cf8-4898-a89c-1cd78cd50df0','b11c69c6-632d-4fff-997e-ffd5d2065f1f','timeout',3,'TeamA','TeamD');
insert into gridirongameevents(id,gameId,playType,period,teamFor,teamAgainst) values ('ca450dbe-1598-49af-906a-398a647b9897','b11c69c6-632d-4fff-997e-ffd5d2065f1f','flag',3,'TeamA','TeamD');
insert into gridirongameevents(id,gameId,playType,period,teamFor,teamAgainst) values ('1f8731cf-784d-4f8c-888f-6321f3df4cba','b11c69c6-632d-4fff-997e-ffd5d2065f1f','flag',3,'TeamA','TeamD');
insert into gridirongameevents(id,gameId,playType,period,teamFor,teamAgainst) values ('42d8775f-67fc-4110-a6c3-303d981b03b8','b11c69c6-632d-4fff-997e-ffd5d2065f1f','safety',3,'TeamD','TeamA');
insert into gridirongameevents(id,gameId,playType,period,teamFor,teamAgainst) values ('8ce1f92c-adfe-437b-adfe-1af1342974a6','b11c69c6-632d-4fff-997e-ffd5d2065f1f','safety',3,'TeamD','TeamA');
insert into gridirongameevents(id,gameId,playType,period,teamFor,teamAgainst) values ('3386b23b-8319-4288-a850-cfcd2a0d3903','b11c69c6-632d-4fff-997e-ffd5d2065f1f','rush',3,'TeamA','TeamD');
insert into gridironrushes(eventId,player,yard,result) values ('3386b23b-8319-4288-a850-cfcd2a0d3903','Dapper',64,'touchdown');
insert into gridirongameevents(id,gameId,playType,period,teamFor,teamAgainst) values ('ef807b74-704e-42ae-940f-ab4b62e65873','b11c69c6-632d-4fff-997e-ffd5d2065f1f','throw',3,'TeamD','TeamA');
insert into gridironthrows(eventId,playerThrowing,playerReceiving,yard,result) values ('ef807b74-704e-42ae-940f-ab4b62e65873','Cameron','Cauchy','-8','miss');
insert into gridirongameevents(id,gameId,playType,period,teamFor,teamAgainst) values ('737aa60d-1047-4705-ba40-9707a028025b','b11c69c6-632d-4fff-997e-ffd5d2065f1f','turnover',3,'TeamD','TeamA');
insert into gridirongameevents(id,gameId,playType,period,teamFor,teamAgainst) values ('87d955ba-d6b8-426d-a8be-0cd527b8ce0e','b11c69c6-632d-4fff-997e-ffd5d2065f1f','safety',3,'TeamD','TeamA');
insert into gridirongameevents(id,gameId,playType,period,teamFor,teamAgainst) values ('91aaccea-ebfa-4271-89d6-a703a96237cf','b11c69c6-632d-4fff-997e-ffd5d2065f1f','turnover',3,'TeamA','TeamD');
insert into gridirongameevents(id,gameId,playType,period,teamFor,teamAgainst) values ('da5c0fa9-5454-44c4-ae98-df860c072445','b11c69c6-632d-4fff-997e-ffd5d2065f1f','throw',3,'TeamA','TeamD');
insert into gridironthrows(eventId,playerThrowing,playerReceiving,yard,result) values ('da5c0fa9-5454-44c4-ae98-df860c072445','Dapper','Dickson','106','2pt');
insert into gridirongameevents(id,gameId,playType,period,teamFor,teamAgainst) values ('d2c85fc8-bda3-49d2-b3c3-a2d20bf1b4b7','b11c69c6-632d-4fff-997e-ffd5d2065f1f','timeout',3,'TeamA','TeamD');
insert into gridirongameevents(id,gameId,playType,period,teamFor,teamAgainst) values ('213fa9bc-5b83-4a07-a573-3986b118e8c4','b11c69c6-632d-4fff-997e-ffd5d2065f1f','rush',3,'TeamA','TeamD');
insert into gridironrushes(eventId,player,yard,result) values ('213fa9bc-5b83-4a07-a573-3986b118e8c4','Dapper',69,'non-scoring');
insert into gridirongameevents(id,gameId,playType,period,teamFor,teamAgainst) values ('11019b10-7d93-49f1-bb00-bffe1b040577','b11c69c6-632d-4fff-997e-ffd5d2065f1f','turnover',3,'TeamA','TeamD');
insert into gridirongameevents(id,gameId,playType,period,teamFor,teamAgainst) values ('93e64b20-c448-49bf-a44a-068f59ae9987','b11c69c6-632d-4fff-997e-ffd5d2065f1f','rush',3,'TeamA','TeamD');
insert into gridironrushes(eventId,player,yard,result) values ('93e64b20-c448-49bf-a44a-068f59ae9987','Daniel',105,'2pt');
insert into gridirongameevents(id,gameId,playType,period,teamFor,teamAgainst) values ('f6294af7-0868-4f68-be0c-b4859d28c1c3','b11c69c6-632d-4fff-997e-ffd5d2065f1f','kick',3,'TeamD','TeamA');
insert into gridironkicks(eventId,player,yard,result) values ('f6294af7-0868-4f68-be0c-b4859d28c1c3','Cody',80,'miss');
insert into gridirongameevents(id,gameId,playType,period,teamFor,teamAgainst) values ('168b4b60-df6e-41e1-8a82-673989b12714','b11c69c6-632d-4fff-997e-ffd5d2065f1f','safety',3,'TeamD','TeamA');
insert into gridirongameevents(id,gameId,playType,period,teamFor,teamAgainst) values ('bbf08ef4-b092-4c83-8ce3-48c489fd164a','b11c69c6-632d-4fff-997e-ffd5d2065f1f','safety',3,'TeamA','TeamD');
insert into gridirongameevents(id,gameId,playType,period,teamFor,teamAgainst) values ('c50c5c64-8104-4562-8488-73d1f4fc15d7','b11c69c6-632d-4fff-997e-ffd5d2065f1f','turnover',3,'TeamD','TeamA');
insert into gridirongameevents(id,gameId,playType,period,teamFor,teamAgainst) values ('6aa2b4c1-e730-41b2-a5f2-12ad58e066eb','b11c69c6-632d-4fff-997e-ffd5d2065f1f','throw',3,'TeamD','TeamA');
insert into gridironthrows(eventId,playerThrowing,playerReceiving,yard,result) values ('6aa2b4c1-e730-41b2-a5f2-12ad58e066eb','Cody','Cauchy','109','miss');
insert into gridirongameevents(id,gameId,playType,period,teamFor,teamAgainst) values ('0d229f4a-4ed5-44d7-9b70-c1c46f8cc7ac','b11c69c6-632d-4fff-997e-ffd5d2065f1f','safety',3,'TeamA','TeamD');
insert into gridirongameevents(id,gameId,playType,period,teamFor,teamAgainst) values ('d6cb7d15-b6ab-44d9-be73-0a312f4d4608','b11c69c6-632d-4fff-997e-ffd5d2065f1f','throw',3,'TeamD','TeamA');
insert into gridironthrows(eventId,playerThrowing,playerReceiving,yard,result) values ('d6cb7d15-b6ab-44d9-be73-0a312f4d4608','Caleb','Camel','115','miss');
insert into gridirongameevents(id,gameId,playType,period,teamFor,teamAgainst) values ('fd6a1439-4501-47e9-bbef-bdd6e601b45e','b11c69c6-632d-4fff-997e-ffd5d2065f1f','throw',3,'TeamA','TeamD');
insert into gridironthrows(eventId,playerThrowing,playerReceiving,yard,result) values ('fd6a1439-4501-47e9-bbef-bdd6e601b45e','Daniel','Doppler','74','miss');
insert into gridirongameevents(id,gameId,playType,period,teamFor,teamAgainst) values ('19837f91-b315-47e1-9ba2-4acd7eeff2a7','b11c69c6-632d-4fff-997e-ffd5d2065f1f','kick',3,'TeamA','TeamD');
insert into gridironkicks(eventId,player,yard,result) values ('19837f91-b315-47e1-9ba2-4acd7eeff2a7','Denver',43,'field-goal');
insert into gridirongameevents(id,gameId,playType,period,teamFor,teamAgainst) values ('e8da731b-f635-4a18-b68c-c34fb16b9028','b11c69c6-632d-4fff-997e-ffd5d2065f1f','kick',3,'TeamA','TeamD');
insert into gridironkicks(eventId,player,yard,result) values ('e8da731b-f635-4a18-b68c-c34fb16b9028','Doppler',26,'miss');
insert into gridirongameevents(id,gameId,playType,period,teamFor,teamAgainst) values ('98b756da-c7f4-45ea-95ca-76213cb58963','b11c69c6-632d-4fff-997e-ffd5d2065f1f','throw',3,'TeamA','TeamD');
insert into gridironthrows(eventId,playerThrowing,playerReceiving,yard,result) values ('98b756da-c7f4-45ea-95ca-76213cb58963','Dapper','Doppler','40','miss');
insert into gridirongameevents(id,gameId,playType,period,teamFor,teamAgainst) values ('ae67b9f9-7355-4590-bb5b-b30af43f23a6','b11c69c6-632d-4fff-997e-ffd5d2065f1f','turnover',3,'TeamD','TeamA');
insert into gridirongameevents(id,gameId,playType,period,teamFor,teamAgainst) values ('821f4bd2-8fcc-4554-9336-a4e44e04f253','b11c69c6-632d-4fff-997e-ffd5d2065f1f','flag',3,'TeamD','TeamA');
insert into gridirongameevents(id,gameId,playType,period,teamFor,teamAgainst) values ('ab5fa567-4ab7-404b-a3bc-a07d390ca5a4','b11c69c6-632d-4fff-997e-ffd5d2065f1f','kick',3,'TeamD','TeamA');
insert into gridironkicks(eventId,player,yard,result) values ('ab5fa567-4ab7-404b-a3bc-a07d390ca5a4','Caleb',49,'field-goal');
insert into gridirongameevents(id,gameId,playType,period,teamFor,teamAgainst) values ('c64467be-9614-46a4-b760-d7eb76d6e9c0','b11c69c6-632d-4fff-997e-ffd5d2065f1f','rush',3,'TeamA','TeamD');
insert into gridironrushes(eventId,player,yard,result) values ('c64467be-9614-46a4-b760-d7eb76d6e9c0','Dickson',62,'2pt');
insert into gridirongameevents(id,gameId,playType,period,teamFor,teamAgainst) values ('f97ae47d-9101-4439-91cf-076f441a6b83','b11c69c6-632d-4fff-997e-ffd5d2065f1f','safety',3,'TeamA','TeamD');
insert into gridirongameevents(id,gameId,playType,period,teamFor,teamAgainst) values ('04fe31ae-fc67-4265-992f-76b3dcf7e660','b11c69c6-632d-4fff-997e-ffd5d2065f1f','rush',3,'TeamA','TeamD');
insert into gridironrushes(eventId,player,yard,result) values ('04fe31ae-fc67-4265-992f-76b3dcf7e660','Dapper',5,'touchdown');
insert into gridirongameevents(id,gameId,playType,period,teamFor,teamAgainst) values ('8014d3ba-5e06-48ae-9330-27642145ba98','b11c69c6-632d-4fff-997e-ffd5d2065f1f','throw',3,'TeamD','TeamA');
insert into gridironthrows(eventId,playerThrowing,playerReceiving,yard,result) values ('8014d3ba-5e06-48ae-9330-27642145ba98','Camel','Cameron','13','2pt');
insert into gridirongameevents(id,gameId,playType,period,teamFor,teamAgainst) values ('2fb7f202-9b65-4e47-9b0c-fb044c13d1c4','b11c69c6-632d-4fff-997e-ffd5d2065f1f','turnover',3,'TeamA','TeamD');
insert into gridirongameevents(id,gameId,playType,period,teamFor,teamAgainst) values ('f0d363ee-d0f0-40df-ae59-d5e7db7e773d','b11c69c6-632d-4fff-997e-ffd5d2065f1f','throw',3,'TeamD','TeamA');
insert into gridironthrows(eventId,playerThrowing,playerReceiving,yard,result) values ('f0d363ee-d0f0-40df-ae59-d5e7db7e773d','Caleb','Cameron','14','non-scoring');
insert into gridirongameevents(id,gameId,playType,period,teamFor,teamAgainst) values ('9167c084-f799-4329-a878-2a53fa73fbec','b11c69c6-632d-4fff-997e-ffd5d2065f1f','turnover',3,'TeamA','TeamD');
insert into gridirongameevents(id,gameId,playType,period,teamFor,teamAgainst) values ('f8aac3f1-154e-4e91-9a32-22e8c58768ef','b11c69c6-632d-4fff-997e-ffd5d2065f1f','rush',3,'TeamD','TeamA');
insert into gridironrushes(eventId,player,yard,result) values ('f8aac3f1-154e-4e91-9a32-22e8c58768ef','Cody',72,'2pt');
insert into gridirongameevents(id,gameId,playType,period,teamFor,teamAgainst) values ('f581b6ec-9dde-494b-8621-7dab5af3d29c','b11c69c6-632d-4fff-997e-ffd5d2065f1f','throw',3,'TeamD','TeamA');
insert into gridironthrows(eventId,playerThrowing,playerReceiving,yard,result) values ('f581b6ec-9dde-494b-8621-7dab5af3d29c','Cauchy','Camel','14','miss');
insert into gridirongameevents(id,gameId,playType,period,teamFor,teamAgainst) values ('8dc58367-8a2b-4a87-a8ff-4081b3b54c2e','b11c69c6-632d-4fff-997e-ffd5d2065f1f','rush',3,'TeamA','TeamD');
insert into gridironrushes(eventId,player,yard,result) values ('8dc58367-8a2b-4a87-a8ff-4081b3b54c2e','Denver',40,'2pt');
insert into gridirongameevents(id,gameId,playType,period,teamFor,teamAgainst) values ('4dd6e32b-acf5-4703-a0f3-3dc2b44f8fbd','b11c69c6-632d-4fff-997e-ffd5d2065f1f','safety',3,'TeamA','TeamD');
insert into gridirongameevents(id,gameId,playType,period,teamFor,teamAgainst) values ('9ee2ad35-4ccd-442f-80d7-08417d29700b','b11c69c6-632d-4fff-997e-ffd5d2065f1f','throw',3,'TeamD','TeamA');
insert into gridironthrows(eventId,playerThrowing,playerReceiving,yard,result) values ('9ee2ad35-4ccd-442f-80d7-08417d29700b','Cauchy','Cameron','29','2pt');
insert into gridirongameevents(id,gameId,playType,period,teamFor,teamAgainst) values ('8d6aee67-d859-4c71-b006-16be43eb11a2','b11c69c6-632d-4fff-997e-ffd5d2065f1f','flag',3,'TeamD','TeamA');
insert into gridirongameevents(id,gameId,playType,period,teamFor,teamAgainst) values ('1b85f81c-2e36-45c1-b62c-067609c431a3','b11c69c6-632d-4fff-997e-ffd5d2065f1f','flag',3,'TeamA','TeamD');
insert into gridirongameevents(id,gameId,playType,period,teamFor,teamAgainst) values ('6ad3d442-0a4b-46e8-b676-398726c0767e','b11c69c6-632d-4fff-997e-ffd5d2065f1f','turnover',3,'TeamD','TeamA');
insert into gridirongameevents(id,gameId,playType,period,teamFor,teamAgainst) values ('22c8e529-56d1-4723-9cc6-47a0d424ffab','b11c69c6-632d-4fff-997e-ffd5d2065f1f','rush',3,'TeamA','TeamD');
insert into gridironrushes(eventId,player,yard,result) values ('22c8e529-56d1-4723-9cc6-47a0d424ffab','Dapper',113,'non-scoring');
insert into gridirongameevents(id,gameId,playType,period,teamFor,teamAgainst) values ('5e47a526-dbbe-4013-84f9-89aedd7d181b','b11c69c6-632d-4fff-997e-ffd5d2065f1f','throw',3,'TeamA','TeamD');
insert into gridironthrows(eventId,playerThrowing,playerReceiving,yard,result) values ('5e47a526-dbbe-4013-84f9-89aedd7d181b','Dapper','Daniel','13','touchdown');
insert into gridirongameevents(id,gameId,playType,period,teamFor,teamAgainst) values ('0a7c6811-a4dc-46d4-99f9-0a9786c384e6','b11c69c6-632d-4fff-997e-ffd5d2065f1f','flag',3,'TeamD','TeamA');
insert into gridirongameevents(id,gameId,playType,period,teamFor,teamAgainst) values ('2bd9b1be-46f3-4db1-9bea-15fc45b59c8b','b11c69c6-632d-4fff-997e-ffd5d2065f1f','kick',3,'TeamD','TeamA');
insert into gridironkicks(eventId,player,yard,result) values ('2bd9b1be-46f3-4db1-9bea-15fc45b59c8b','Caleb',57,'miss');
insert into gridirongameevents(id,gameId,playType,period,teamFor,teamAgainst) values ('6bd86ca9-6175-45c9-88a2-86c68b8ae246','b11c69c6-632d-4fff-997e-ffd5d2065f1f','timeout',3,'TeamA','TeamD');
insert into gridirongameevents(id,gameId,playType,period,teamFor,teamAgainst) values ('52e2f542-d2ae-4243-8a55-95bbb5ca2490','b11c69c6-632d-4fff-997e-ffd5d2065f1f','safety',3,'TeamA','TeamD');
insert into gridirongameevents(id,gameId,playType,period,teamFor,teamAgainst) values ('a675c195-07c2-4b51-9686-4789fcfabcc5','b11c69c6-632d-4fff-997e-ffd5d2065f1f','safety',3,'TeamD','TeamA');
insert into gridirongameevents(id,gameId,playType,period,teamFor,teamAgainst) values ('650c882b-56a2-4bdf-9e57-4c0bc0e373da','b11c69c6-632d-4fff-997e-ffd5d2065f1f','safety',3,'TeamD','TeamA');
insert into gridirongameevents(id,gameId,playType,period,teamFor,teamAgainst) values ('00047432-2102-4004-8815-27105d9589fb','b11c69c6-632d-4fff-997e-ffd5d2065f1f','throw',3,'TeamA','TeamD');
insert into gridironthrows(eventId,playerThrowing,playerReceiving,yard,result) values ('00047432-2102-4004-8815-27105d9589fb','Denver','Doppler','30','miss');
insert into gridirongameevents(id,gameId,playType,period,teamFor,teamAgainst) values ('88e518ab-12ee-4708-a5ad-8ea6d9e9606d','b11c69c6-632d-4fff-997e-ffd5d2065f1f','safety',3,'TeamA','TeamD');
insert into gridirongameevents(id,gameId,playType,period,teamFor,teamAgainst) values ('d5348c35-2e8f-4f6d-8646-c4bc763d4b8f','b11c69c6-632d-4fff-997e-ffd5d2065f1f','rush',3,'TeamA','TeamD');
insert into gridironrushes(eventId,player,yard,result) values ('d5348c35-2e8f-4f6d-8646-c4bc763d4b8f','Dapper',96,'non-scoring');
insert into gridirongameevents(id,gameId,playType,period,teamFor,teamAgainst) values ('7b369763-e11b-48d1-9cff-2194bd1b8a3d','b11c69c6-632d-4fff-997e-ffd5d2065f1f','timeout',3,'TeamD','TeamA');
insert into gridirongameevents(id,gameId,playType,period,teamFor,teamAgainst) values ('028ee8fa-d243-4e51-a5e7-af8bc1cb43b8','b11c69c6-632d-4fff-997e-ffd5d2065f1f','timeout',3,'TeamA','TeamD');
insert into gridirongameevents(id,gameId,playType,period,teamFor,teamAgainst) values ('3040c726-0b6a-4796-b700-e9d9f5165984','b11c69c6-632d-4fff-997e-ffd5d2065f1f','rush',3,'TeamA','TeamD');
insert into gridironrushes(eventId,player,yard,result) values ('3040c726-0b6a-4796-b700-e9d9f5165984','Doppler',114,'2pt');
insert into gridirongameevents(id,gameId,playType,period,teamFor,teamAgainst) values ('1913d289-fe31-4df6-ad52-87b94b5f9ffa','b11c69c6-632d-4fff-997e-ffd5d2065f1f','turnover',3,'TeamD','TeamA');
insert into gridirongameevents(id,gameId,playType,period,teamFor,teamAgainst) values ('529f343b-3666-41ad-bb2f-d7282bcee078','b11c69c6-632d-4fff-997e-ffd5d2065f1f','kick',3,'TeamD','TeamA');
insert into gridironkicks(eventId,player,yard,result) values ('529f343b-3666-41ad-bb2f-d7282bcee078','Caleb',6,'miss');
insert into gridirongameevents(id,gameId,playType,period,teamFor,teamAgainst) values ('289a73ec-57b4-4604-be3e-68011f5f9c2e','b11c69c6-632d-4fff-997e-ffd5d2065f1f','turnover',3,'TeamA','TeamD');
insert into gridirongameevents(id,gameId,playType,period,teamFor,teamAgainst) values ('826f5e70-069c-4d2a-a5be-14b1d270eede','b11c69c6-632d-4fff-997e-ffd5d2065f1f','safety',3,'TeamA','TeamD');
insert into gridirongameevents(id,gameId,playType,period,teamFor,teamAgainst) values ('dde69a4c-edaf-4d44-aa84-0cb184808da5','b11c69c6-632d-4fff-997e-ffd5d2065f1f','flag',3,'TeamD','TeamA');
insert into gridirongameevents(id,gameId,playType,period,teamFor,teamAgainst) values ('260b8936-0007-4d29-b621-e70f2d79e22d','b11c69c6-632d-4fff-997e-ffd5d2065f1f','turnover',3,'TeamA','TeamD');
insert into gridirongameevents(id,gameId,playType,period,teamFor,teamAgainst) values ('d5ffd9bf-e0d7-4e4e-8254-3701602bc57a','b11c69c6-632d-4fff-997e-ffd5d2065f1f','kick',3,'TeamA','TeamD');
insert into gridironkicks(eventId,player,yard,result) values ('d5ffd9bf-e0d7-4e4e-8254-3701602bc57a','Dapper',29,'miss');
insert into gridirongameevents(id,gameId,playType,period,teamFor,teamAgainst) values ('284388c0-32b6-4e51-8e8e-f5a33797b80a','b11c69c6-632d-4fff-997e-ffd5d2065f1f','timeout',3,'TeamA','TeamD');
insert into gridirongameevents(id,gameId,playType,period,teamFor,teamAgainst) values ('a958e079-e878-4871-ab6e-305737cbe4a2','b11c69c6-632d-4fff-997e-ffd5d2065f1f','turnover',3,'TeamA','TeamD');
insert into gridirongameevents(id,gameId,playType,period,teamFor,teamAgainst) values ('1fc38890-c0f3-4b09-9645-c5db9cf215ac','b11c69c6-632d-4fff-997e-ffd5d2065f1f','turnover',3,'TeamD','TeamA');
insert into gridirongameevents(id,gameId,playType,period,teamFor,teamAgainst) values ('9a02c5ad-d83a-482a-8af5-96ab3a2bc808','b11c69c6-632d-4fff-997e-ffd5d2065f1f','rush',3,'TeamA','TeamD');
insert into gridironrushes(eventId,player,yard,result) values ('9a02c5ad-d83a-482a-8af5-96ab3a2bc808','Daniel',107,'2pt');
insert into gridirongameevents(id,gameId,playType,period,teamFor,teamAgainst) values ('4c6eee9e-574d-4384-89c0-6f7054787b90','b11c69c6-632d-4fff-997e-ffd5d2065f1f','turnover',4,'TeamD','TeamA');
insert into gridirongameevents(id,gameId,playType,period,teamFor,teamAgainst) values ('b80febc8-172d-45d5-8187-f7cb39d53015','b11c69c6-632d-4fff-997e-ffd5d2065f1f','flag',4,'TeamA','TeamD');
insert into gridirongameevents(id,gameId,playType,period,teamFor,teamAgainst) values ('1a7e023a-851f-40e6-ae55-85c947e1f705','b11c69c6-632d-4fff-997e-ffd5d2065f1f','turnover',4,'TeamD','TeamA');
insert into gridirongameevents(id,gameId,playType,period,teamFor,teamAgainst) values ('24ccc4a5-3ffd-44d2-b7b7-3258383828e3','b11c69c6-632d-4fff-997e-ffd5d2065f1f','safety',4,'TeamD','TeamA');
insert into gridirongameevents(id,gameId,playType,period,teamFor,teamAgainst) values ('c1cf376d-e12e-426a-a6fa-dce134bff740','b11c69c6-632d-4fff-997e-ffd5d2065f1f','throw',4,'TeamD','TeamA');
insert into gridironthrows(eventId,playerThrowing,playerReceiving,yard,result) values ('c1cf376d-e12e-426a-a6fa-dce134bff740','Cameron','Cody','38','miss');
insert into gridirongameevents(id,gameId,playType,period,teamFor,teamAgainst) values ('495a795e-69bf-42de-b73c-533e1afe6412','b11c69c6-632d-4fff-997e-ffd5d2065f1f','turnover',4,'TeamD','TeamA');
insert into gridirongameevents(id,gameId,playType,period,teamFor,teamAgainst) values ('e63d2da4-f81d-43ae-be5c-3293212ec4be','b11c69c6-632d-4fff-997e-ffd5d2065f1f','rush',4,'TeamD','TeamA');
insert into gridironrushes(eventId,player,yard,result) values ('e63d2da4-f81d-43ae-be5c-3293212ec4be','Cauchy',59,'2pt');
insert into gridirongameevents(id,gameId,playType,period,teamFor,teamAgainst) values ('62d5ec8c-876f-4a75-9cf9-e334d1917c15','b11c69c6-632d-4fff-997e-ffd5d2065f1f','kick',4,'TeamA','TeamD');
insert into gridironkicks(eventId,player,yard,result) values ('62d5ec8c-876f-4a75-9cf9-e334d1917c15','Dickson',29,'miss');
insert into gridirongameevents(id,gameId,playType,period,teamFor,teamAgainst) values ('616030b2-fcc3-4796-8f51-af5d7cea8668','b11c69c6-632d-4fff-997e-ffd5d2065f1f','safety',4,'TeamD','TeamA');
insert into gridirongameevents(id,gameId,playType,period,teamFor,teamAgainst) values ('a0b3acfa-c3b9-4226-bda4-cd1c29801182','b11c69c6-632d-4fff-997e-ffd5d2065f1f','safety',4,'TeamA','TeamD');
insert into gridirongameevents(id,gameId,playType,period,teamFor,teamAgainst) values ('d980abc5-929d-42ce-a23a-739a278ea6bc','b11c69c6-632d-4fff-997e-ffd5d2065f1f','timeout',4,'TeamA','TeamD');
insert into gridirongameevents(id,gameId,playType,period,teamFor,teamAgainst) values ('1262ac02-9640-4988-aaf0-4814fc356e47','b11c69c6-632d-4fff-997e-ffd5d2065f1f','timeout',4,'TeamD','TeamA');
insert into gridirongameevents(id,gameId,playType,period,teamFor,teamAgainst) values ('4445e389-c626-41e8-b734-94da59e6e33d','b11c69c6-632d-4fff-997e-ffd5d2065f1f','timeout',4,'TeamD','TeamA');
insert into gridirongameevents(id,gameId,playType,period,teamFor,teamAgainst) values ('0701b6e1-d3ef-4021-935a-eef6c4151508','b11c69c6-632d-4fff-997e-ffd5d2065f1f','throw',4,'TeamD','TeamA');
insert into gridironthrows(eventId,playerThrowing,playerReceiving,yard,result) values ('0701b6e1-d3ef-4021-935a-eef6c4151508','Caleb','Cameron','7','non-scoring');
insert into gridirongameevents(id,gameId,playType,period,teamFor,teamAgainst) values ('327b38dc-7bf5-4e9e-b4c8-6ff3ce6f28b3','b11c69c6-632d-4fff-997e-ffd5d2065f1f','flag',4,'TeamD','TeamA');
insert into gridirongameevents(id,gameId,playType,period,teamFor,teamAgainst) values ('d787961a-6c79-4637-97fa-945296a44a78','b11c69c6-632d-4fff-997e-ffd5d2065f1f','throw',4,'TeamD','TeamA');
insert into gridironthrows(eventId,playerThrowing,playerReceiving,yard,result) values ('d787961a-6c79-4637-97fa-945296a44a78','Camel','Caleb','108','2pt');
insert into gridirongameevents(id,gameId,playType,period,teamFor,teamAgainst) values ('832c2599-5a47-4469-892a-640cd927f363','b11c69c6-632d-4fff-997e-ffd5d2065f1f','rush',4,'TeamA','TeamD');
insert into gridironrushes(eventId,player,yard,result) values ('832c2599-5a47-4469-892a-640cd927f363','Daniel',18,'2pt');
insert into gridirongameevents(id,gameId,playType,period,teamFor,teamAgainst) values ('5b3406e8-cc44-441f-8d8d-9e7d2a535062','b11c69c6-632d-4fff-997e-ffd5d2065f1f','kick',4,'TeamA','TeamD');
insert into gridironkicks(eventId,player,yard,result) values ('5b3406e8-cc44-441f-8d8d-9e7d2a535062','Denver',108,'extra-kick');
insert into gridirongameevents(id,gameId,playType,period,teamFor,teamAgainst) values ('75f60f52-dcff-4f97-bea9-6d6861a09256','b11c69c6-632d-4fff-997e-ffd5d2065f1f','throw',4,'TeamA','TeamD');
insert into gridironthrows(eventId,playerThrowing,playerReceiving,yard,result) values ('75f60f52-dcff-4f97-bea9-6d6861a09256','Dickson','Daniel','8','miss');
insert into gridirongameevents(id,gameId,playType,period,teamFor,teamAgainst) values ('fbf0f5a7-924c-45e6-993a-87814573af78','b11c69c6-632d-4fff-997e-ffd5d2065f1f','safety',4,'TeamD','TeamA');
insert into gridirongameevents(id,gameId,playType,period,teamFor,teamAgainst) values ('c332fb45-890c-4c93-ae39-187478a12e5e','b11c69c6-632d-4fff-997e-ffd5d2065f1f','flag',4,'TeamD','TeamA');
insert into gridirongameevents(id,gameId,playType,period,teamFor,teamAgainst) values ('d9692f6a-c347-49fb-b99a-af945e3461de','b11c69c6-632d-4fff-997e-ffd5d2065f1f','kick',4,'TeamD','TeamA');
insert into gridironkicks(eventId,player,yard,result) values ('d9692f6a-c347-49fb-b99a-af945e3461de','Cody',105,'field-goal');
insert into gridirongameevents(id,gameId,playType,period,teamFor,teamAgainst) values ('a67fc377-8763-461b-8ec4-48766928728d','b11c69c6-632d-4fff-997e-ffd5d2065f1f','turnover',4,'TeamA','TeamD');
insert into gridirongameevents(id,gameId,playType,period,teamFor,teamAgainst) values ('78439c82-7e51-4433-b16a-26f56bb90b8c','b11c69c6-632d-4fff-997e-ffd5d2065f1f','safety',4,'TeamA','TeamD');
insert into gridirongameevents(id,gameId,playType,period,teamFor,teamAgainst) values ('629f5a77-e0fb-4580-ba6b-e978c2c8a14b','b11c69c6-632d-4fff-997e-ffd5d2065f1f','flag',4,'TeamA','TeamD');
insert into gridirongameevents(id,gameId,playType,period,teamFor,teamAgainst) values ('d99c4d2b-12f6-4a7d-a6ed-1f6a354f5453','b11c69c6-632d-4fff-997e-ffd5d2065f1f','turnover',4,'TeamD','TeamA');
insert into gridirongameevents(id,gameId,playType,period,teamFor,teamAgainst) values ('664a4451-dbd4-4115-8f3a-405e24424486','b11c69c6-632d-4fff-997e-ffd5d2065f1f','kick',4,'TeamD','TeamA');
insert into gridironkicks(eventId,player,yard,result) values ('664a4451-dbd4-4115-8f3a-405e24424486','Caleb',91,'field-goal');
insert into gridirongameevents(id,gameId,playType,period,teamFor,teamAgainst) values ('1441436b-5f56-4078-9375-e927cbd6b304','b11c69c6-632d-4fff-997e-ffd5d2065f1f','timeout',4,'TeamA','TeamD');
insert into gridirongameevents(id,gameId,playType,period,teamFor,teamAgainst) values ('75d61a88-038f-4dc2-9fd7-e3389d458cc7','b11c69c6-632d-4fff-997e-ffd5d2065f1f','flag',4,'TeamD','TeamA');
insert into gridirongameevents(id,gameId,playType,period,teamFor,teamAgainst) values ('c94a7dc7-cba1-4a88-af98-00c5af0271c9','b11c69c6-632d-4fff-997e-ffd5d2065f1f','timeout',4,'TeamD','TeamA');
insert into gridirongameevents(id,gameId,playType,period,teamFor,teamAgainst) values ('165e4da6-0833-410b-9bb5-bb2690fab067','b11c69c6-632d-4fff-997e-ffd5d2065f1f','throw',4,'TeamA','TeamD');
insert into gridironthrows(eventId,playerThrowing,playerReceiving,yard,result) values ('165e4da6-0833-410b-9bb5-bb2690fab067','Doppler','Daniel','-5','miss');
insert into gridirongameevents(id,gameId,playType,period,teamFor,teamAgainst) values ('0ded6ac2-978d-46ac-8834-6ab1d00ff968','b11c69c6-632d-4fff-997e-ffd5d2065f1f','safety',4,'TeamA','TeamD');
insert into gridirongameevents(id,gameId,playType,period,teamFor,teamAgainst) values ('3a84aa26-71fe-4ea1-aed9-5e0acff1108e','b11c69c6-632d-4fff-997e-ffd5d2065f1f','timeout',4,'TeamD','TeamA');
insert into gridirongameevents(id,gameId,playType,period,teamFor,teamAgainst) values ('7d1f4ee5-1c38-4b84-abd1-afe79124e0ca','b11c69c6-632d-4fff-997e-ffd5d2065f1f','safety',4,'TeamD','TeamA');
insert into gridirongameevents(id,gameId,playType,period,teamFor,teamAgainst) values ('d7098125-600f-4b1a-aa5c-240d0c959588','b11c69c6-632d-4fff-997e-ffd5d2065f1f','flag',4,'TeamD','TeamA');
insert into gridirongameevents(id,gameId,playType,period,teamFor,teamAgainst) values ('ccf3f62e-754c-4b58-a935-cbc91ad762bb','b11c69c6-632d-4fff-997e-ffd5d2065f1f','timeout',4,'TeamD','TeamA');
insert into gridirongameevents(id,gameId,playType,period,teamFor,teamAgainst) values ('92afdea8-57c7-499b-9c17-c3f127d799bf','b11c69c6-632d-4fff-997e-ffd5d2065f1f','rush',4,'TeamD','TeamA');
insert into gridironrushes(eventId,player,yard,result) values ('92afdea8-57c7-499b-9c17-c3f127d799bf','Cody',9,'non-scoring');
insert into gridirongameevents(id,gameId,playType,period,teamFor,teamAgainst) values ('ed333934-5e6c-472b-be03-de569db99f0f','b11c69c6-632d-4fff-997e-ffd5d2065f1f','flag',4,'TeamA','TeamD');
insert into gridirongameevents(id,gameId,playType,period,teamFor,teamAgainst) values ('a04d7c1e-1b1e-424e-81db-c8c621e11494','b11c69c6-632d-4fff-997e-ffd5d2065f1f','flag',4,'TeamD','TeamA');
insert into gridirongameevents(id,gameId,playType,period,teamFor,teamAgainst) values ('28c45249-ae54-4ff7-8393-cc6f93109d9d','b11c69c6-632d-4fff-997e-ffd5d2065f1f','throw',4,'TeamD','TeamA');
insert into gridironthrows(eventId,playerThrowing,playerReceiving,yard,result) values ('28c45249-ae54-4ff7-8393-cc6f93109d9d','Camel','Caleb','89','miss');
insert into gridirongameevents(id,gameId,playType,period,teamFor,teamAgainst) values ('2560928e-b5f7-4bf5-bbc6-0d1753f83185','b11c69c6-632d-4fff-997e-ffd5d2065f1f','turnover',4,'TeamA','TeamD');
insert into gridirongameevents(id,gameId,playType,period,teamFor,teamAgainst) values ('04b01e0f-1556-4616-ac61-94aad51c8404','b11c69c6-632d-4fff-997e-ffd5d2065f1f','kick',4,'TeamA','TeamD');
insert into gridironkicks(eventId,player,yard,result) values ('04b01e0f-1556-4616-ac61-94aad51c8404','Doppler',11,'miss');
insert into gridirongameevents(id,gameId,playType,period,teamFor,teamAgainst) values ('2b111a24-cb95-4198-ae4d-988c6bbabed5','b11c69c6-632d-4fff-997e-ffd5d2065f1f','rush',4,'TeamD','TeamA');
insert into gridironrushes(eventId,player,yard,result) values ('2b111a24-cb95-4198-ae4d-988c6bbabed5','Cody',50,'2pt');
insert into gridirongameevents(id,gameId,playType,period,teamFor,teamAgainst) values ('3ced7ea1-777e-4b18-9f90-35ac6a618600','b11c69c6-632d-4fff-997e-ffd5d2065f1f','safety',4,'TeamA','TeamD');
insert into gridirongameevents(id,gameId,playType,period,teamFor,teamAgainst) values ('e4653f4e-d4ac-4ce2-adba-8f51e68463ff','b11c69c6-632d-4fff-997e-ffd5d2065f1f','timeout',4,'TeamA','TeamD');
insert into gridirongameevents(id,gameId,playType,period,teamFor,teamAgainst) values ('510910b1-fce4-42fe-953f-fc81e4e5b12b','b11c69c6-632d-4fff-997e-ffd5d2065f1f','safety',4,'TeamD','TeamA');
insert into gridirongameevents(id,gameId,playType,period,teamFor,teamAgainst) values ('1e82bcf7-4876-40c0-a521-17b1d5e1678a','b11c69c6-632d-4fff-997e-ffd5d2065f1f','kick',4,'TeamA','TeamD');
insert into gridironkicks(eventId,player,yard,result) values ('1e82bcf7-4876-40c0-a521-17b1d5e1678a','Doppler',84,'miss');
insert into gridirongameevents(id,gameId,playType,period,teamFor,teamAgainst) values ('3682d78a-8810-4148-9337-4b3ecefce1b0','b11c69c6-632d-4fff-997e-ffd5d2065f1f','kick',4,'TeamD','TeamA');
insert into gridironkicks(eventId,player,yard,result) values ('3682d78a-8810-4148-9337-4b3ecefce1b0','Caleb',98,'field-goal');
insert into gridirongameevents(id,gameId,playType,period,teamFor,teamAgainst) values ('dd2e384f-4390-49e7-8965-5a5d7a8bdebc','b11c69c6-632d-4fff-997e-ffd5d2065f1f','flag',4,'TeamA','TeamD');
insert into gridirongameevents(id,gameId,playType,period,teamFor,teamAgainst) values ('0a37e724-fd8d-4ee4-954b-1ae6185d4790','b11c69c6-632d-4fff-997e-ffd5d2065f1f','kick',4,'TeamA','TeamD');
insert into gridironkicks(eventId,player,yard,result) values ('0a37e724-fd8d-4ee4-954b-1ae6185d4790','Denver',69,'extra-kick');
insert into gridirongameevents(id,gameId,playType,period,teamFor,teamAgainst) values ('0999ea43-a318-4c95-bf50-09ef79ef6c5c','b11c69c6-632d-4fff-997e-ffd5d2065f1f','kick',4,'TeamD','TeamA');
insert into gridironkicks(eventId,player,yard,result) values ('0999ea43-a318-4c95-bf50-09ef79ef6c5c','Cameron',107,'miss');
insert into gridirongameevents(id,gameId,playType,period,teamFor,teamAgainst) values ('6b240f3d-7790-4e44-9c13-cb2be6ab8e57','b11c69c6-632d-4fff-997e-ffd5d2065f1f','safety',4,'TeamD','TeamA');
insert into gridirongameevents(id,gameId,playType,period,teamFor,teamAgainst) values ('ce3e5f95-1c62-4974-93ce-6aaed3fe6f2c','b11c69c6-632d-4fff-997e-ffd5d2065f1f','turnover',4,'TeamA','TeamD');
insert into gridirongameevents(id,gameId,playType,period,teamFor,teamAgainst) values ('6015d6ac-6deb-47c8-b33c-c25dd5f70792','b11c69c6-632d-4fff-997e-ffd5d2065f1f','throw',4,'TeamA','TeamD');
insert into gridironthrows(eventId,playerThrowing,playerReceiving,yard,result) values ('6015d6ac-6deb-47c8-b33c-c25dd5f70792','Doppler','Dickson','90','2pt');
insert into gridirongameevents(id,gameId,playType,period,teamFor,teamAgainst) values ('f8331241-0905-4483-97b8-ad0496b24779','b11c69c6-632d-4fff-997e-ffd5d2065f1f','flag',4,'TeamA','TeamD');
insert into gridirongameevents(id,gameId,playType,period,teamFor,teamAgainst) values ('eb5b45ec-968c-4ece-974c-262cc829df1b','b11c69c6-632d-4fff-997e-ffd5d2065f1f','turnover',4,'TeamD','TeamA');
insert into gridirongameevents(id,gameId,playType,period,teamFor,teamAgainst) values ('9e0e1fa3-6709-43ce-ab55-81649fa296c9','b11c69c6-632d-4fff-997e-ffd5d2065f1f','throw',4,'TeamD','TeamA');
insert into gridironthrows(eventId,playerThrowing,playerReceiving,yard,result) values ('9e0e1fa3-6709-43ce-ab55-81649fa296c9','Cody','Caleb','75','miss');
insert into gridirongameevents(id,gameId,playType,period,teamFor,teamAgainst) values ('c7c9d82a-7e9a-44e8-89c6-2e9c6d82cf98','b11c69c6-632d-4fff-997e-ffd5d2065f1f','safety',4,'TeamD','TeamA');
insert into gridirongameevents(id,gameId,playType,period,teamFor,teamAgainst) values ('75a4f9ba-c2d9-4d26-9aa2-f5c8ef63543d','b11c69c6-632d-4fff-997e-ffd5d2065f1f','flag',4,'TeamA','TeamD');
insert into gridirongameevents(id,gameId,playType,period,teamFor,teamAgainst) values ('3cbadce5-f96b-4feb-9850-3ab553c341d2','b11c69c6-632d-4fff-997e-ffd5d2065f1f','turnover',4,'TeamD','TeamA');
insert into gridirongameevents(id,gameId,playType,period,teamFor,teamAgainst) values ('418f8be3-f128-4ff3-9cd2-39e64eac83f0','b11c69c6-632d-4fff-997e-ffd5d2065f1f','timeout',4,'TeamA','TeamD');
insert into gridirongameevents(id,gameId,playType,period,teamFor,teamAgainst) values ('5fffca76-6045-483e-8d55-ddeab51836ec','b11c69c6-632d-4fff-997e-ffd5d2065f1f','rush',4,'TeamA','TeamD');
insert into gridironrushes(eventId,player,yard,result) values ('5fffca76-6045-483e-8d55-ddeab51836ec','Denver',-3,'non-scoring');
insert into gridirongameevents(id,gameId,playType,period,teamFor,teamAgainst) values ('180052ce-ee68-4faa-a642-463a264d63a0','b11c69c6-632d-4fff-997e-ffd5d2065f1f','timeout',4,'TeamD','TeamA');
insert into gridirongameevents(id,gameId,playType,period,teamFor,teamAgainst) values ('7af90084-c423-41ae-9d5c-d8c573965a6d','b11c69c6-632d-4fff-997e-ffd5d2065f1f','timeout',4,'TeamD','TeamA');
insert into gridirongameevents(id,gameId,playType,period,teamFor,teamAgainst) values ('9433b4d1-0cd5-4b5f-860c-76f69d8109f7','b11c69c6-632d-4fff-997e-ffd5d2065f1f','throw',4,'TeamD','TeamA');
insert into gridironthrows(eventId,playerThrowing,playerReceiving,yard,result) values ('9433b4d1-0cd5-4b5f-860c-76f69d8109f7','Camel','Cody','72','miss');
insert into gridirongameevents(id,gameId,playType,period,teamFor,teamAgainst) values ('48503c48-8786-4aa4-b693-2a74e2e4770d','b11c69c6-632d-4fff-997e-ffd5d2065f1f','turnover',4,'TeamD','TeamA');
insert into gridirongameevents(id,gameId,playType,period,teamFor,teamAgainst) values ('52e5a711-50de-443d-8739-68d1b862c425','b11c69c6-632d-4fff-997e-ffd5d2065f1f','kick',4,'TeamD','TeamA');
insert into gridironkicks(eventId,player,yard,result) values ('52e5a711-50de-443d-8739-68d1b862c425','Camel',59,'miss');
insert into gridirongameevents(id,gameId,playType,period,teamFor,teamAgainst) values ('ab714ecf-66d3-49b1-8e53-7dce06f60518','b11c69c6-632d-4fff-997e-ffd5d2065f1f','rush',4,'TeamD','TeamA');
insert into gridironrushes(eventId,player,yard,result) values ('ab714ecf-66d3-49b1-8e53-7dce06f60518','Caleb',120,'2pt');
insert into gridirongameevents(id,gameId,playType,period,teamFor,teamAgainst) values ('9bc18f23-b2f9-438e-ab99-4eb4f8c4be12','b11c69c6-632d-4fff-997e-ffd5d2065f1f','flag',4,'TeamA','TeamD');
insert into gridirongameevents(id,gameId,playType,period,teamFor,teamAgainst) values ('c67f5c73-1801-4b8f-9490-66338515a64d','b11c69c6-632d-4fff-997e-ffd5d2065f1f','timeout',4,'TeamD','TeamA');
insert into gridirongameevents(id,gameId,playType,period,teamFor,teamAgainst) values ('fd76c9dc-e87b-41b2-9242-507c7e604509','b11c69c6-632d-4fff-997e-ffd5d2065f1f','flag',4,'TeamD','TeamA');
insert into gridirongameevents(id,gameId,playType,period,teamFor,teamAgainst) values ('73030756-4c84-47fa-a42f-9a7440feaa7f','b11c69c6-632d-4fff-997e-ffd5d2065f1f','timeout',4,'TeamD','TeamA');
insert into gridirongameevents(id,gameId,playType,period,teamFor,teamAgainst) values ('17e7f965-7e15-4fe9-b40a-0ae0075eae57','b11c69c6-632d-4fff-997e-ffd5d2065f1f','throw',4,'TeamD','TeamA');
insert into gridironthrows(eventId,playerThrowing,playerReceiving,yard,result) values ('17e7f965-7e15-4fe9-b40a-0ae0075eae57','Cauchy','Cameron','39','miss');
insert into gridirongameevents(id,gameId,playType,period,teamFor,teamAgainst) values ('d0550706-5b45-4190-9ee8-6f3af5f49c64','b11c69c6-632d-4fff-997e-ffd5d2065f1f','rush',4,'TeamD','TeamA');
insert into gridironrushes(eventId,player,yard,result) values ('d0550706-5b45-4190-9ee8-6f3af5f49c64','Cody',58,'non-scoring');
insert into gridirongameevents(id,gameId,playType,period,teamFor,teamAgainst) values ('edb6350d-74d8-4ef8-89c9-1a30cadeead2','b11c69c6-632d-4fff-997e-ffd5d2065f1f','kick',4,'TeamD','TeamA');
insert into gridironkicks(eventId,player,yard,result) values ('edb6350d-74d8-4ef8-89c9-1a30cadeead2','Cody',55,'miss');
insert into gridirongameevents(id,gameId,playType,period,teamFor,teamAgainst) values ('b147d32e-7670-4ba8-a7ef-db131dadd7c3','b11c69c6-632d-4fff-997e-ffd5d2065f1f','rush',4,'TeamD','TeamA');
insert into gridironrushes(eventId,player,yard,result) values ('b147d32e-7670-4ba8-a7ef-db131dadd7c3','Caleb',36,'non-scoring');
insert into gridirongameevents(id,gameId,playType,period,teamFor,teamAgainst) values ('1cb7231c-f67c-4547-93c5-6fe34a0adaf6','b11c69c6-632d-4fff-997e-ffd5d2065f1f','throw',4,'TeamD','TeamA');
insert into gridironthrows(eventId,playerThrowing,playerReceiving,yard,result) values ('1cb7231c-f67c-4547-93c5-6fe34a0adaf6','Camel','Caleb','-8','non-scoring');
insert into gridirongameevents(id,gameId,playType,period,teamFor,teamAgainst) values ('0e6a9732-e40c-44e8-a341-85fc7665ab1b','b11c69c6-632d-4fff-997e-ffd5d2065f1f','throw',4,'TeamD','TeamA');
insert into gridironthrows(eventId,playerThrowing,playerReceiving,yard,result) values ('0e6a9732-e40c-44e8-a341-85fc7665ab1b','Cauchy','Cody','30','2pt');
insert into gridirongameevents(id,gameId,playType,period,teamFor,teamAgainst) values ('278498fd-7641-4e81-8dcb-e8d93f7e7a43','b11c69c6-632d-4fff-997e-ffd5d2065f1f','timeout',4,'TeamD','TeamA');
insert into gridirongameevents(id,gameId,playType,period,teamFor,teamAgainst) values ('2322342b-afb9-44a6-b4a5-a1275b3677b3','b11c69c6-632d-4fff-997e-ffd5d2065f1f','turnover',4,'TeamA','TeamD');
insert into gridirongameevents(id,gameId,playType,period,teamFor,teamAgainst) values ('1915ca02-db02-4a9f-967b-e5f500e0c75c','b11c69c6-632d-4fff-997e-ffd5d2065f1f','flag',4,'TeamD','TeamA');
insert into gridirongameevents(id,gameId,playType,period,teamFor,teamAgainst) values ('8bb0bb89-4009-41b2-93dd-74cac9fdbf65','b11c69c6-632d-4fff-997e-ffd5d2065f1f','throw',4,'TeamA','TeamD');
insert into gridironthrows(eventId,playerThrowing,playerReceiving,yard,result) values ('8bb0bb89-4009-41b2-93dd-74cac9fdbf65','Daniel','Denver','15','touchdown');
insert into gridirongameevents(id,gameId,playType,period,teamFor,teamAgainst) values ('e4e63c0e-8613-4564-8862-0ecf61d53067','b11c69c6-632d-4fff-997e-ffd5d2065f1f','turnover',4,'TeamD','TeamA');
insert into gridirongameevents(id,gameId,playType,period,teamFor,teamAgainst) values ('e9d70e1b-e6ca-4154-9df7-7e913c27aaf8','b11c69c6-632d-4fff-997e-ffd5d2065f1f','turnover',4,'TeamD','TeamA');
insert into gridirongameevents(id,gameId,playType,period,teamFor,teamAgainst) values ('61af3ec5-a318-4f50-b5da-6ca8cf1d0ac6','b11c69c6-632d-4fff-997e-ffd5d2065f1f','flag',4,'TeamA','TeamD');
insert into gridirongameevents(id,gameId,playType,period,teamFor,teamAgainst) values ('c5944d62-b266-45dc-87e7-fb9e14249c5d','b11c69c6-632d-4fff-997e-ffd5d2065f1f','kick',4,'TeamA','TeamD');
insert into gridironkicks(eventId,player,yard,result) values ('c5944d62-b266-45dc-87e7-fb9e14249c5d','Dickson',72,'field-goal');
insert into gridirongameevents(id,gameId,playType,period,teamFor,teamAgainst) values ('e4b1c121-1707-4e48-9ef2-48c54938ebea','b11c69c6-632d-4fff-997e-ffd5d2065f1f','throw',4,'TeamA','TeamD');
insert into gridironthrows(eventId,playerThrowing,playerReceiving,yard,result) values ('e4b1c121-1707-4e48-9ef2-48c54938ebea','Daniel','Dapper','101','touchdown');
insert into gridirongameevents(id,gameId,playType,period,teamFor,teamAgainst) values ('a35b02e0-4ad7-4b19-a64d-84cad5271f05','b11c69c6-632d-4fff-997e-ffd5d2065f1f','throw',4,'TeamD','TeamA');
insert into gridironthrows(eventId,playerThrowing,playerReceiving,yard,result) values ('a35b02e0-4ad7-4b19-a64d-84cad5271f05','Cody','Caleb','82','touchdown');
insert into gridirongameevents(id,gameId,playType,period,teamFor,teamAgainst) values ('137bd47f-c2fa-4cb6-9945-fc92008d5134','b11c69c6-632d-4fff-997e-ffd5d2065f1f','turnover',4,'TeamA','TeamD');
insert into gridirongameevents(id,gameId,playType,period,teamFor,teamAgainst) values ('297026b0-0c91-488d-9654-598db94c1699','b11c69c6-632d-4fff-997e-ffd5d2065f1f','safety',4,'TeamD','TeamA');
insert into gridirongameevents(id,gameId,playType,period,teamFor,teamAgainst) values ('567d1657-503b-440a-8c54-2a82376dd2a2','b11c69c6-632d-4fff-997e-ffd5d2065f1f','safety',4,'TeamA','TeamD');
insert into gridirongameevents(id,gameId,playType,period,teamFor,teamAgainst) values ('44d7b527-7999-425f-9b91-642d427b51cb','b11c69c6-632d-4fff-997e-ffd5d2065f1f','safety',4,'TeamA','TeamD');
insert into gridirongameevents(id,gameId,playType,period,teamFor,teamAgainst) values ('7c9156f2-41c4-425c-a475-4c6f4d1442c6','b11c69c6-632d-4fff-997e-ffd5d2065f1f','timeout',4,'TeamA','TeamD');
insert into gridirongameevents(id,gameId,playType,period,teamFor,teamAgainst) values ('a1daa22b-de56-4612-8657-8d2694d241e0','b11c69c6-632d-4fff-997e-ffd5d2065f1f','timeout',4,'TeamD','TeamA');
insert into gridirongameevents(id,gameId,playType,period,teamFor,teamAgainst) values ('d8b9d07c-afd6-4586-b060-2956a68e3ef0','b11c69c6-632d-4fff-997e-ffd5d2065f1f','timeout',4,'TeamD','TeamA');
insert into gridirongameevents(id,gameId,playType,period,teamFor,teamAgainst) values ('3954d674-0217-457b-877c-1e9ff8eff44a','b11c69c6-632d-4fff-997e-ffd5d2065f1f','turnover',4,'TeamA','TeamD');
insert into gridirongameevents(id,gameId,playType,period,teamFor,teamAgainst) values ('f129fdd2-b90a-4cef-95f1-b1d1cc6e5105','b11c69c6-632d-4fff-997e-ffd5d2065f1f','throw',4,'TeamA','TeamD');
insert into gridironthrows(eventId,playerThrowing,playerReceiving,yard,result) values ('f129fdd2-b90a-4cef-95f1-b1d1cc6e5105','Dapper','Denver','85','2pt');
insert into gridirongameevents(id,gameId,playType,period,teamFor,teamAgainst) values ('6e2d993c-f6d2-4ae9-bd25-18f8c4c4898e','b11c69c6-632d-4fff-997e-ffd5d2065f1f','flag',4,'TeamA','TeamD');
insert into gridirongameevents(id,gameId,playType,period,teamFor,teamAgainst) values ('d3581e5c-53ad-4b15-af38-fb5f9f3fba81','b11c69c6-632d-4fff-997e-ffd5d2065f1f','safety',4,'TeamD','TeamA');
insert into gridirongameevents(id,gameId,playType,period,teamFor,teamAgainst) values ('f2c92cff-d022-4414-8fa7-4ecaf2f5d896','b11c69c6-632d-4fff-997e-ffd5d2065f1f','turnover',4,'TeamD','TeamA');
