insert into users values ('adc719cd-6237-426f-bfd7-748cdbdfd4d6', 'iram', 'iram_1nil@gmail.com', 'somehash');
insert into leagues values ('890efb7f-a729-4c81-9b67-4b1d605a99ba', 'basketball', 'Small Ballers', 'password');
insert into leagues values ('244bcd9c-08b6-401f-a9c9-435c361e3f65', 'basketball', 'Medium Ballers', 'password');
insert into leagues values ('25bed393-9b66-4983-a8cb-014a1f6b9c01', 'basketball', 'Big Ballers', 'password');
insert into basketballgames(id,leagueId,home,away,starttime) values ('a02fc578-98ac-4033-9cf1-a204358224b2','890efb7f-a729-4c81-9b67-4b1d605a99ba','TeamA','TeamB','2023-02-23T22:42:43+00:00');
insert into basketballgameevents(id,gameId,playType,period,teamFor,teamAgainst) values ('d1406cdc-751e-4355-9a75-7c802c5577fb','a02fc578-98ac-4033-9cf1-a204358224b2','turnover',1,'TeamA','TeamB');
insert into basketballturnovers(eventId,player) values ('d1406cdc-751e-4355-9a75-7c802c5577fb','Alain');
insert into basketballgameevents(id,gameId,playType,period,teamFor,teamAgainst) values ('c7914f31-d423-4d90-a23d-bbe6d8fbcbfd','a02fc578-98ac-4033-9cf1-a204358224b2','turnover',1,'TeamA','TeamB');
insert into basketballturnovers(eventId,player) values ('c7914f31-d423-4d90-a23d-bbe6d8fbcbfd','Adam');
insert into basketballgameevents(id,gameId,playType,period,teamFor,teamAgainst) values ('0b8bfbbe-cebc-424a-b319-bf60c463dee2','a02fc578-98ac-4033-9cf1-a204358224b2','turnover',1,'TeamA','TeamB');
insert into basketballturnovers(eventId,player) values ('0b8bfbbe-cebc-424a-b319-bf60c463dee2','Adam');
insert into basketballgameevents(id,gameId,playType,period,teamFor,teamAgainst) values ('41459669-e3e8-418f-9f30-c7f094c9ca4f','a02fc578-98ac-4033-9cf1-a204358224b2','point',1,'TeamA','TeamB');
insert into basketballpoints(eventId,player,result,point) values ('41459669-e3e8-418f-9f30-c7f094c9ca4f','Adam','miss',1);
insert into basketballgameevents(id,gameId,playType,period,teamFor,teamAgainst) values ('43d8735c-0a69-4d49-a7a8-cecf867c2f5d','a02fc578-98ac-4033-9cf1-a204358224b2','rebound',1,'TeamB','TeamA');
insert into basketballrebounds(eventId,player) values ('43d8735c-0a69-4d49-a7a8-cecf867c2f5d','Banin');
insert into basketballgameevents(id,gameId,playType,period,teamFor,teamAgainst) values ('e1fead9c-4014-4c57-9eb1-a4c69f0a8937','a02fc578-98ac-4033-9cf1-a204358224b2','point',1,'TeamB','TeamA');
insert into basketballpoints(eventId,player,assist,result,point) values ('e1fead9c-4014-4c57-9eb1-a4c69f0a8937', 'Ben', 'Bonnie', 'made', 1);
insert into basketballgameevents(id,gameId,playType,period,teamFor,teamAgainst) values ('4f8282fd-1b2a-45c7-834d-68be59dbe1dd','a02fc578-98ac-4033-9cf1-a204358224b2','steal',1,'TeamB','TeamA');
insert into basketballsteals(eventId,player) values ('4f8282fd-1b2a-45c7-834d-68be59dbe1dd','Banin');
insert into basketballgameevents(id,gameId,playType,period,teamFor,teamAgainst) values ('79a38416-fef0-4daa-bb21-d9da6e2208c2','a02fc578-98ac-4033-9cf1-a204358224b2','rebound',1,'TeamB','TeamA');
insert into basketballrebounds(eventId,player) values ('79a38416-fef0-4daa-bb21-d9da6e2208c2','Banin');
insert into basketballgameevents(id,gameId,playType,period,teamFor,teamAgainst) values ('a02ea31b-67ad-4cbc-853c-363db9cd563d','a02fc578-98ac-4033-9cf1-a204358224b2','turnover',1,'TeamB','TeamA');
insert into basketballturnovers(eventId,player) values ('a02ea31b-67ad-4cbc-853c-363db9cd563d','Beckham');
insert into basketballgameevents(id,gameId,playType,period,teamFor,teamAgainst) values ('eee58e75-4f1b-4cef-80b5-dbaa195665a5','a02fc578-98ac-4033-9cf1-a204358224b2','point',1,'TeamA','TeamB');
insert into basketballpoints(eventId,player,result,point) values ('eee58e75-4f1b-4cef-80b5-dbaa195665a5','Alain','miss',1);
insert into basketballgameevents(id,gameId,playType,period,teamFor,teamAgainst) values ('57fdc775-333d-43db-aefc-70a4f116dca7','a02fc578-98ac-4033-9cf1-a204358224b2','point',1,'TeamA','TeamB');
insert into basketballpoints(eventId,player,result,point) values ('57fdc775-333d-43db-aefc-70a4f116dca7','Alice','miss',1);
insert into basketballgameevents(id,gameId,playType,period,teamFor,teamAgainst) values ('6f03849d-48f2-41fc-9b86-f1d38689de94','a02fc578-98ac-4033-9cf1-a204358224b2','foul',1,'TeamB','TeamA');
insert into basketballfouls(eventId,player,reason) values ('6f03849d-48f2-41fc-9b86-f1d38689de94','Beckham','Pushing');
insert into basketballgameevents(id,gameId,playType,period,teamFor,teamAgainst) values ('1ce79ef0-f56c-491d-8be3-0e0e99d4040d','a02fc578-98ac-4033-9cf1-a204358224b2','steal',1,'TeamB','TeamA');
insert into basketballsteals(eventId,player) values ('1ce79ef0-f56c-491d-8be3-0e0e99d4040d','Beckham');
insert into basketballgameevents(id,gameId,playType,period,teamFor,teamAgainst) values ('ac789a55-04c4-4be3-98b7-626604507926','a02fc578-98ac-4033-9cf1-a204358224b2','point',1,'TeamA','TeamB');
insert into basketballpoints(eventId,player,result,point) values ('ac789a55-04c4-4be3-98b7-626604507926','Alain','miss',3);
insert into basketballgameevents(id,gameId,playType,period,teamFor,teamAgainst) values ('ef36c817-72ef-4b70-b14c-dc9d22d688df','a02fc578-98ac-4033-9cf1-a204358224b2','point',1,'TeamA','TeamB');
insert into basketballpoints(eventId,player,result,point) values ('ef36c817-72ef-4b70-b14c-dc9d22d688df','Abdul','made',3);
insert into basketballgameevents(id,gameId,playType,period,teamFor,teamAgainst) values ('5849c23d-cd89-4d6a-99fd-d080bfbe1ff3','a02fc578-98ac-4033-9cf1-a204358224b2','foul',1,'TeamB','TeamA');
insert into basketballfouls(eventId,player,reason) values ('5849c23d-cd89-4d6a-99fd-d080bfbe1ff3','Ben','Pushing');
insert into basketballgameevents(id,gameId,playType,period,teamFor,teamAgainst) values ('7ff6de18-4a30-4a7e-9e96-3140bf76791e','a02fc578-98ac-4033-9cf1-a204358224b2','block',1,'TeamB','TeamA');
insert into basketballblocks(eventId,player) values ('7ff6de18-4a30-4a7e-9e96-3140bf76791e','Banin');
insert into basketballgameevents(id,gameId,playType,period,teamFor,teamAgainst) values ('d1b5f79a-38f0-4822-b7c8-e549b37aa8a8','a02fc578-98ac-4033-9cf1-a204358224b2','rebound',1,'TeamA','TeamB');
insert into basketballrebounds(eventId,player) values ('d1b5f79a-38f0-4822-b7c8-e549b37aa8a8','Alice');
insert into basketballgameevents(id,gameId,playType,period,teamFor,teamAgainst) values ('d08badef-abcb-4743-83a3-9e5f0a10ee71','a02fc578-98ac-4033-9cf1-a204358224b2','point',1,'TeamB','TeamA');
insert into basketballpoints(eventId,player,assist,result,point) values ('d08badef-abcb-4743-83a3-9e5f0a10ee71', 'Beckham', 'Ben', 'made', 1);
insert into basketballgameevents(id,gameId,playType,period,teamFor,teamAgainst) values ('c2eebc89-b1a8-48d3-82e7-defefb3a0099','a02fc578-98ac-4033-9cf1-a204358224b2','foul',1,'TeamB','TeamA');
insert into basketballfouls(eventId,player,reason) values ('c2eebc89-b1a8-48d3-82e7-defefb3a0099','Banin','Pushing');
insert into basketballgameevents(id,gameId,playType,period,teamFor,teamAgainst) values ('5324c829-84fe-4d02-90b9-a0428bf1d837','a02fc578-98ac-4033-9cf1-a204358224b2','steal',1,'TeamA','TeamB');
insert into basketballsteals(eventId,player) values ('5324c829-84fe-4d02-90b9-a0428bf1d837','Abby');
insert into basketballgameevents(id,gameId,playType,period,teamFor,teamAgainst) values ('3b16ba85-83ec-4627-bd53-5acf1b3683ac','a02fc578-98ac-4033-9cf1-a204358224b2','steal',1,'TeamA','TeamB');
insert into basketballsteals(eventId,player) values ('3b16ba85-83ec-4627-bd53-5acf1b3683ac','Adam');
insert into basketballgameevents(id,gameId,playType,period,teamFor,teamAgainst) values ('557a8afd-cc25-4ae7-87aa-9f661d7fe335','a02fc578-98ac-4033-9cf1-a204358224b2','steal',1,'TeamA','TeamB');
insert into basketballsteals(eventId,player) values ('557a8afd-cc25-4ae7-87aa-9f661d7fe335','Alain');
insert into basketballgameevents(id,gameId,playType,period,teamFor,teamAgainst) values ('4ba0b0d6-2e3d-448c-89c3-7fab78e21b18','a02fc578-98ac-4033-9cf1-a204358224b2','turnover',1,'TeamA','TeamB');
insert into basketballturnovers(eventId,player) values ('4ba0b0d6-2e3d-448c-89c3-7fab78e21b18','Alice');
insert into basketballgameevents(id,gameId,playType,period,teamFor,teamAgainst) values ('e027b65f-6f61-4b21-9dfe-f45c2594f644','a02fc578-98ac-4033-9cf1-a204358224b2','rebound',1,'TeamA','TeamB');
insert into basketballrebounds(eventId,player) values ('e027b65f-6f61-4b21-9dfe-f45c2594f644','Alain');
insert into basketballgameevents(id,gameId,playType,period,teamFor,teamAgainst) values ('908c7dfb-76c9-48d7-b8ac-fec5065e25e8','a02fc578-98ac-4033-9cf1-a204358224b2','foul',1,'TeamA','TeamB');
insert into basketballfouls(eventId,player,reason) values ('908c7dfb-76c9-48d7-b8ac-fec5065e25e8','Abdul','Pushing');
insert into basketballgameevents(id,gameId,playType,period,teamFor,teamAgainst) values ('4fbe987c-9ade-462b-afe8-c1e05fcad067','a02fc578-98ac-4033-9cf1-a204358224b2','turnover',1,'TeamB','TeamA');
insert into basketballturnovers(eventId,player) values ('4fbe987c-9ade-462b-afe8-c1e05fcad067','Bonnie');
insert into basketballgameevents(id,gameId,playType,period,teamFor,teamAgainst) values ('6a28475c-2fa1-4ee4-92d2-1640acd9f5eb','a02fc578-98ac-4033-9cf1-a204358224b2','steal',1,'TeamA','TeamB');
insert into basketballsteals(eventId,player) values ('6a28475c-2fa1-4ee4-92d2-1640acd9f5eb','Adam');
insert into basketballgameevents(id,gameId,playType,period,teamFor,teamAgainst) values ('24153b5e-06cd-47b4-aa55-1998b371c774','a02fc578-98ac-4033-9cf1-a204358224b2','block',1,'TeamA','TeamB');
insert into basketballblocks(eventId,player) values ('24153b5e-06cd-47b4-aa55-1998b371c774','Alain');
insert into basketballgameevents(id,gameId,playType,period,teamFor,teamAgainst) values ('38717a89-bb03-4278-a262-5d0741aac8d5','a02fc578-98ac-4033-9cf1-a204358224b2','foul',1,'TeamA','TeamB');
insert into basketballfouls(eventId,player,reason) values ('38717a89-bb03-4278-a262-5d0741aac8d5','Abdul','Holding');
insert into basketballgameevents(id,gameId,playType,period,teamFor,teamAgainst) values ('882f59e1-8af3-4bec-b6df-4ef28a96eef0','a02fc578-98ac-4033-9cf1-a204358224b2','foul',1,'TeamA','TeamB');
insert into basketballfouls(eventId,player,reason) values ('882f59e1-8af3-4bec-b6df-4ef28a96eef0','Abby','Pushing');
insert into basketballgameevents(id,gameId,playType,period,teamFor,teamAgainst) values ('757f419c-88a9-4816-8fb5-4a607f967c63','a02fc578-98ac-4033-9cf1-a204358224b2','rebound',1,'TeamB','TeamA');
insert into basketballrebounds(eventId,player) values ('757f419c-88a9-4816-8fb5-4a607f967c63','Bonnie');
insert into basketballgameevents(id,gameId,playType,period,teamFor,teamAgainst) values ('f368731c-87e9-4e3d-91d6-2a3915514772','a02fc578-98ac-4033-9cf1-a204358224b2','block',1,'TeamA','TeamB');
insert into basketballblocks(eventId,player) values ('f368731c-87e9-4e3d-91d6-2a3915514772','Abby');
insert into basketballgameevents(id,gameId,playType,period,teamFor,teamAgainst) values ('62d9d307-ddb1-4421-9a8c-b30b4f4d3f68','a02fc578-98ac-4033-9cf1-a204358224b2','turnover',1,'TeamA','TeamB');
insert into basketballturnovers(eventId,player) values ('62d9d307-ddb1-4421-9a8c-b30b4f4d3f68','Abdul');
insert into basketballgameevents(id,gameId,playType,period,teamFor,teamAgainst) values ('4d11a2c0-ebe6-41b9-90af-79b082fae8cd','a02fc578-98ac-4033-9cf1-a204358224b2','block',1,'TeamB','TeamA');
insert into basketballblocks(eventId,player) values ('4d11a2c0-ebe6-41b9-90af-79b082fae8cd','Ben');
insert into basketballgameevents(id,gameId,playType,period,teamFor,teamAgainst) values ('6b0b0c00-3074-4c28-8d34-9cd039082bc3','a02fc578-98ac-4033-9cf1-a204358224b2','point',1,'TeamB','TeamA');
insert into basketballpoints(eventId,player,assist,result,point) values ('6b0b0c00-3074-4c28-8d34-9cd039082bc3', 'Ben', 'Banin', 'made', 3);
insert into basketballgameevents(id,gameId,playType,period,teamFor,teamAgainst) values ('15e50c55-0e4f-4e68-bd68-d11188977417','a02fc578-98ac-4033-9cf1-a204358224b2','foul',1,'TeamA','TeamB');
insert into basketballfouls(eventId,player,reason) values ('15e50c55-0e4f-4e68-bd68-d11188977417','Alice','Pushing');
insert into basketballgameevents(id,gameId,playType,period,teamFor,teamAgainst) values ('53fe90d1-9232-4e9b-aa4e-ced77d8f96e2','a02fc578-98ac-4033-9cf1-a204358224b2','block',1,'TeamB','TeamA');
insert into basketballblocks(eventId,player) values ('53fe90d1-9232-4e9b-aa4e-ced77d8f96e2','Ben');
insert into basketballgameevents(id,gameId,playType,period,teamFor,teamAgainst) values ('29f2c61c-e0a0-4251-bcda-96577fa63167','a02fc578-98ac-4033-9cf1-a204358224b2','rebound',1,'TeamA','TeamB');
insert into basketballrebounds(eventId,player) values ('29f2c61c-e0a0-4251-bcda-96577fa63167','Adam');
insert into basketballgameevents(id,gameId,playType,period,teamFor,teamAgainst) values ('0c9d1cbe-7624-4349-a115-16b9d1e17f7a','a02fc578-98ac-4033-9cf1-a204358224b2','turnover',1,'TeamB','TeamA');
insert into basketballturnovers(eventId,player) values ('0c9d1cbe-7624-4349-a115-16b9d1e17f7a','Banin');
insert into basketballgameevents(id,gameId,playType,period,teamFor,teamAgainst) values ('d4dd3b46-4361-46fb-92c7-737d40f227bb','a02fc578-98ac-4033-9cf1-a204358224b2','foul',1,'TeamB','TeamA');
insert into basketballfouls(eventId,player,reason) values ('d4dd3b46-4361-46fb-92c7-737d40f227bb','Barry','Pushing');
insert into basketballgameevents(id,gameId,playType,period,teamFor,teamAgainst) values ('79e894de-3d71-4e8a-bc31-1a7911d2a78d','a02fc578-98ac-4033-9cf1-a204358224b2','rebound',1,'TeamA','TeamB');
insert into basketballrebounds(eventId,player) values ('79e894de-3d71-4e8a-bc31-1a7911d2a78d','Alain');
insert into basketballgameevents(id,gameId,playType,period,teamFor,teamAgainst) values ('d337675b-8a44-43d2-836d-6b02cb6f846d','a02fc578-98ac-4033-9cf1-a204358224b2','block',1,'TeamB','TeamA');
insert into basketballblocks(eventId,player) values ('d337675b-8a44-43d2-836d-6b02cb6f846d','Beckham');
insert into basketballgameevents(id,gameId,playType,period,teamFor,teamAgainst) values ('86a41b29-50f1-4d2a-b245-66bf647ecd75','a02fc578-98ac-4033-9cf1-a204358224b2','block',1,'TeamB','TeamA');
insert into basketballblocks(eventId,player) values ('86a41b29-50f1-4d2a-b245-66bf647ecd75','Banin');
insert into basketballgameevents(id,gameId,playType,period,teamFor,teamAgainst) values ('c7886b84-bb0c-4637-8f13-ab5f7d4f7d3b','a02fc578-98ac-4033-9cf1-a204358224b2','foul',1,'TeamB','TeamA');
insert into basketballfouls(eventId,player,reason) values ('c7886b84-bb0c-4637-8f13-ab5f7d4f7d3b','Barry','Pushing');
insert into basketballgameevents(id,gameId,playType,period,teamFor,teamAgainst) values ('8d950e28-be35-4d64-9fe1-df4d2b4c0491','a02fc578-98ac-4033-9cf1-a204358224b2','rebound',1,'TeamA','TeamB');
insert into basketballrebounds(eventId,player) values ('8d950e28-be35-4d64-9fe1-df4d2b4c0491','Alice');
insert into basketballgameevents(id,gameId,playType,period,teamFor,teamAgainst) values ('953c8d75-ec7e-4173-a894-dcb75d89263b','a02fc578-98ac-4033-9cf1-a204358224b2','rebound',1,'TeamB','TeamA');
insert into basketballrebounds(eventId,player) values ('953c8d75-ec7e-4173-a894-dcb75d89263b','Barry');
insert into basketballgameevents(id,gameId,playType,period,teamFor,teamAgainst) values ('dca274c8-14ed-4362-8655-5692595f59e0','a02fc578-98ac-4033-9cf1-a204358224b2','block',1,'TeamB','TeamA');
insert into basketballblocks(eventId,player) values ('dca274c8-14ed-4362-8655-5692595f59e0','Banin');
insert into basketballgameevents(id,gameId,playType,period,teamFor,teamAgainst) values ('4b044bac-a1b6-4c92-9b6b-16621d70c485','a02fc578-98ac-4033-9cf1-a204358224b2','point',1,'TeamB','TeamA');
insert into basketballpoints(eventId,player,result,point) values ('4b044bac-a1b6-4c92-9b6b-16621d70c485','Bonnie','miss',1);
insert into basketballgameevents(id,gameId,playType,period,teamFor,teamAgainst) values ('211f7e94-25bf-4da1-a388-9ac0262baa2b','a02fc578-98ac-4033-9cf1-a204358224b2','block',1,'TeamB','TeamA');
insert into basketballblocks(eventId,player) values ('211f7e94-25bf-4da1-a388-9ac0262baa2b','Banin');
insert into basketballgameevents(id,gameId,playType,period,teamFor,teamAgainst) values ('c5195d52-7f3d-4ed3-87cc-4765d007f038','a02fc578-98ac-4033-9cf1-a204358224b2','point',1,'TeamB','TeamA');
insert into basketballpoints(eventId,player,result,point) values ('c5195d52-7f3d-4ed3-87cc-4765d007f038','Barry','miss',3);
insert into basketballgameevents(id,gameId,playType,period,teamFor,teamAgainst) values ('88fc137f-0cc7-49a6-b079-127a8cc63659','a02fc578-98ac-4033-9cf1-a204358224b2','point',1,'TeamB','TeamA');
insert into basketballpoints(eventId,player,result,point) values ('88fc137f-0cc7-49a6-b079-127a8cc63659','Banin','made',2);
insert into basketballgameevents(id,gameId,playType,period,teamFor,teamAgainst) values ('7827422b-3a85-4183-8dd8-a47c1f42791f','a02fc578-98ac-4033-9cf1-a204358224b2','turnover',1,'TeamB','TeamA');
insert into basketballturnovers(eventId,player) values ('7827422b-3a85-4183-8dd8-a47c1f42791f','Beckham');
insert into basketballgameevents(id,gameId,playType,period,teamFor,teamAgainst) values ('b4aaf261-7afb-479b-b612-1b553b5ba4dc','a02fc578-98ac-4033-9cf1-a204358224b2','turnover',1,'TeamB','TeamA');
insert into basketballturnovers(eventId,player) values ('b4aaf261-7afb-479b-b612-1b553b5ba4dc','Barry');
insert into basketballgameevents(id,gameId,playType,period,teamFor,teamAgainst) values ('52e05815-7dc9-4e4d-83ba-5fda8bfc97df','a02fc578-98ac-4033-9cf1-a204358224b2','foul',1,'TeamA','TeamB');
insert into basketballfouls(eventId,player,reason) values ('52e05815-7dc9-4e4d-83ba-5fda8bfc97df','Adam','Pushing');
insert into basketballgameevents(id,gameId,playType,period,teamFor,teamAgainst) values ('aa2bcf0e-e05a-4c8b-a709-ac3c80e1ef04','a02fc578-98ac-4033-9cf1-a204358224b2','block',1,'TeamB','TeamA');
insert into basketballblocks(eventId,player) values ('aa2bcf0e-e05a-4c8b-a709-ac3c80e1ef04','Ben');
insert into basketballgameevents(id,gameId,playType,period,teamFor,teamAgainst) values ('bb8ebb67-37b3-42a5-8ff5-f738740b7593','a02fc578-98ac-4033-9cf1-a204358224b2','rebound',1,'TeamB','TeamA');
insert into basketballrebounds(eventId,player) values ('bb8ebb67-37b3-42a5-8ff5-f738740b7593','Ben');
insert into basketballgameevents(id,gameId,playType,period,teamFor,teamAgainst) values ('bb86b3f3-c9bd-4fd2-8377-11f3671d84d4','a02fc578-98ac-4033-9cf1-a204358224b2','rebound',1,'TeamB','TeamA');
insert into basketballrebounds(eventId,player) values ('bb86b3f3-c9bd-4fd2-8377-11f3671d84d4','Barry');
insert into basketballgameevents(id,gameId,playType,period,teamFor,teamAgainst) values ('b6afef62-2ee5-438c-9abf-30e195dec6c4','a02fc578-98ac-4033-9cf1-a204358224b2','point',1,'TeamB','TeamA');
insert into basketballpoints(eventId,player,result,point) values ('b6afef62-2ee5-438c-9abf-30e195dec6c4','Barry','miss',2);
insert into basketballgameevents(id,gameId,playType,period,teamFor,teamAgainst) values ('7c470cb1-53fe-421d-8183-d6009f89ac72','a02fc578-98ac-4033-9cf1-a204358224b2','foul',1,'TeamA','TeamB');
insert into basketballfouls(eventId,player,reason) values ('7c470cb1-53fe-421d-8183-d6009f89ac72','Abdul','Pushing');
insert into basketballgameevents(id,gameId,playType,period,teamFor,teamAgainst) values ('59d819c9-7701-442a-b18e-cc7d73ad8a70','a02fc578-98ac-4033-9cf1-a204358224b2','steal',1,'TeamB','TeamA');
insert into basketballsteals(eventId,player) values ('59d819c9-7701-442a-b18e-cc7d73ad8a70','Bonnie');
insert into basketballgameevents(id,gameId,playType,period,teamFor,teamAgainst) values ('351a3308-5c30-47e8-a32f-1926d6104ca7','a02fc578-98ac-4033-9cf1-a204358224b2','point',1,'TeamA','TeamB');
insert into basketballpoints(eventId,player,result,point) values ('351a3308-5c30-47e8-a32f-1926d6104ca7','Abdul','miss',3);
insert into basketballgameevents(id,gameId,playType,period,teamFor,teamAgainst) values ('55caea83-ea87-479b-980a-baf8e3344f21','a02fc578-98ac-4033-9cf1-a204358224b2','point',1,'TeamB','TeamA');
insert into basketballpoints(eventId,player,result,point) values ('55caea83-ea87-479b-980a-baf8e3344f21','Ben','miss',2);
insert into basketballgameevents(id,gameId,playType,period,teamFor,teamAgainst) values ('ec8c9136-2bdc-411c-bd53-8488bc3e50cd','a02fc578-98ac-4033-9cf1-a204358224b2','point',1,'TeamA','TeamB');
insert into basketballpoints(eventId,player,result,point) values ('ec8c9136-2bdc-411c-bd53-8488bc3e50cd','Abby','made',3);
insert into basketballgameevents(id,gameId,playType,period,teamFor,teamAgainst) values ('c324dd96-6c4e-4011-97f4-f4d38cf7d04c','a02fc578-98ac-4033-9cf1-a204358224b2','steal',1,'TeamB','TeamA');
insert into basketballsteals(eventId,player) values ('c324dd96-6c4e-4011-97f4-f4d38cf7d04c','Bonnie');
insert into basketballgameevents(id,gameId,playType,period,teamFor,teamAgainst) values ('2e3e27d1-4aec-45d8-ae62-bf9f97f2ba81','a02fc578-98ac-4033-9cf1-a204358224b2','point',1,'TeamA','TeamB');
insert into basketballpoints(eventId,player,result,point) values ('2e3e27d1-4aec-45d8-ae62-bf9f97f2ba81','Abdul','miss',1);
insert into basketballgameevents(id,gameId,playType,period,teamFor,teamAgainst) values ('a28c161e-40fa-4974-b4b6-29442a745e83','a02fc578-98ac-4033-9cf1-a204358224b2','steal',1,'TeamB','TeamA');
insert into basketballsteals(eventId,player) values ('a28c161e-40fa-4974-b4b6-29442a745e83','Barry');
insert into basketballgameevents(id,gameId,playType,period,teamFor,teamAgainst) values ('853547c3-0562-4cbf-941c-9c2618515cf9','a02fc578-98ac-4033-9cf1-a204358224b2','block',1,'TeamA','TeamB');
insert into basketballblocks(eventId,player) values ('853547c3-0562-4cbf-941c-9c2618515cf9','Abdul');
insert into basketballgameevents(id,gameId,playType,period,teamFor,teamAgainst) values ('6eae9b80-eea8-483f-a532-a70298eae1a6','a02fc578-98ac-4033-9cf1-a204358224b2','turnover',1,'TeamB','TeamA');
insert into basketballturnovers(eventId,player) values ('6eae9b80-eea8-483f-a532-a70298eae1a6','Ben');
insert into basketballgameevents(id,gameId,playType,period,teamFor,teamAgainst) values ('4775c283-4caa-45fc-83b5-b1cf5e0dfa0d','a02fc578-98ac-4033-9cf1-a204358224b2','turnover',1,'TeamA','TeamB');
insert into basketballturnovers(eventId,player) values ('4775c283-4caa-45fc-83b5-b1cf5e0dfa0d','Abdul');
insert into basketballgameevents(id,gameId,playType,period,teamFor,teamAgainst) values ('c0fa76f4-f9dc-4be2-8427-0a148ff62659','a02fc578-98ac-4033-9cf1-a204358224b2','foul',1,'TeamB','TeamA');
insert into basketballfouls(eventId,player,reason) values ('c0fa76f4-f9dc-4be2-8427-0a148ff62659','Bonnie','Pushing');
insert into basketballgameevents(id,gameId,playType,period,teamFor,teamAgainst) values ('93c42bfa-c22e-4ad6-88fd-e4293d93fb10','a02fc578-98ac-4033-9cf1-a204358224b2','foul',1,'TeamB','TeamA');
insert into basketballfouls(eventId,player,reason) values ('93c42bfa-c22e-4ad6-88fd-e4293d93fb10','Bonnie','Pushing');
insert into basketballgameevents(id,gameId,playType,period,teamFor,teamAgainst) values ('1190fcc8-08f7-4895-a07b-fade242f3957','a02fc578-98ac-4033-9cf1-a204358224b2','rebound',1,'TeamA','TeamB');
insert into basketballrebounds(eventId,player) values ('1190fcc8-08f7-4895-a07b-fade242f3957','Abby');
insert into basketballgameevents(id,gameId,playType,period,teamFor,teamAgainst) values ('5970ca62-1bf6-4a87-a7c7-b392802f2cfc','a02fc578-98ac-4033-9cf1-a204358224b2','point',1,'TeamB','TeamA');
insert into basketballpoints(eventId,player,result,point) values ('5970ca62-1bf6-4a87-a7c7-b392802f2cfc','Ben','miss',1);
insert into basketballgameevents(id,gameId,playType,period,teamFor,teamAgainst) values ('399d32c6-e8eb-43db-8e18-3c999bc2f11b','a02fc578-98ac-4033-9cf1-a204358224b2','point',1,'TeamB','TeamA');
insert into basketballpoints(eventId,player,result,point) values ('399d32c6-e8eb-43db-8e18-3c999bc2f11b','Bonnie','miss',1);
insert into basketballgameevents(id,gameId,playType,period,teamFor,teamAgainst) values ('9c290930-249d-429f-b00a-728cb6e6364c','a02fc578-98ac-4033-9cf1-a204358224b2','block',1,'TeamB','TeamA');
insert into basketballblocks(eventId,player) values ('9c290930-249d-429f-b00a-728cb6e6364c','Beckham');
insert into basketballgameevents(id,gameId,playType,period,teamFor,teamAgainst) values ('ade51f2a-d86a-4ac0-8826-575e49a2a98f','a02fc578-98ac-4033-9cf1-a204358224b2','block',1,'TeamB','TeamA');
insert into basketballblocks(eventId,player) values ('ade51f2a-d86a-4ac0-8826-575e49a2a98f','Ben');
insert into basketballgameevents(id,gameId,playType,period,teamFor,teamAgainst) values ('d52e6248-b79d-49fb-8485-e744c84527b0','a02fc578-98ac-4033-9cf1-a204358224b2','point',1,'TeamA','TeamB');
insert into basketballpoints(eventId,player,assist,result,point) values ('d52e6248-b79d-49fb-8485-e744c84527b0', 'Alain', 'Abdul', 'made', 3);
insert into basketballgameevents(id,gameId,playType,period,teamFor,teamAgainst) values ('8273de97-ef2d-45b8-b67f-d77aa149eaf5','a02fc578-98ac-4033-9cf1-a204358224b2','steal',1,'TeamA','TeamB');
insert into basketballsteals(eventId,player) values ('8273de97-ef2d-45b8-b67f-d77aa149eaf5','Alice');
insert into basketballgameevents(id,gameId,playType,period,teamFor,teamAgainst) values ('8ffd2ca5-18f0-4f01-913a-98c9c07b77ec','a02fc578-98ac-4033-9cf1-a204358224b2','rebound',1,'TeamB','TeamA');
insert into basketballrebounds(eventId,player) values ('8ffd2ca5-18f0-4f01-913a-98c9c07b77ec','Beckham');
insert into basketballgameevents(id,gameId,playType,period,teamFor,teamAgainst) values ('783c498d-c1da-48eb-966c-b1c03c5830af','a02fc578-98ac-4033-9cf1-a204358224b2','turnover',1,'TeamB','TeamA');
insert into basketballturnovers(eventId,player) values ('783c498d-c1da-48eb-966c-b1c03c5830af','Beckham');
insert into basketballgameevents(id,gameId,playType,period,teamFor,teamAgainst) values ('c722aff6-fc4c-47e5-a7e7-8299cc4e23f1','a02fc578-98ac-4033-9cf1-a204358224b2','block',1,'TeamA','TeamB');
insert into basketballblocks(eventId,player) values ('c722aff6-fc4c-47e5-a7e7-8299cc4e23f1','Abdul');
insert into basketballgameevents(id,gameId,playType,period,teamFor,teamAgainst) values ('946000f9-41e2-4563-894c-74d1d4b2f236','a02fc578-98ac-4033-9cf1-a204358224b2','point',1,'TeamA','TeamB');
insert into basketballpoints(eventId,player,result,point) values ('946000f9-41e2-4563-894c-74d1d4b2f236','Alain','made',2);
insert into basketballgameevents(id,gameId,playType,period,teamFor,teamAgainst) values ('87d8548b-4476-4495-b7ec-cb037b21dba1','a02fc578-98ac-4033-9cf1-a204358224b2','rebound',1,'TeamA','TeamB');
insert into basketballrebounds(eventId,player) values ('87d8548b-4476-4495-b7ec-cb037b21dba1','Adam');
insert into basketballgameevents(id,gameId,playType,period,teamFor,teamAgainst) values ('dfe8e6e8-ae02-43b7-909c-e029c4d5496c','a02fc578-98ac-4033-9cf1-a204358224b2','turnover',1,'TeamA','TeamB');
insert into basketballturnovers(eventId,player) values ('dfe8e6e8-ae02-43b7-909c-e029c4d5496c','Adam');
insert into basketballgameevents(id,gameId,playType,period,teamFor,teamAgainst) values ('bd29272e-2c57-49cb-b9d1-a20dd7c8982b','a02fc578-98ac-4033-9cf1-a204358224b2','turnover',1,'TeamA','TeamB');
insert into basketballturnovers(eventId,player) values ('bd29272e-2c57-49cb-b9d1-a20dd7c8982b','Abby');
insert into basketballgameevents(id,gameId,playType,period,teamFor,teamAgainst) values ('d190b9f0-59b9-4ad1-a220-a5fe24cf0645','a02fc578-98ac-4033-9cf1-a204358224b2','steal',1,'TeamA','TeamB');
insert into basketballsteals(eventId,player) values ('d190b9f0-59b9-4ad1-a220-a5fe24cf0645','Alice');
insert into basketballgameevents(id,gameId,playType,period,teamFor,teamAgainst) values ('735ebde2-383e-4963-926d-f95968cd065b','a02fc578-98ac-4033-9cf1-a204358224b2','block',1,'TeamA','TeamB');
insert into basketballblocks(eventId,player) values ('735ebde2-383e-4963-926d-f95968cd065b','Adam');
insert into basketballgameevents(id,gameId,playType,period,teamFor,teamAgainst) values ('1a7651d7-e46a-41d2-b7cf-e2588ccea55b','a02fc578-98ac-4033-9cf1-a204358224b2','foul',1,'TeamB','TeamA');
insert into basketballfouls(eventId,player,reason) values ('1a7651d7-e46a-41d2-b7cf-e2588ccea55b','Beckham','Holding');
insert into basketballgameevents(id,gameId,playType,period,teamFor,teamAgainst) values ('16be8bb2-bf6c-4c18-ab72-6e5191343ede','a02fc578-98ac-4033-9cf1-a204358224b2','block',1,'TeamB','TeamA');
insert into basketballblocks(eventId,player) values ('16be8bb2-bf6c-4c18-ab72-6e5191343ede','Barry');
insert into basketballgameevents(id,gameId,playType,period,teamFor,teamAgainst) values ('5a044ade-1758-4ff5-a73e-c4b7dc0bdd55','a02fc578-98ac-4033-9cf1-a204358224b2','rebound',1,'TeamB','TeamA');
insert into basketballrebounds(eventId,player) values ('5a044ade-1758-4ff5-a73e-c4b7dc0bdd55','Bonnie');
insert into basketballgameevents(id,gameId,playType,period,teamFor,teamAgainst) values ('69b8671c-de5d-46ef-befd-311a26ff6476','a02fc578-98ac-4033-9cf1-a204358224b2','point',1,'TeamB','TeamA');
insert into basketballpoints(eventId,player,assist,result,point) values ('69b8671c-de5d-46ef-befd-311a26ff6476', 'Banin', 'Ben', 'made', 1);
insert into basketballgameevents(id,gameId,playType,period,teamFor,teamAgainst) values ('70c48d7c-cd33-43fa-a1ce-3e4abb288eb8','a02fc578-98ac-4033-9cf1-a204358224b2','block',1,'TeamA','TeamB');
insert into basketballblocks(eventId,player) values ('70c48d7c-cd33-43fa-a1ce-3e4abb288eb8','Abdul');
insert into basketballgameevents(id,gameId,playType,period,teamFor,teamAgainst) values ('be15145a-d3c5-403d-85c8-ae06cb6f4db8','a02fc578-98ac-4033-9cf1-a204358224b2','point',1,'TeamB','TeamA');
insert into basketballpoints(eventId,player,assist,result,point) values ('be15145a-d3c5-403d-85c8-ae06cb6f4db8', 'Bonnie', 'Beckham', 'made', 3);
insert into basketballgameevents(id,gameId,playType,period,teamFor,teamAgainst) values ('054489ee-0368-41c6-8a79-48362c5e1055','a02fc578-98ac-4033-9cf1-a204358224b2','turnover',1,'TeamB','TeamA');
insert into basketballturnovers(eventId,player) values ('054489ee-0368-41c6-8a79-48362c5e1055','Banin');
insert into basketballgameevents(id,gameId,playType,period,teamFor,teamAgainst) values ('29bc1ddd-e67f-4000-b78e-a276aabf3283','a02fc578-98ac-4033-9cf1-a204358224b2','rebound',1,'TeamB','TeamA');
insert into basketballrebounds(eventId,player) values ('29bc1ddd-e67f-4000-b78e-a276aabf3283','Bonnie');
insert into basketballgameevents(id,gameId,playType,period,teamFor,teamAgainst) values ('cdce8824-cf71-4320-897d-30053a31ca83','a02fc578-98ac-4033-9cf1-a204358224b2','rebound',1,'TeamA','TeamB');
insert into basketballrebounds(eventId,player) values ('cdce8824-cf71-4320-897d-30053a31ca83','Abby');
insert into basketballgameevents(id,gameId,playType,period,teamFor,teamAgainst) values ('99b412dc-e370-4f11-9391-a1fd7f4118e7','a02fc578-98ac-4033-9cf1-a204358224b2','point',1,'TeamB','TeamA');
insert into basketballpoints(eventId,player,result,point) values ('99b412dc-e370-4f11-9391-a1fd7f4118e7','Barry','miss',3);
insert into basketballgameevents(id,gameId,playType,period,teamFor,teamAgainst) values ('c829a57e-620c-48a3-808a-e6db479ff230','a02fc578-98ac-4033-9cf1-a204358224b2','block',1,'TeamB','TeamA');
insert into basketballblocks(eventId,player) values ('c829a57e-620c-48a3-808a-e6db479ff230','Bonnie');
insert into basketballgameevents(id,gameId,playType,period,teamFor,teamAgainst) values ('3383ecad-b811-46f2-88c5-87b7465059fb','a02fc578-98ac-4033-9cf1-a204358224b2','rebound',1,'TeamA','TeamB');
insert into basketballrebounds(eventId,player) values ('3383ecad-b811-46f2-88c5-87b7465059fb','Alice');
insert into basketballgameevents(id,gameId,playType,period,teamFor,teamAgainst) values ('f82084fc-3e4d-4db6-a263-613ecabe1afb','a02fc578-98ac-4033-9cf1-a204358224b2','block',2,'TeamB','TeamA');
insert into basketballblocks(eventId,player) values ('f82084fc-3e4d-4db6-a263-613ecabe1afb','Bonnie');
insert into basketballgameevents(id,gameId,playType,period,teamFor,teamAgainst) values ('34ef5fb8-619b-4f07-a300-c60069649c41','a02fc578-98ac-4033-9cf1-a204358224b2','turnover',2,'TeamA','TeamB');
insert into basketballturnovers(eventId,player) values ('34ef5fb8-619b-4f07-a300-c60069649c41','Alice');
insert into basketballgameevents(id,gameId,playType,period,teamFor,teamAgainst) values ('c6df7d68-94d8-44d9-80db-7d01400bffc6','a02fc578-98ac-4033-9cf1-a204358224b2','point',2,'TeamB','TeamA');
insert into basketballpoints(eventId,player,assist,result,point) values ('c6df7d68-94d8-44d9-80db-7d01400bffc6', 'Bonnie', 'Ben', 'made', 1);
insert into basketballgameevents(id,gameId,playType,period,teamFor,teamAgainst) values ('a933f260-c4e1-43e2-a119-eeadc61ed8ac','a02fc578-98ac-4033-9cf1-a204358224b2','foul',2,'TeamA','TeamB');
insert into basketballfouls(eventId,player,reason) values ('a933f260-c4e1-43e2-a119-eeadc61ed8ac','Alice','Pushing');
insert into basketballgameevents(id,gameId,playType,period,teamFor,teamAgainst) values ('a3b8466c-0a1c-4428-af60-cddd7b8f4c4d','a02fc578-98ac-4033-9cf1-a204358224b2','steal',2,'TeamB','TeamA');
insert into basketballsteals(eventId,player) values ('a3b8466c-0a1c-4428-af60-cddd7b8f4c4d','Bonnie');
insert into basketballgameevents(id,gameId,playType,period,teamFor,teamAgainst) values ('a1711c0b-b65d-4335-a732-4355caa1b5c6','a02fc578-98ac-4033-9cf1-a204358224b2','rebound',2,'TeamA','TeamB');
insert into basketballrebounds(eventId,player) values ('a1711c0b-b65d-4335-a732-4355caa1b5c6','Alice');
insert into basketballgameevents(id,gameId,playType,period,teamFor,teamAgainst) values ('1252bb3c-5b51-455d-bccb-cddc6ed5ddf0','a02fc578-98ac-4033-9cf1-a204358224b2','block',2,'TeamB','TeamA');
insert into basketballblocks(eventId,player) values ('1252bb3c-5b51-455d-bccb-cddc6ed5ddf0','Bonnie');
insert into basketballgameevents(id,gameId,playType,period,teamFor,teamAgainst) values ('7da32ea3-142c-458e-ba89-f77e082597c2','a02fc578-98ac-4033-9cf1-a204358224b2','point',2,'TeamB','TeamA');
insert into basketballpoints(eventId,player,result,point) values ('7da32ea3-142c-458e-ba89-f77e082597c2','Banin','miss',3);
insert into basketballgameevents(id,gameId,playType,period,teamFor,teamAgainst) values ('a2a5b62f-3bd9-4ad0-acd0-09c42023c555','a02fc578-98ac-4033-9cf1-a204358224b2','steal',2,'TeamA','TeamB');
insert into basketballsteals(eventId,player) values ('a2a5b62f-3bd9-4ad0-acd0-09c42023c555','Adam');
insert into basketballgameevents(id,gameId,playType,period,teamFor,teamAgainst) values ('f5e01b6a-633f-444b-aec0-357723acb26a','a02fc578-98ac-4033-9cf1-a204358224b2','rebound',2,'TeamB','TeamA');
insert into basketballrebounds(eventId,player) values ('f5e01b6a-633f-444b-aec0-357723acb26a','Banin');
insert into basketballgameevents(id,gameId,playType,period,teamFor,teamAgainst) values ('bd860502-1da8-4f1f-8cd0-995a51d5cb33','a02fc578-98ac-4033-9cf1-a204358224b2','turnover',2,'TeamB','TeamA');
insert into basketballturnovers(eventId,player) values ('bd860502-1da8-4f1f-8cd0-995a51d5cb33','Barry');
insert into basketballgameevents(id,gameId,playType,period,teamFor,teamAgainst) values ('8ad1a126-7cd2-4d52-9afc-415941ceb465','a02fc578-98ac-4033-9cf1-a204358224b2','turnover',2,'TeamB','TeamA');
insert into basketballturnovers(eventId,player) values ('8ad1a126-7cd2-4d52-9afc-415941ceb465','Bonnie');
insert into basketballgameevents(id,gameId,playType,period,teamFor,teamAgainst) values ('31db467d-bde1-4252-8e6e-a998e1ef91d0','a02fc578-98ac-4033-9cf1-a204358224b2','turnover',2,'TeamA','TeamB');
insert into basketballturnovers(eventId,player) values ('31db467d-bde1-4252-8e6e-a998e1ef91d0','Adam');
insert into basketballgameevents(id,gameId,playType,period,teamFor,teamAgainst) values ('2bbf6a59-afbf-46bb-ac7e-9050b7f3180f','a02fc578-98ac-4033-9cf1-a204358224b2','point',2,'TeamB','TeamA');
insert into basketballpoints(eventId,player,result,point) values ('2bbf6a59-afbf-46bb-ac7e-9050b7f3180f','Ben','miss',3);
insert into basketballgameevents(id,gameId,playType,period,teamFor,teamAgainst) values ('23c9921b-437f-4616-b51b-fab13fca3e35','a02fc578-98ac-4033-9cf1-a204358224b2','steal',2,'TeamB','TeamA');
insert into basketballsteals(eventId,player) values ('23c9921b-437f-4616-b51b-fab13fca3e35','Beckham');
insert into basketballgameevents(id,gameId,playType,period,teamFor,teamAgainst) values ('55550e4e-c3c4-4b07-9a00-1bc8880ecf0d','a02fc578-98ac-4033-9cf1-a204358224b2','point',2,'TeamB','TeamA');
insert into basketballpoints(eventId,player,result,point) values ('55550e4e-c3c4-4b07-9a00-1bc8880ecf0d','Bonnie','miss',2);
insert into basketballgameevents(id,gameId,playType,period,teamFor,teamAgainst) values ('610db5c7-0044-4033-a0c0-9390868e6b63','a02fc578-98ac-4033-9cf1-a204358224b2','foul',2,'TeamA','TeamB');
insert into basketballfouls(eventId,player,reason) values ('610db5c7-0044-4033-a0c0-9390868e6b63','Abdul','Holding');
insert into basketballgameevents(id,gameId,playType,period,teamFor,teamAgainst) values ('fd69fa5d-e0f7-4ffb-966d-b6f5a2a3bded','a02fc578-98ac-4033-9cf1-a204358224b2','block',2,'TeamB','TeamA');
insert into basketballblocks(eventId,player) values ('fd69fa5d-e0f7-4ffb-966d-b6f5a2a3bded','Barry');
insert into basketballgameevents(id,gameId,playType,period,teamFor,teamAgainst) values ('71236d88-b94b-4954-9b95-7564a1c625a2','a02fc578-98ac-4033-9cf1-a204358224b2','steal',2,'TeamB','TeamA');
insert into basketballsteals(eventId,player) values ('71236d88-b94b-4954-9b95-7564a1c625a2','Banin');
insert into basketballgameevents(id,gameId,playType,period,teamFor,teamAgainst) values ('b9726ede-02c5-47b1-95e8-6305cd012cd2','a02fc578-98ac-4033-9cf1-a204358224b2','steal',2,'TeamB','TeamA');
insert into basketballsteals(eventId,player) values ('b9726ede-02c5-47b1-95e8-6305cd012cd2','Ben');
insert into basketballgameevents(id,gameId,playType,period,teamFor,teamAgainst) values ('8977e085-96a1-4c2b-bf14-01150d1790b4','a02fc578-98ac-4033-9cf1-a204358224b2','steal',2,'TeamA','TeamB');
insert into basketballsteals(eventId,player) values ('8977e085-96a1-4c2b-bf14-01150d1790b4','Abdul');
insert into basketballgameevents(id,gameId,playType,period,teamFor,teamAgainst) values ('61da0609-7bfa-4cc2-a19a-60e8c50233b2','a02fc578-98ac-4033-9cf1-a204358224b2','block',2,'TeamB','TeamA');
insert into basketballblocks(eventId,player) values ('61da0609-7bfa-4cc2-a19a-60e8c50233b2','Banin');
insert into basketballgameevents(id,gameId,playType,period,teamFor,teamAgainst) values ('c3ec3cbc-170e-49b2-9b36-caf21edb8bdf','a02fc578-98ac-4033-9cf1-a204358224b2','point',2,'TeamB','TeamA');
insert into basketballpoints(eventId,player,result,point) values ('c3ec3cbc-170e-49b2-9b36-caf21edb8bdf','Barry','miss',3);
insert into basketballgameevents(id,gameId,playType,period,teamFor,teamAgainst) values ('170be740-2f8e-48e0-b553-341eb1bf3eb4','a02fc578-98ac-4033-9cf1-a204358224b2','rebound',2,'TeamA','TeamB');
insert into basketballrebounds(eventId,player) values ('170be740-2f8e-48e0-b553-341eb1bf3eb4','Alain');
insert into basketballgameevents(id,gameId,playType,period,teamFor,teamAgainst) values ('08328197-0bd3-4529-aa39-b449b4d96ed2','a02fc578-98ac-4033-9cf1-a204358224b2','rebound',2,'TeamA','TeamB');
insert into basketballrebounds(eventId,player) values ('08328197-0bd3-4529-aa39-b449b4d96ed2','Abdul');
insert into basketballgameevents(id,gameId,playType,period,teamFor,teamAgainst) values ('97973530-b6a7-46f6-963a-236d56099968','a02fc578-98ac-4033-9cf1-a204358224b2','block',2,'TeamA','TeamB');
insert into basketballblocks(eventId,player) values ('97973530-b6a7-46f6-963a-236d56099968','Abby');
insert into basketballgameevents(id,gameId,playType,period,teamFor,teamAgainst) values ('b4c1f921-c978-4d3e-ad11-6d0051b03dd7','a02fc578-98ac-4033-9cf1-a204358224b2','point',2,'TeamA','TeamB');
insert into basketballpoints(eventId,player,result,point) values ('b4c1f921-c978-4d3e-ad11-6d0051b03dd7','Alice','miss',1);
insert into basketballgameevents(id,gameId,playType,period,teamFor,teamAgainst) values ('76737335-ae36-4497-8960-586d81364614','a02fc578-98ac-4033-9cf1-a204358224b2','turnover',2,'TeamB','TeamA');
insert into basketballturnovers(eventId,player) values ('76737335-ae36-4497-8960-586d81364614','Ben');
insert into basketballgameevents(id,gameId,playType,period,teamFor,teamAgainst) values ('002a3dbd-f68b-4255-80aa-fa28f13846ca','a02fc578-98ac-4033-9cf1-a204358224b2','block',2,'TeamA','TeamB');
insert into basketballblocks(eventId,player) values ('002a3dbd-f68b-4255-80aa-fa28f13846ca','Alain');
insert into basketballgameevents(id,gameId,playType,period,teamFor,teamAgainst) values ('33a71b2d-a9aa-4499-bfde-6f552c44c8d2','a02fc578-98ac-4033-9cf1-a204358224b2','rebound',2,'TeamA','TeamB');
insert into basketballrebounds(eventId,player) values ('33a71b2d-a9aa-4499-bfde-6f552c44c8d2','Alain');
insert into basketballgameevents(id,gameId,playType,period,teamFor,teamAgainst) values ('32d5b835-e0b5-4058-a0a5-bb1d15e27e07','a02fc578-98ac-4033-9cf1-a204358224b2','point',2,'TeamB','TeamA');
insert into basketballpoints(eventId,player,result,point) values ('32d5b835-e0b5-4058-a0a5-bb1d15e27e07','Ben','miss',2);
insert into basketballgameevents(id,gameId,playType,period,teamFor,teamAgainst) values ('d2a1a5a5-188d-43f8-b5dd-9994558674d1','a02fc578-98ac-4033-9cf1-a204358224b2','foul',2,'TeamA','TeamB');
insert into basketballfouls(eventId,player,reason) values ('d2a1a5a5-188d-43f8-b5dd-9994558674d1','Adam','Holding');
insert into basketballgameevents(id,gameId,playType,period,teamFor,teamAgainst) values ('0deec9da-b84b-4b2f-9af7-ef4337ebb1b4','a02fc578-98ac-4033-9cf1-a204358224b2','point',2,'TeamB','TeamA');
insert into basketballpoints(eventId,player,result,point) values ('0deec9da-b84b-4b2f-9af7-ef4337ebb1b4','Banin','miss',3);
insert into basketballgameevents(id,gameId,playType,period,teamFor,teamAgainst) values ('e213708a-7daf-473b-93d2-caa63b35b358','a02fc578-98ac-4033-9cf1-a204358224b2','point',2,'TeamA','TeamB');
insert into basketballpoints(eventId,player,result,point) values ('e213708a-7daf-473b-93d2-caa63b35b358','Adam','miss',1);
insert into basketballgameevents(id,gameId,playType,period,teamFor,teamAgainst) values ('6e4f568f-43fa-45c0-8e45-7d38b3e5e8b1','a02fc578-98ac-4033-9cf1-a204358224b2','turnover',2,'TeamA','TeamB');
insert into basketballturnovers(eventId,player) values ('6e4f568f-43fa-45c0-8e45-7d38b3e5e8b1','Adam');
insert into basketballgameevents(id,gameId,playType,period,teamFor,teamAgainst) values ('17b886f5-921c-4e4d-97cf-900f5a5c5f9c','a02fc578-98ac-4033-9cf1-a204358224b2','steal',2,'TeamB','TeamA');
insert into basketballsteals(eventId,player) values ('17b886f5-921c-4e4d-97cf-900f5a5c5f9c','Bonnie');
insert into basketballgameevents(id,gameId,playType,period,teamFor,teamAgainst) values ('2b6505c8-8818-4b9f-b3f5-4c88be61eb35','a02fc578-98ac-4033-9cf1-a204358224b2','steal',2,'TeamB','TeamA');
insert into basketballsteals(eventId,player) values ('2b6505c8-8818-4b9f-b3f5-4c88be61eb35','Barry');
insert into basketballgameevents(id,gameId,playType,period,teamFor,teamAgainst) values ('b0d38d63-49d2-48ef-ae9d-845d549a47f5','a02fc578-98ac-4033-9cf1-a204358224b2','point',2,'TeamA','TeamB');
insert into basketballpoints(eventId,player,result,point) values ('b0d38d63-49d2-48ef-ae9d-845d549a47f5','Alain','miss',2);
insert into basketballgameevents(id,gameId,playType,period,teamFor,teamAgainst) values ('7343406a-1fd8-4d98-918d-9a65bf55221b','a02fc578-98ac-4033-9cf1-a204358224b2','foul',2,'TeamB','TeamA');
insert into basketballfouls(eventId,player,reason) values ('7343406a-1fd8-4d98-918d-9a65bf55221b','Beckham','Holding');
insert into basketballgameevents(id,gameId,playType,period,teamFor,teamAgainst) values ('84d80dcb-1125-4f95-b35d-23c9cf4cd372','a02fc578-98ac-4033-9cf1-a204358224b2','foul',2,'TeamB','TeamA');
insert into basketballfouls(eventId,player,reason) values ('84d80dcb-1125-4f95-b35d-23c9cf4cd372','Ben','Pushing');
insert into basketballgameevents(id,gameId,playType,period,teamFor,teamAgainst) values ('98ed0304-4e41-45b0-a7ba-5b4d0191dca1','a02fc578-98ac-4033-9cf1-a204358224b2','steal',2,'TeamA','TeamB');
insert into basketballsteals(eventId,player) values ('98ed0304-4e41-45b0-a7ba-5b4d0191dca1','Alain');
insert into basketballgameevents(id,gameId,playType,period,teamFor,teamAgainst) values ('77bf0c83-f0f5-4f3d-88e5-b78a8c56af94','a02fc578-98ac-4033-9cf1-a204358224b2','rebound',2,'TeamB','TeamA');
insert into basketballrebounds(eventId,player) values ('77bf0c83-f0f5-4f3d-88e5-b78a8c56af94','Beckham');
insert into basketballgameevents(id,gameId,playType,period,teamFor,teamAgainst) values ('cee4ea12-5a4b-4247-8986-d45af1d72763','a02fc578-98ac-4033-9cf1-a204358224b2','foul',2,'TeamA','TeamB');
insert into basketballfouls(eventId,player,reason) values ('cee4ea12-5a4b-4247-8986-d45af1d72763','Abby','Pushing');
insert into basketballgameevents(id,gameId,playType,period,teamFor,teamAgainst) values ('18a7678d-6519-41b1-be07-ca33c6edf2d1','a02fc578-98ac-4033-9cf1-a204358224b2','point',2,'TeamA','TeamB');
insert into basketballpoints(eventId,player,assist,result,point) values ('18a7678d-6519-41b1-be07-ca33c6edf2d1', 'Alice', 'Abby', 'made', 2);
insert into basketballgameevents(id,gameId,playType,period,teamFor,teamAgainst) values ('ffc463bc-f77c-4a30-b0fe-a9368ba0cb3a','a02fc578-98ac-4033-9cf1-a204358224b2','point',2,'TeamA','TeamB');
insert into basketballpoints(eventId,player,assist,result,point) values ('ffc463bc-f77c-4a30-b0fe-a9368ba0cb3a', 'Adam', 'Abdul', 'made', 3);
insert into basketballgameevents(id,gameId,playType,period,teamFor,teamAgainst) values ('02078923-5b1e-4556-a928-645d6728550f','a02fc578-98ac-4033-9cf1-a204358224b2','rebound',2,'TeamA','TeamB');
insert into basketballrebounds(eventId,player) values ('02078923-5b1e-4556-a928-645d6728550f','Alain');
insert into basketballgameevents(id,gameId,playType,period,teamFor,teamAgainst) values ('811ba1e6-4bb2-4014-b74f-a4e23a6852c3','a02fc578-98ac-4033-9cf1-a204358224b2','steal',2,'TeamA','TeamB');
insert into basketballsteals(eventId,player) values ('811ba1e6-4bb2-4014-b74f-a4e23a6852c3','Alain');
insert into basketballgameevents(id,gameId,playType,period,teamFor,teamAgainst) values ('10ec5287-cc46-40a5-922c-39eb47af6c66','a02fc578-98ac-4033-9cf1-a204358224b2','steal',2,'TeamB','TeamA');
insert into basketballsteals(eventId,player) values ('10ec5287-cc46-40a5-922c-39eb47af6c66','Ben');
insert into basketballgameevents(id,gameId,playType,period,teamFor,teamAgainst) values ('bddb2c85-cec8-4f05-bc86-c5fb16fa421c','a02fc578-98ac-4033-9cf1-a204358224b2','steal',2,'TeamB','TeamA');
insert into basketballsteals(eventId,player) values ('bddb2c85-cec8-4f05-bc86-c5fb16fa421c','Bonnie');
insert into basketballgameevents(id,gameId,playType,period,teamFor,teamAgainst) values ('a9aa68f5-456a-415a-a155-0cffd2f70de0','a02fc578-98ac-4033-9cf1-a204358224b2','turnover',2,'TeamA','TeamB');
insert into basketballturnovers(eventId,player) values ('a9aa68f5-456a-415a-a155-0cffd2f70de0','Abby');
insert into basketballgameevents(id,gameId,playType,period,teamFor,teamAgainst) values ('bdd74ad6-0120-4fa3-8f42-7af0d26d6898','a02fc578-98ac-4033-9cf1-a204358224b2','rebound',2,'TeamA','TeamB');
insert into basketballrebounds(eventId,player) values ('bdd74ad6-0120-4fa3-8f42-7af0d26d6898','Alice');
insert into basketballgameevents(id,gameId,playType,period,teamFor,teamAgainst) values ('fd8f5460-7d8a-4635-aa3e-6dd7011bba1e','a02fc578-98ac-4033-9cf1-a204358224b2','block',2,'TeamB','TeamA');
insert into basketballblocks(eventId,player) values ('fd8f5460-7d8a-4635-aa3e-6dd7011bba1e','Banin');
insert into basketballgameevents(id,gameId,playType,period,teamFor,teamAgainst) values ('13a00c80-0e90-46f8-801a-4e998b8c56e4','a02fc578-98ac-4033-9cf1-a204358224b2','steal',2,'TeamA','TeamB');
insert into basketballsteals(eventId,player) values ('13a00c80-0e90-46f8-801a-4e998b8c56e4','Alain');
insert into basketballgameevents(id,gameId,playType,period,teamFor,teamAgainst) values ('1bc17e4b-ecec-499a-bcb6-f5a569efbb78','a02fc578-98ac-4033-9cf1-a204358224b2','point',2,'TeamA','TeamB');
insert into basketballpoints(eventId,player,result,point) values ('1bc17e4b-ecec-499a-bcb6-f5a569efbb78','Alice','made',2);
insert into basketballgameevents(id,gameId,playType,period,teamFor,teamAgainst) values ('8b5ee4cb-0959-455a-b4cc-6d2b7908331d','a02fc578-98ac-4033-9cf1-a204358224b2','turnover',2,'TeamB','TeamA');
insert into basketballturnovers(eventId,player) values ('8b5ee4cb-0959-455a-b4cc-6d2b7908331d','Barry');
insert into basketballgameevents(id,gameId,playType,period,teamFor,teamAgainst) values ('042c3d83-cecb-4d02-b7e8-8b9e2c0bc18a','a02fc578-98ac-4033-9cf1-a204358224b2','steal',2,'TeamB','TeamA');
insert into basketballsteals(eventId,player) values ('042c3d83-cecb-4d02-b7e8-8b9e2c0bc18a','Banin');
insert into basketballgameevents(id,gameId,playType,period,teamFor,teamAgainst) values ('06adb722-e7f2-491b-8e4b-d623f3a462f8','a02fc578-98ac-4033-9cf1-a204358224b2','foul',2,'TeamA','TeamB');
insert into basketballfouls(eventId,player,reason) values ('06adb722-e7f2-491b-8e4b-d623f3a462f8','Alain','Pushing');
insert into basketballgameevents(id,gameId,playType,period,teamFor,teamAgainst) values ('3ff6bcbf-944a-4ef3-bb10-6aa1dec792ec','a02fc578-98ac-4033-9cf1-a204358224b2','point',2,'TeamA','TeamB');
insert into basketballpoints(eventId,player,result,point) values ('3ff6bcbf-944a-4ef3-bb10-6aa1dec792ec','Abdul','made',1);
insert into basketballgameevents(id,gameId,playType,period,teamFor,teamAgainst) values ('2c662ce1-2098-4883-b047-5e64068aadc7','a02fc578-98ac-4033-9cf1-a204358224b2','rebound',2,'TeamB','TeamA');
insert into basketballrebounds(eventId,player) values ('2c662ce1-2098-4883-b047-5e64068aadc7','Banin');
insert into basketballgameevents(id,gameId,playType,period,teamFor,teamAgainst) values ('cbe78a51-3311-4b35-a727-b2ec297b8b72','a02fc578-98ac-4033-9cf1-a204358224b2','turnover',2,'TeamA','TeamB');
insert into basketballturnovers(eventId,player) values ('cbe78a51-3311-4b35-a727-b2ec297b8b72','Abdul');
insert into basketballgameevents(id,gameId,playType,period,teamFor,teamAgainst) values ('751c99ad-2aec-4b93-9043-7add37ea3d61','a02fc578-98ac-4033-9cf1-a204358224b2','foul',2,'TeamB','TeamA');
insert into basketballfouls(eventId,player,reason) values ('751c99ad-2aec-4b93-9043-7add37ea3d61','Barry','Holding');
insert into basketballgameevents(id,gameId,playType,period,teamFor,teamAgainst) values ('19ed47f8-3cfb-4f16-97ca-c4c61dbc5deb','a02fc578-98ac-4033-9cf1-a204358224b2','rebound',2,'TeamA','TeamB');
insert into basketballrebounds(eventId,player) values ('19ed47f8-3cfb-4f16-97ca-c4c61dbc5deb','Abdul');
insert into basketballgameevents(id,gameId,playType,period,teamFor,teamAgainst) values ('2df3e097-3cf0-44a0-b29e-2d659102a2f3','a02fc578-98ac-4033-9cf1-a204358224b2','turnover',2,'TeamB','TeamA');
insert into basketballturnovers(eventId,player) values ('2df3e097-3cf0-44a0-b29e-2d659102a2f3','Bonnie');
insert into basketballgameevents(id,gameId,playType,period,teamFor,teamAgainst) values ('5f432956-2c9e-41d7-8b0d-76b894220ece','a02fc578-98ac-4033-9cf1-a204358224b2','rebound',2,'TeamB','TeamA');
insert into basketballrebounds(eventId,player) values ('5f432956-2c9e-41d7-8b0d-76b894220ece','Barry');
insert into basketballgameevents(id,gameId,playType,period,teamFor,teamAgainst) values ('bf4758bb-336e-484f-8d19-7eb08e6ca381','a02fc578-98ac-4033-9cf1-a204358224b2','point',2,'TeamB','TeamA');
insert into basketballpoints(eventId,player,result,point) values ('bf4758bb-336e-484f-8d19-7eb08e6ca381','Beckham','miss',2);
insert into basketballgameevents(id,gameId,playType,period,teamFor,teamAgainst) values ('ad93c449-5c8b-421c-b296-881ce6fc2d36','a02fc578-98ac-4033-9cf1-a204358224b2','foul',2,'TeamB','TeamA');
insert into basketballfouls(eventId,player,reason) values ('ad93c449-5c8b-421c-b296-881ce6fc2d36','Barry','Pushing');
insert into basketballgameevents(id,gameId,playType,period,teamFor,teamAgainst) values ('71acd087-724e-4d63-bd59-ee95c82ca26d','a02fc578-98ac-4033-9cf1-a204358224b2','foul',2,'TeamA','TeamB');
insert into basketballfouls(eventId,player,reason) values ('71acd087-724e-4d63-bd59-ee95c82ca26d','Adam','Pushing');
insert into basketballgameevents(id,gameId,playType,period,teamFor,teamAgainst) values ('b49a3f40-4e0f-49cf-9f66-84c7a4ee7659','a02fc578-98ac-4033-9cf1-a204358224b2','turnover',2,'TeamB','TeamA');
insert into basketballturnovers(eventId,player) values ('b49a3f40-4e0f-49cf-9f66-84c7a4ee7659','Banin');
insert into basketballgameevents(id,gameId,playType,period,teamFor,teamAgainst) values ('35325a7d-8cab-41c0-9c6c-4d7fb64baa38','a02fc578-98ac-4033-9cf1-a204358224b2','point',2,'TeamB','TeamA');
insert into basketballpoints(eventId,player,result,point) values ('35325a7d-8cab-41c0-9c6c-4d7fb64baa38','Bonnie','made',3);
insert into basketballgameevents(id,gameId,playType,period,teamFor,teamAgainst) values ('562d194f-a610-476d-8f11-b709cf6f7e69','a02fc578-98ac-4033-9cf1-a204358224b2','block',2,'TeamB','TeamA');
insert into basketballblocks(eventId,player) values ('562d194f-a610-476d-8f11-b709cf6f7e69','Banin');
insert into basketballgameevents(id,gameId,playType,period,teamFor,teamAgainst) values ('b61a6efd-df12-42b7-a11b-13dbe6051184','a02fc578-98ac-4033-9cf1-a204358224b2','turnover',2,'TeamB','TeamA');
insert into basketballturnovers(eventId,player) values ('b61a6efd-df12-42b7-a11b-13dbe6051184','Bonnie');
insert into basketballgameevents(id,gameId,playType,period,teamFor,teamAgainst) values ('a2c99caa-f6f0-4959-bf80-660c0296b83c','a02fc578-98ac-4033-9cf1-a204358224b2','rebound',2,'TeamA','TeamB');
insert into basketballrebounds(eventId,player) values ('a2c99caa-f6f0-4959-bf80-660c0296b83c','Abdul');
insert into basketballgameevents(id,gameId,playType,period,teamFor,teamAgainst) values ('33d4631d-4191-4bff-9db0-b6076e82cd6a','a02fc578-98ac-4033-9cf1-a204358224b2','block',2,'TeamB','TeamA');
insert into basketballblocks(eventId,player) values ('33d4631d-4191-4bff-9db0-b6076e82cd6a','Barry');
insert into basketballgameevents(id,gameId,playType,period,teamFor,teamAgainst) values ('cfa8e405-0e8c-4657-acb3-8a605e73f7c9','a02fc578-98ac-4033-9cf1-a204358224b2','point',2,'TeamA','TeamB');
insert into basketballpoints(eventId,player,result,point) values ('cfa8e405-0e8c-4657-acb3-8a605e73f7c9','Alice','miss',3);
insert into basketballgameevents(id,gameId,playType,period,teamFor,teamAgainst) values ('7ad5ae33-79f6-4afa-8acb-7afdfd5d98af','a02fc578-98ac-4033-9cf1-a204358224b2','rebound',2,'TeamA','TeamB');
insert into basketballrebounds(eventId,player) values ('7ad5ae33-79f6-4afa-8acb-7afdfd5d98af','Alain');
insert into basketballgameevents(id,gameId,playType,period,teamFor,teamAgainst) values ('bba993f6-30e5-4b9e-8652-5814752f27bd','a02fc578-98ac-4033-9cf1-a204358224b2','rebound',2,'TeamB','TeamA');
insert into basketballrebounds(eventId,player) values ('bba993f6-30e5-4b9e-8652-5814752f27bd','Ben');
insert into basketballgameevents(id,gameId,playType,period,teamFor,teamAgainst) values ('d4cd513d-c950-4bb9-9b4d-f6edd6a0b0ad','a02fc578-98ac-4033-9cf1-a204358224b2','steal',2,'TeamB','TeamA');
insert into basketballsteals(eventId,player) values ('d4cd513d-c950-4bb9-9b4d-f6edd6a0b0ad','Beckham');
insert into basketballgameevents(id,gameId,playType,period,teamFor,teamAgainst) values ('417a7446-0a0f-47a9-8cbf-f64d5a239deb','a02fc578-98ac-4033-9cf1-a204358224b2','point',2,'TeamB','TeamA');
insert into basketballpoints(eventId,player,assist,result,point) values ('417a7446-0a0f-47a9-8cbf-f64d5a239deb', 'Bonnie', 'Beckham', 'made', 2);
insert into basketballgameevents(id,gameId,playType,period,teamFor,teamAgainst) values ('26be36d0-dbb1-4a88-a7ec-3103044257f2','a02fc578-98ac-4033-9cf1-a204358224b2','turnover',2,'TeamB','TeamA');
insert into basketballturnovers(eventId,player) values ('26be36d0-dbb1-4a88-a7ec-3103044257f2','Bonnie');
insert into basketballgameevents(id,gameId,playType,period,teamFor,teamAgainst) values ('5f79c40e-2728-4046-968b-3ddb1fb30a54','a02fc578-98ac-4033-9cf1-a204358224b2','rebound',2,'TeamA','TeamB');
insert into basketballrebounds(eventId,player) values ('5f79c40e-2728-4046-968b-3ddb1fb30a54','Alain');
insert into basketballgameevents(id,gameId,playType,period,teamFor,teamAgainst) values ('62316529-8fab-4a06-a295-a5177e4292ce','a02fc578-98ac-4033-9cf1-a204358224b2','point',2,'TeamA','TeamB');
insert into basketballpoints(eventId,player,result,point) values ('62316529-8fab-4a06-a295-a5177e4292ce','Alice','made',1);
insert into basketballgameevents(id,gameId,playType,period,teamFor,teamAgainst) values ('90b8f84e-2f0a-457e-b9d4-5063c9a04a63','a02fc578-98ac-4033-9cf1-a204358224b2','point',2,'TeamB','TeamA');
insert into basketballpoints(eventId,player,assist,result,point) values ('90b8f84e-2f0a-457e-b9d4-5063c9a04a63', 'Ben', 'Barry', 'made', 3);
insert into basketballgameevents(id,gameId,playType,period,teamFor,teamAgainst) values ('70607b12-0d26-4553-bcf3-cbc3e247ba61','a02fc578-98ac-4033-9cf1-a204358224b2','block',2,'TeamB','TeamA');
insert into basketballblocks(eventId,player) values ('70607b12-0d26-4553-bcf3-cbc3e247ba61','Beckham');
insert into basketballgameevents(id,gameId,playType,period,teamFor,teamAgainst) values ('fabf9f28-4713-46f4-9484-3d4223633664','a02fc578-98ac-4033-9cf1-a204358224b2','block',2,'TeamB','TeamA');
insert into basketballblocks(eventId,player) values ('fabf9f28-4713-46f4-9484-3d4223633664','Barry');
insert into basketballgameevents(id,gameId,playType,period,teamFor,teamAgainst) values ('1c4c0e92-b496-45d6-bfef-335813878abc','a02fc578-98ac-4033-9cf1-a204358224b2','foul',2,'TeamB','TeamA');
insert into basketballfouls(eventId,player,reason) values ('1c4c0e92-b496-45d6-bfef-335813878abc','Barry','Pushing');
insert into basketballgameevents(id,gameId,playType,period,teamFor,teamAgainst) values ('2b63471b-506e-4d0d-8806-e2b8d8bcfffa','a02fc578-98ac-4033-9cf1-a204358224b2','block',2,'TeamA','TeamB');
insert into basketballblocks(eventId,player) values ('2b63471b-506e-4d0d-8806-e2b8d8bcfffa','Alain');
insert into basketballgameevents(id,gameId,playType,period,teamFor,teamAgainst) values ('6ff449fc-8eb2-484a-81b9-7afe526f30b9','a02fc578-98ac-4033-9cf1-a204358224b2','foul',2,'TeamA','TeamB');
insert into basketballfouls(eventId,player,reason) values ('6ff449fc-8eb2-484a-81b9-7afe526f30b9','Adam','Pushing');
insert into basketballgameevents(id,gameId,playType,period,teamFor,teamAgainst) values ('4e4fcee4-b31b-47f8-a526-3cab1f87d9fc','a02fc578-98ac-4033-9cf1-a204358224b2','block',2,'TeamB','TeamA');
insert into basketballblocks(eventId,player) values ('4e4fcee4-b31b-47f8-a526-3cab1f87d9fc','Banin');
insert into basketballgameevents(id,gameId,playType,period,teamFor,teamAgainst) values ('b8ea96f1-dcd9-4bac-8566-ea5ca52edc56','a02fc578-98ac-4033-9cf1-a204358224b2','point',2,'TeamB','TeamA');
insert into basketballpoints(eventId,player,result,point) values ('b8ea96f1-dcd9-4bac-8566-ea5ca52edc56','Beckham','made',2);
insert into basketballgameevents(id,gameId,playType,period,teamFor,teamAgainst) values ('9414421f-2cdb-49e4-b88e-72e4e13dc0b6','a02fc578-98ac-4033-9cf1-a204358224b2','rebound',2,'TeamA','TeamB');
insert into basketballrebounds(eventId,player) values ('9414421f-2cdb-49e4-b88e-72e4e13dc0b6','Abby');
insert into basketballgameevents(id,gameId,playType,period,teamFor,teamAgainst) values ('e4ec6d02-7e84-4a91-93a3-19ec343e408a','a02fc578-98ac-4033-9cf1-a204358224b2','rebound',2,'TeamB','TeamA');
insert into basketballrebounds(eventId,player) values ('e4ec6d02-7e84-4a91-93a3-19ec343e408a','Barry');
insert into basketballgameevents(id,gameId,playType,period,teamFor,teamAgainst) values ('cce024fa-e80a-43b1-ac17-33eca7aaed03','a02fc578-98ac-4033-9cf1-a204358224b2','steal',2,'TeamB','TeamA');
insert into basketballsteals(eventId,player) values ('cce024fa-e80a-43b1-ac17-33eca7aaed03','Barry');
insert into basketballgameevents(id,gameId,playType,period,teamFor,teamAgainst) values ('363a9242-4cc9-4b60-987c-9593fa317068','a02fc578-98ac-4033-9cf1-a204358224b2','foul',2,'TeamB','TeamA');
insert into basketballfouls(eventId,player,reason) values ('363a9242-4cc9-4b60-987c-9593fa317068','Banin','Holding');
insert into basketballgameevents(id,gameId,playType,period,teamFor,teamAgainst) values ('518d251e-e5eb-48c0-ab51-b888a95e82b7','a02fc578-98ac-4033-9cf1-a204358224b2','point',2,'TeamB','TeamA');
insert into basketballpoints(eventId,player,result,point) values ('518d251e-e5eb-48c0-ab51-b888a95e82b7','Banin','made',1);
insert into basketballgameevents(id,gameId,playType,period,teamFor,teamAgainst) values ('034bbd90-20d4-4b7c-8663-51ecfd8921b3','a02fc578-98ac-4033-9cf1-a204358224b2','turnover',2,'TeamB','TeamA');
insert into basketballturnovers(eventId,player) values ('034bbd90-20d4-4b7c-8663-51ecfd8921b3','Banin');
insert into basketballgameevents(id,gameId,playType,period,teamFor,teamAgainst) values ('4e415541-6c40-44be-9a7c-6168a1f5842d','a02fc578-98ac-4033-9cf1-a204358224b2','rebound',2,'TeamB','TeamA');
insert into basketballrebounds(eventId,player) values ('4e415541-6c40-44be-9a7c-6168a1f5842d','Beckham');
insert into basketballgameevents(id,gameId,playType,period,teamFor,teamAgainst) values ('cd0acf69-af70-46ca-b70a-d1c1776995d3','a02fc578-98ac-4033-9cf1-a204358224b2','steal',2,'TeamA','TeamB');
insert into basketballsteals(eventId,player) values ('cd0acf69-af70-46ca-b70a-d1c1776995d3','Adam');
insert into basketballgameevents(id,gameId,playType,period,teamFor,teamAgainst) values ('19283096-b4d1-47c2-a5b6-1a2d99958e52','a02fc578-98ac-4033-9cf1-a204358224b2','steal',2,'TeamA','TeamB');
insert into basketballsteals(eventId,player) values ('19283096-b4d1-47c2-a5b6-1a2d99958e52','Alice');
insert into basketballgameevents(id,gameId,playType,period,teamFor,teamAgainst) values ('24f23f4c-2122-438c-9d78-0e6af1c9a3f9','a02fc578-98ac-4033-9cf1-a204358224b2','block',2,'TeamA','TeamB');
insert into basketballblocks(eventId,player) values ('24f23f4c-2122-438c-9d78-0e6af1c9a3f9','Abdul');
insert into basketballgameevents(id,gameId,playType,period,teamFor,teamAgainst) values ('f38f36be-5265-4dea-8feb-c5ac7adf958e','a02fc578-98ac-4033-9cf1-a204358224b2','turnover',2,'TeamB','TeamA');
insert into basketballturnovers(eventId,player) values ('f38f36be-5265-4dea-8feb-c5ac7adf958e','Barry');
insert into basketballgameevents(id,gameId,playType,period,teamFor,teamAgainst) values ('5a1017fb-06f5-402f-a1e4-042b9f776a80','a02fc578-98ac-4033-9cf1-a204358224b2','turnover',3,'TeamA','TeamB');
insert into basketballturnovers(eventId,player) values ('5a1017fb-06f5-402f-a1e4-042b9f776a80','Adam');
insert into basketballgameevents(id,gameId,playType,period,teamFor,teamAgainst) values ('180cc07f-5b4e-471b-9a4e-71a970dfd6e2','a02fc578-98ac-4033-9cf1-a204358224b2','block',3,'TeamA','TeamB');
insert into basketballblocks(eventId,player) values ('180cc07f-5b4e-471b-9a4e-71a970dfd6e2','Abby');
insert into basketballgameevents(id,gameId,playType,period,teamFor,teamAgainst) values ('c2eb3ea7-1636-47ae-8b7d-90d41a6207f8','a02fc578-98ac-4033-9cf1-a204358224b2','point',3,'TeamB','TeamA');
insert into basketballpoints(eventId,player,result,point) values ('c2eb3ea7-1636-47ae-8b7d-90d41a6207f8','Banin','miss',1);
insert into basketballgameevents(id,gameId,playType,period,teamFor,teamAgainst) values ('40e9d1bb-7d3d-45c4-9658-9463de90a2b1','a02fc578-98ac-4033-9cf1-a204358224b2','turnover',3,'TeamA','TeamB');
insert into basketballturnovers(eventId,player) values ('40e9d1bb-7d3d-45c4-9658-9463de90a2b1','Abby');
insert into basketballgameevents(id,gameId,playType,period,teamFor,teamAgainst) values ('cc357458-cc44-41a7-9b97-5b18f15d286e','a02fc578-98ac-4033-9cf1-a204358224b2','steal',3,'TeamB','TeamA');
insert into basketballsteals(eventId,player) values ('cc357458-cc44-41a7-9b97-5b18f15d286e','Ben');
insert into basketballgameevents(id,gameId,playType,period,teamFor,teamAgainst) values ('52326885-6500-48e7-b799-a2c6c3bde1b1','a02fc578-98ac-4033-9cf1-a204358224b2','turnover',3,'TeamB','TeamA');
insert into basketballturnovers(eventId,player) values ('52326885-6500-48e7-b799-a2c6c3bde1b1','Barry');
insert into basketballgameevents(id,gameId,playType,period,teamFor,teamAgainst) values ('47f83b70-c221-44ba-a32f-c700f5a54d4f','a02fc578-98ac-4033-9cf1-a204358224b2','steal',3,'TeamB','TeamA');
insert into basketballsteals(eventId,player) values ('47f83b70-c221-44ba-a32f-c700f5a54d4f','Bonnie');
insert into basketballgameevents(id,gameId,playType,period,teamFor,teamAgainst) values ('fd160081-734a-4d28-be81-6ac75b74736a','a02fc578-98ac-4033-9cf1-a204358224b2','point',3,'TeamA','TeamB');
insert into basketballpoints(eventId,player,result,point) values ('fd160081-734a-4d28-be81-6ac75b74736a','Abdul','miss',3);
insert into basketballgameevents(id,gameId,playType,period,teamFor,teamAgainst) values ('365a4ad2-e444-4156-8296-990d9c04a6e7','a02fc578-98ac-4033-9cf1-a204358224b2','rebound',3,'TeamA','TeamB');
insert into basketballrebounds(eventId,player) values ('365a4ad2-e444-4156-8296-990d9c04a6e7','Alice');
insert into basketballgameevents(id,gameId,playType,period,teamFor,teamAgainst) values ('5d918189-32d4-47c4-973f-c903b1cd11e5','a02fc578-98ac-4033-9cf1-a204358224b2','rebound',3,'TeamB','TeamA');
insert into basketballrebounds(eventId,player) values ('5d918189-32d4-47c4-973f-c903b1cd11e5','Ben');
insert into basketballgameevents(id,gameId,playType,period,teamFor,teamAgainst) values ('8f0c414d-538d-471c-be3c-5a5d9732d58b','a02fc578-98ac-4033-9cf1-a204358224b2','steal',3,'TeamA','TeamB');
insert into basketballsteals(eventId,player) values ('8f0c414d-538d-471c-be3c-5a5d9732d58b','Alice');
insert into basketballgameevents(id,gameId,playType,period,teamFor,teamAgainst) values ('3e1166f5-31ea-4e6e-836a-08dd0c138865','a02fc578-98ac-4033-9cf1-a204358224b2','rebound',3,'TeamA','TeamB');
insert into basketballrebounds(eventId,player) values ('3e1166f5-31ea-4e6e-836a-08dd0c138865','Adam');
insert into basketballgameevents(id,gameId,playType,period,teamFor,teamAgainst) values ('3a0d0143-c10b-4969-8bb9-f411e107e73b','a02fc578-98ac-4033-9cf1-a204358224b2','rebound',3,'TeamA','TeamB');
insert into basketballrebounds(eventId,player) values ('3a0d0143-c10b-4969-8bb9-f411e107e73b','Adam');
insert into basketballgameevents(id,gameId,playType,period,teamFor,teamAgainst) values ('04ac9999-182c-416f-bf19-f92825fcfa89','a02fc578-98ac-4033-9cf1-a204358224b2','rebound',3,'TeamA','TeamB');
insert into basketballrebounds(eventId,player) values ('04ac9999-182c-416f-bf19-f92825fcfa89','Alice');
insert into basketballgameevents(id,gameId,playType,period,teamFor,teamAgainst) values ('b54e5b41-4da5-41c1-ae28-793335c2f632','a02fc578-98ac-4033-9cf1-a204358224b2','steal',3,'TeamA','TeamB');
insert into basketballsteals(eventId,player) values ('b54e5b41-4da5-41c1-ae28-793335c2f632','Abby');
insert into basketballgameevents(id,gameId,playType,period,teamFor,teamAgainst) values ('b79eeafd-0fd1-45af-becf-bdca1a3ea470','a02fc578-98ac-4033-9cf1-a204358224b2','point',3,'TeamA','TeamB');
insert into basketballpoints(eventId,player,result,point) values ('b79eeafd-0fd1-45af-becf-bdca1a3ea470','Alice','made',1);
insert into basketballgameevents(id,gameId,playType,period,teamFor,teamAgainst) values ('b715c01d-bd78-4a26-8057-45a894210b24','a02fc578-98ac-4033-9cf1-a204358224b2','steal',3,'TeamA','TeamB');
insert into basketballsteals(eventId,player) values ('b715c01d-bd78-4a26-8057-45a894210b24','Abdul');
insert into basketballgameevents(id,gameId,playType,period,teamFor,teamAgainst) values ('8d59d9bc-acca-4039-a3ca-ac9da7885bf6','a02fc578-98ac-4033-9cf1-a204358224b2','turnover',3,'TeamB','TeamA');
insert into basketballturnovers(eventId,player) values ('8d59d9bc-acca-4039-a3ca-ac9da7885bf6','Beckham');
insert into basketballgameevents(id,gameId,playType,period,teamFor,teamAgainst) values ('e77661f2-5d34-4980-9b2c-9b3d74e8efaf','a02fc578-98ac-4033-9cf1-a204358224b2','point',3,'TeamB','TeamA');
insert into basketballpoints(eventId,player,result,point) values ('e77661f2-5d34-4980-9b2c-9b3d74e8efaf','Barry','made',1);
insert into basketballgameevents(id,gameId,playType,period,teamFor,teamAgainst) values ('92ff9d93-347f-45b9-afd2-027d715eaae8','a02fc578-98ac-4033-9cf1-a204358224b2','turnover',3,'TeamB','TeamA');
insert into basketballturnovers(eventId,player) values ('92ff9d93-347f-45b9-afd2-027d715eaae8','Beckham');
insert into basketballgameevents(id,gameId,playType,period,teamFor,teamAgainst) values ('d22776b6-f3ad-4317-a144-6802dcb0a889','a02fc578-98ac-4033-9cf1-a204358224b2','block',3,'TeamA','TeamB');
insert into basketballblocks(eventId,player) values ('d22776b6-f3ad-4317-a144-6802dcb0a889','Abby');
insert into basketballgameevents(id,gameId,playType,period,teamFor,teamAgainst) values ('9dd1590b-10e6-4b28-b120-a527adee3b58','a02fc578-98ac-4033-9cf1-a204358224b2','point',3,'TeamA','TeamB');
insert into basketballpoints(eventId,player,assist,result,point) values ('9dd1590b-10e6-4b28-b120-a527adee3b58', 'Adam', 'Abdul', 'made', 1);
insert into basketballgameevents(id,gameId,playType,period,teamFor,teamAgainst) values ('1ceb13bb-a627-4363-841a-2a27ed6c245c','a02fc578-98ac-4033-9cf1-a204358224b2','steal',3,'TeamB','TeamA');
insert into basketballsteals(eventId,player) values ('1ceb13bb-a627-4363-841a-2a27ed6c245c','Ben');
insert into basketballgameevents(id,gameId,playType,period,teamFor,teamAgainst) values ('60c82517-7f48-4b15-8776-b07edafdd176','a02fc578-98ac-4033-9cf1-a204358224b2','point',3,'TeamA','TeamB');
insert into basketballpoints(eventId,player,result,point) values ('60c82517-7f48-4b15-8776-b07edafdd176','Alice','miss',1);
insert into basketballgameevents(id,gameId,playType,period,teamFor,teamAgainst) values ('f7265206-83d7-4bb1-9f8d-6ec8ecd95d60','a02fc578-98ac-4033-9cf1-a204358224b2','block',3,'TeamA','TeamB');
insert into basketballblocks(eventId,player) values ('f7265206-83d7-4bb1-9f8d-6ec8ecd95d60','Abby');
insert into basketballgameevents(id,gameId,playType,period,teamFor,teamAgainst) values ('e5e91e23-0273-43bc-9934-5985d5b0c33b','a02fc578-98ac-4033-9cf1-a204358224b2','foul',3,'TeamB','TeamA');
insert into basketballfouls(eventId,player,reason) values ('e5e91e23-0273-43bc-9934-5985d5b0c33b','Barry','Holding');
insert into basketballgameevents(id,gameId,playType,period,teamFor,teamAgainst) values ('beecb28a-011d-4210-9c24-d2fa4c9c5078','a02fc578-98ac-4033-9cf1-a204358224b2','steal',3,'TeamB','TeamA');
insert into basketballsteals(eventId,player) values ('beecb28a-011d-4210-9c24-d2fa4c9c5078','Beckham');
insert into basketballgameevents(id,gameId,playType,period,teamFor,teamAgainst) values ('789729ed-83ac-4554-9580-38ccdf9956a5','a02fc578-98ac-4033-9cf1-a204358224b2','rebound',3,'TeamB','TeamA');
insert into basketballrebounds(eventId,player) values ('789729ed-83ac-4554-9580-38ccdf9956a5','Banin');
insert into basketballgameevents(id,gameId,playType,period,teamFor,teamAgainst) values ('750d1e8e-84be-4dd3-992b-f3d2da3a01de','a02fc578-98ac-4033-9cf1-a204358224b2','steal',3,'TeamA','TeamB');
insert into basketballsteals(eventId,player) values ('750d1e8e-84be-4dd3-992b-f3d2da3a01de','Adam');
insert into basketballgameevents(id,gameId,playType,period,teamFor,teamAgainst) values ('0adb799f-680c-47f0-9a64-3cc84f22ff43','a02fc578-98ac-4033-9cf1-a204358224b2','point',3,'TeamA','TeamB');
insert into basketballpoints(eventId,player,assist,result,point) values ('0adb799f-680c-47f0-9a64-3cc84f22ff43', 'Abdul', 'Alain', 'made', 1);
insert into basketballgameevents(id,gameId,playType,period,teamFor,teamAgainst) values ('732bb809-8d2e-456e-beef-34aeb67223af','a02fc578-98ac-4033-9cf1-a204358224b2','steal',3,'TeamB','TeamA');
insert into basketballsteals(eventId,player) values ('732bb809-8d2e-456e-beef-34aeb67223af','Barry');
insert into basketballgameevents(id,gameId,playType,period,teamFor,teamAgainst) values ('c7527048-c464-4c94-90e0-dbfb22d18bcf','a02fc578-98ac-4033-9cf1-a204358224b2','rebound',3,'TeamA','TeamB');
insert into basketballrebounds(eventId,player) values ('c7527048-c464-4c94-90e0-dbfb22d18bcf','Adam');
insert into basketballgameevents(id,gameId,playType,period,teamFor,teamAgainst) values ('3d06f76b-53d9-4e9f-8bfe-40b4b517db3b','a02fc578-98ac-4033-9cf1-a204358224b2','block',3,'TeamA','TeamB');
insert into basketballblocks(eventId,player) values ('3d06f76b-53d9-4e9f-8bfe-40b4b517db3b','Abdul');
insert into basketballgameevents(id,gameId,playType,period,teamFor,teamAgainst) values ('e470234c-be67-42a3-9130-a8f3f00fd3d7','a02fc578-98ac-4033-9cf1-a204358224b2','point',3,'TeamB','TeamA');
insert into basketballpoints(eventId,player,assist,result,point) values ('e470234c-be67-42a3-9130-a8f3f00fd3d7', 'Ben', 'Barry', 'made', 1);
insert into basketballgameevents(id,gameId,playType,period,teamFor,teamAgainst) values ('fe8adc41-faeb-4e56-b54d-45305758a0a5','a02fc578-98ac-4033-9cf1-a204358224b2','foul',3,'TeamB','TeamA');
insert into basketballfouls(eventId,player,reason) values ('fe8adc41-faeb-4e56-b54d-45305758a0a5','Ben','Pushing');
insert into basketballgameevents(id,gameId,playType,period,teamFor,teamAgainst) values ('81595b83-a3bd-4530-82c2-0f53a898a8a7','a02fc578-98ac-4033-9cf1-a204358224b2','steal',3,'TeamB','TeamA');
insert into basketballsteals(eventId,player) values ('81595b83-a3bd-4530-82c2-0f53a898a8a7','Beckham');
insert into basketballgameevents(id,gameId,playType,period,teamFor,teamAgainst) values ('60fbcda6-1364-454d-aa82-1da48be6d9a8','a02fc578-98ac-4033-9cf1-a204358224b2','turnover',3,'TeamA','TeamB');
insert into basketballturnovers(eventId,player) values ('60fbcda6-1364-454d-aa82-1da48be6d9a8','Alice');
insert into basketballgameevents(id,gameId,playType,period,teamFor,teamAgainst) values ('b88dcbdf-8039-4623-bbf5-93c3ea58dee9','a02fc578-98ac-4033-9cf1-a204358224b2','block',3,'TeamB','TeamA');
insert into basketballblocks(eventId,player) values ('b88dcbdf-8039-4623-bbf5-93c3ea58dee9','Beckham');
insert into basketballgameevents(id,gameId,playType,period,teamFor,teamAgainst) values ('7f1d5e31-de78-4b8f-86ec-42f00d6cfe9b','a02fc578-98ac-4033-9cf1-a204358224b2','steal',3,'TeamB','TeamA');
insert into basketballsteals(eventId,player) values ('7f1d5e31-de78-4b8f-86ec-42f00d6cfe9b','Beckham');
insert into basketballgameevents(id,gameId,playType,period,teamFor,teamAgainst) values ('eb7a34e9-cf1e-402c-83e8-eac039eb98f9','a02fc578-98ac-4033-9cf1-a204358224b2','foul',3,'TeamA','TeamB');
insert into basketballfouls(eventId,player,reason) values ('eb7a34e9-cf1e-402c-83e8-eac039eb98f9','Abby','Pushing');
insert into basketballgameevents(id,gameId,playType,period,teamFor,teamAgainst) values ('d2f16cb0-f41e-4c71-a705-2467dd84d255','a02fc578-98ac-4033-9cf1-a204358224b2','point',3,'TeamB','TeamA');
insert into basketballpoints(eventId,player,assist,result,point) values ('d2f16cb0-f41e-4c71-a705-2467dd84d255', 'Beckham', 'Banin', 'made', 3);
insert into basketballgameevents(id,gameId,playType,period,teamFor,teamAgainst) values ('50353848-14cf-41a4-aafc-77fef321aff2','a02fc578-98ac-4033-9cf1-a204358224b2','foul',3,'TeamA','TeamB');
insert into basketballfouls(eventId,player,reason) values ('50353848-14cf-41a4-aafc-77fef321aff2','Adam','Holding');
insert into basketballgameevents(id,gameId,playType,period,teamFor,teamAgainst) values ('bc6a0cfe-7903-431e-bc96-d24efcddc224','a02fc578-98ac-4033-9cf1-a204358224b2','point',3,'TeamB','TeamA');
insert into basketballpoints(eventId,player,assist,result,point) values ('bc6a0cfe-7903-431e-bc96-d24efcddc224', 'Bonnie', 'Beckham', 'made', 1);
insert into basketballgameevents(id,gameId,playType,period,teamFor,teamAgainst) values ('eafb0d9c-a41e-475b-b9a0-8d3d268010b9','a02fc578-98ac-4033-9cf1-a204358224b2','steal',3,'TeamA','TeamB');
insert into basketballsteals(eventId,player) values ('eafb0d9c-a41e-475b-b9a0-8d3d268010b9','Abdul');
insert into basketballgameevents(id,gameId,playType,period,teamFor,teamAgainst) values ('e03cdb42-6f61-4257-8c1f-e4b2a0460783','a02fc578-98ac-4033-9cf1-a204358224b2','steal',3,'TeamA','TeamB');
insert into basketballsteals(eventId,player) values ('e03cdb42-6f61-4257-8c1f-e4b2a0460783','Alice');
insert into basketballgameevents(id,gameId,playType,period,teamFor,teamAgainst) values ('cbbc0e0c-2ab8-485a-9511-4418c2f2db0c','a02fc578-98ac-4033-9cf1-a204358224b2','foul',3,'TeamB','TeamA');
insert into basketballfouls(eventId,player,reason) values ('cbbc0e0c-2ab8-485a-9511-4418c2f2db0c','Ben','Holding');
insert into basketballgameevents(id,gameId,playType,period,teamFor,teamAgainst) values ('97056de2-48b8-420c-b9c6-3e5968c001a3','a02fc578-98ac-4033-9cf1-a204358224b2','point',3,'TeamA','TeamB');
insert into basketballpoints(eventId,player,result,point) values ('97056de2-48b8-420c-b9c6-3e5968c001a3','Adam','miss',3);
insert into basketballgameevents(id,gameId,playType,period,teamFor,teamAgainst) values ('30036287-6b1a-4f65-8242-fac16c84ee85','a02fc578-98ac-4033-9cf1-a204358224b2','foul',3,'TeamA','TeamB');
insert into basketballfouls(eventId,player,reason) values ('30036287-6b1a-4f65-8242-fac16c84ee85','Alice','Pushing');
insert into basketballgameevents(id,gameId,playType,period,teamFor,teamAgainst) values ('74efc668-cb08-4e9a-aa27-b858bb04d645','a02fc578-98ac-4033-9cf1-a204358224b2','turnover',3,'TeamA','TeamB');
insert into basketballturnovers(eventId,player) values ('74efc668-cb08-4e9a-aa27-b858bb04d645','Alice');
insert into basketballgameevents(id,gameId,playType,period,teamFor,teamAgainst) values ('774745a5-2d90-421b-bac6-c3ca45e1ae80','a02fc578-98ac-4033-9cf1-a204358224b2','block',3,'TeamB','TeamA');
insert into basketballblocks(eventId,player) values ('774745a5-2d90-421b-bac6-c3ca45e1ae80','Banin');
insert into basketballgameevents(id,gameId,playType,period,teamFor,teamAgainst) values ('b382287e-09b0-4e6b-8798-b22acc4f09bd','a02fc578-98ac-4033-9cf1-a204358224b2','block',3,'TeamB','TeamA');
insert into basketballblocks(eventId,player) values ('b382287e-09b0-4e6b-8798-b22acc4f09bd','Ben');
insert into basketballgameevents(id,gameId,playType,period,teamFor,teamAgainst) values ('82a9ab42-3890-4776-b6a1-b437014d2c31','a02fc578-98ac-4033-9cf1-a204358224b2','turnover',3,'TeamA','TeamB');
insert into basketballturnovers(eventId,player) values ('82a9ab42-3890-4776-b6a1-b437014d2c31','Adam');
insert into basketballgameevents(id,gameId,playType,period,teamFor,teamAgainst) values ('c27b55fa-750a-4d55-9d5c-51a813c4bb92','a02fc578-98ac-4033-9cf1-a204358224b2','rebound',3,'TeamA','TeamB');
insert into basketballrebounds(eventId,player) values ('c27b55fa-750a-4d55-9d5c-51a813c4bb92','Abby');
insert into basketballgameevents(id,gameId,playType,period,teamFor,teamAgainst) values ('7b92f96d-9514-45b3-bceb-ef26bb02e511','a02fc578-98ac-4033-9cf1-a204358224b2','block',3,'TeamA','TeamB');
insert into basketballblocks(eventId,player) values ('7b92f96d-9514-45b3-bceb-ef26bb02e511','Alain');
insert into basketballgameevents(id,gameId,playType,period,teamFor,teamAgainst) values ('466e171c-7b20-4014-8b02-e87dc86a1a48','a02fc578-98ac-4033-9cf1-a204358224b2','turnover',3,'TeamA','TeamB');
insert into basketballturnovers(eventId,player) values ('466e171c-7b20-4014-8b02-e87dc86a1a48','Adam');
insert into basketballgameevents(id,gameId,playType,period,teamFor,teamAgainst) values ('2441107f-e1c6-4bb5-8e65-772373ecf8fa','a02fc578-98ac-4033-9cf1-a204358224b2','rebound',3,'TeamA','TeamB');
insert into basketballrebounds(eventId,player) values ('2441107f-e1c6-4bb5-8e65-772373ecf8fa','Alice');
insert into basketballgameevents(id,gameId,playType,period,teamFor,teamAgainst) values ('c2be7d3a-2496-4a6f-aaf8-6d6bf0a688db','a02fc578-98ac-4033-9cf1-a204358224b2','block',3,'TeamB','TeamA');
insert into basketballblocks(eventId,player) values ('c2be7d3a-2496-4a6f-aaf8-6d6bf0a688db','Barry');
insert into basketballgameevents(id,gameId,playType,period,teamFor,teamAgainst) values ('74493a18-4e16-4bb6-96dd-e213fae1354a','a02fc578-98ac-4033-9cf1-a204358224b2','rebound',3,'TeamB','TeamA');
insert into basketballrebounds(eventId,player) values ('74493a18-4e16-4bb6-96dd-e213fae1354a','Barry');
insert into basketballgameevents(id,gameId,playType,period,teamFor,teamAgainst) values ('e207cf57-feab-4546-8937-40c35739a81e','a02fc578-98ac-4033-9cf1-a204358224b2','foul',3,'TeamA','TeamB');
insert into basketballfouls(eventId,player,reason) values ('e207cf57-feab-4546-8937-40c35739a81e','Alain','Pushing');
insert into basketballgameevents(id,gameId,playType,period,teamFor,teamAgainst) values ('d823ae65-7996-4785-b26b-82038f978596','a02fc578-98ac-4033-9cf1-a204358224b2','foul',3,'TeamB','TeamA');
insert into basketballfouls(eventId,player,reason) values ('d823ae65-7996-4785-b26b-82038f978596','Ben','Holding');
insert into basketballgameevents(id,gameId,playType,period,teamFor,teamAgainst) values ('a4ed2a6f-3d6d-483a-8ebe-e5d797197404','a02fc578-98ac-4033-9cf1-a204358224b2','turnover',3,'TeamA','TeamB');
insert into basketballturnovers(eventId,player) values ('a4ed2a6f-3d6d-483a-8ebe-e5d797197404','Abby');
insert into basketballgameevents(id,gameId,playType,period,teamFor,teamAgainst) values ('d5bd1ca5-4694-4041-891d-2d398b1a8e64','a02fc578-98ac-4033-9cf1-a204358224b2','foul',3,'TeamB','TeamA');
insert into basketballfouls(eventId,player,reason) values ('d5bd1ca5-4694-4041-891d-2d398b1a8e64','Ben','Holding');
insert into basketballgameevents(id,gameId,playType,period,teamFor,teamAgainst) values ('5ff41baf-5dbe-44d3-84db-ae099e0136ca','a02fc578-98ac-4033-9cf1-a204358224b2','block',3,'TeamA','TeamB');
insert into basketballblocks(eventId,player) values ('5ff41baf-5dbe-44d3-84db-ae099e0136ca','Adam');
insert into basketballgameevents(id,gameId,playType,period,teamFor,teamAgainst) values ('73c2832f-6a64-4595-bfd8-68afa38d4aec','a02fc578-98ac-4033-9cf1-a204358224b2','point',3,'TeamA','TeamB');
insert into basketballpoints(eventId,player,assist,result,point) values ('73c2832f-6a64-4595-bfd8-68afa38d4aec', 'Alain', 'Abby', 'made', 3);
insert into basketballgameevents(id,gameId,playType,period,teamFor,teamAgainst) values ('9af42559-97b4-4f3c-b465-e91d59312105','a02fc578-98ac-4033-9cf1-a204358224b2','turnover',3,'TeamB','TeamA');
insert into basketballturnovers(eventId,player) values ('9af42559-97b4-4f3c-b465-e91d59312105','Ben');
insert into basketballgameevents(id,gameId,playType,period,teamFor,teamAgainst) values ('1a746c62-8266-4017-bd40-40c58adc36ef','a02fc578-98ac-4033-9cf1-a204358224b2','rebound',3,'TeamB','TeamA');
insert into basketballrebounds(eventId,player) values ('1a746c62-8266-4017-bd40-40c58adc36ef','Ben');
insert into basketballgameevents(id,gameId,playType,period,teamFor,teamAgainst) values ('897c0f47-e4d5-4fd2-8a41-75ebb54c1ecf','a02fc578-98ac-4033-9cf1-a204358224b2','block',3,'TeamB','TeamA');
insert into basketballblocks(eventId,player) values ('897c0f47-e4d5-4fd2-8a41-75ebb54c1ecf','Ben');
insert into basketballgameevents(id,gameId,playType,period,teamFor,teamAgainst) values ('7aea7fc9-d544-4eac-80f4-ba5c4b129310','a02fc578-98ac-4033-9cf1-a204358224b2','foul',3,'TeamB','TeamA');
insert into basketballfouls(eventId,player,reason) values ('7aea7fc9-d544-4eac-80f4-ba5c4b129310','Ben','Pushing');
insert into basketballgameevents(id,gameId,playType,period,teamFor,teamAgainst) values ('92e3c69f-0650-4f30-9da8-4d109bf35aba','a02fc578-98ac-4033-9cf1-a204358224b2','steal',3,'TeamB','TeamA');
insert into basketballsteals(eventId,player) values ('92e3c69f-0650-4f30-9da8-4d109bf35aba','Ben');
insert into basketballgameevents(id,gameId,playType,period,teamFor,teamAgainst) values ('b6891367-ac6b-4639-8f88-2705f41acd4e','a02fc578-98ac-4033-9cf1-a204358224b2','block',3,'TeamB','TeamA');
insert into basketballblocks(eventId,player) values ('b6891367-ac6b-4639-8f88-2705f41acd4e','Banin');
insert into basketballgameevents(id,gameId,playType,period,teamFor,teamAgainst) values ('0667b2dd-2f0a-4721-9005-3e80d89bedeb','a02fc578-98ac-4033-9cf1-a204358224b2','steal',3,'TeamB','TeamA');
insert into basketballsteals(eventId,player) values ('0667b2dd-2f0a-4721-9005-3e80d89bedeb','Beckham');
insert into basketballgameevents(id,gameId,playType,period,teamFor,teamAgainst) values ('e2177849-f875-45a6-997b-f819d887cf7c','a02fc578-98ac-4033-9cf1-a204358224b2','turnover',3,'TeamA','TeamB');
insert into basketballturnovers(eventId,player) values ('e2177849-f875-45a6-997b-f819d887cf7c','Abby');
insert into basketballgameevents(id,gameId,playType,period,teamFor,teamAgainst) values ('5e77c113-100e-4e8f-88f5-bae100b4d34b','a02fc578-98ac-4033-9cf1-a204358224b2','steal',3,'TeamA','TeamB');
insert into basketballsteals(eventId,player) values ('5e77c113-100e-4e8f-88f5-bae100b4d34b','Alice');
insert into basketballgameevents(id,gameId,playType,period,teamFor,teamAgainst) values ('d10551cf-cb08-4ea1-81cc-be79715bbebc','a02fc578-98ac-4033-9cf1-a204358224b2','point',3,'TeamB','TeamA');
insert into basketballpoints(eventId,player,assist,result,point) values ('d10551cf-cb08-4ea1-81cc-be79715bbebc', 'Bonnie', 'Barry', 'made', 1);
insert into basketballgameevents(id,gameId,playType,period,teamFor,teamAgainst) values ('67936da7-bf6a-4c3f-b2f4-e9e94cb84147','a02fc578-98ac-4033-9cf1-a204358224b2','rebound',3,'TeamB','TeamA');
insert into basketballrebounds(eventId,player) values ('67936da7-bf6a-4c3f-b2f4-e9e94cb84147','Ben');
insert into basketballgameevents(id,gameId,playType,period,teamFor,teamAgainst) values ('5ce848aa-9910-4305-8230-64f06c4aa94d','a02fc578-98ac-4033-9cf1-a204358224b2','block',3,'TeamA','TeamB');
insert into basketballblocks(eventId,player) values ('5ce848aa-9910-4305-8230-64f06c4aa94d','Adam');
insert into basketballgameevents(id,gameId,playType,period,teamFor,teamAgainst) values ('cb9fdf41-f4b7-46ed-9445-0a1c79e510bf','a02fc578-98ac-4033-9cf1-a204358224b2','block',3,'TeamA','TeamB');
insert into basketballblocks(eventId,player) values ('cb9fdf41-f4b7-46ed-9445-0a1c79e510bf','Adam');
insert into basketballgameevents(id,gameId,playType,period,teamFor,teamAgainst) values ('9a235349-842b-48e5-8a89-cf40817dafd4','a02fc578-98ac-4033-9cf1-a204358224b2','block',3,'TeamB','TeamA');
insert into basketballblocks(eventId,player) values ('9a235349-842b-48e5-8a89-cf40817dafd4','Ben');
insert into basketballgameevents(id,gameId,playType,period,teamFor,teamAgainst) values ('29c4a2f3-8145-4252-ae65-15d6cc132910','a02fc578-98ac-4033-9cf1-a204358224b2','point',3,'TeamB','TeamA');
insert into basketballpoints(eventId,player,result,point) values ('29c4a2f3-8145-4252-ae65-15d6cc132910','Beckham','miss',3);
insert into basketballgameevents(id,gameId,playType,period,teamFor,teamAgainst) values ('d9bcbbe5-7472-4128-9c37-d4e456157456','a02fc578-98ac-4033-9cf1-a204358224b2','turnover',3,'TeamB','TeamA');
insert into basketballturnovers(eventId,player) values ('d9bcbbe5-7472-4128-9c37-d4e456157456','Beckham');
insert into basketballgameevents(id,gameId,playType,period,teamFor,teamAgainst) values ('1a7d1fd6-a9c8-45ae-9312-d356ea52c78b','a02fc578-98ac-4033-9cf1-a204358224b2','foul',3,'TeamB','TeamA');
insert into basketballfouls(eventId,player,reason) values ('1a7d1fd6-a9c8-45ae-9312-d356ea52c78b','Barry','Holding');
insert into basketballgameevents(id,gameId,playType,period,teamFor,teamAgainst) values ('118ea5b5-5fc3-47be-bb55-fb24e4d90900','a02fc578-98ac-4033-9cf1-a204358224b2','steal',3,'TeamA','TeamB');
insert into basketballsteals(eventId,player) values ('118ea5b5-5fc3-47be-bb55-fb24e4d90900','Abby');
insert into basketballgameevents(id,gameId,playType,period,teamFor,teamAgainst) values ('cbed417b-8519-4db2-ac0f-01b5a3f47eab','a02fc578-98ac-4033-9cf1-a204358224b2','rebound',3,'TeamA','TeamB');
insert into basketballrebounds(eventId,player) values ('cbed417b-8519-4db2-ac0f-01b5a3f47eab','Adam');
insert into basketballgameevents(id,gameId,playType,period,teamFor,teamAgainst) values ('9e15266a-abed-498d-96c2-9b155a576f6b','a02fc578-98ac-4033-9cf1-a204358224b2','block',3,'TeamA','TeamB');
insert into basketballblocks(eventId,player) values ('9e15266a-abed-498d-96c2-9b155a576f6b','Alain');
insert into basketballgameevents(id,gameId,playType,period,teamFor,teamAgainst) values ('6fe8bf7a-78d2-494a-bb84-35dacd270b7f','a02fc578-98ac-4033-9cf1-a204358224b2','steal',3,'TeamA','TeamB');
insert into basketballsteals(eventId,player) values ('6fe8bf7a-78d2-494a-bb84-35dacd270b7f','Abby');
insert into basketballgameevents(id,gameId,playType,period,teamFor,teamAgainst) values ('84f7aca3-8b8a-4a6f-9088-fe2c705482e7','a02fc578-98ac-4033-9cf1-a204358224b2','block',3,'TeamB','TeamA');
insert into basketballblocks(eventId,player) values ('84f7aca3-8b8a-4a6f-9088-fe2c705482e7','Beckham');
insert into basketballgameevents(id,gameId,playType,period,teamFor,teamAgainst) values ('fc85039c-2153-42d4-a51f-18697afeb3d5','a02fc578-98ac-4033-9cf1-a204358224b2','foul',3,'TeamA','TeamB');
insert into basketballfouls(eventId,player,reason) values ('fc85039c-2153-42d4-a51f-18697afeb3d5','Abdul','Pushing');
insert into basketballgameevents(id,gameId,playType,period,teamFor,teamAgainst) values ('b1be7e45-8287-4cce-be3d-6b1cc9d80abc','a02fc578-98ac-4033-9cf1-a204358224b2','steal',3,'TeamA','TeamB');
insert into basketballsteals(eventId,player) values ('b1be7e45-8287-4cce-be3d-6b1cc9d80abc','Alain');
insert into basketballgameevents(id,gameId,playType,period,teamFor,teamAgainst) values ('445fce2d-ae06-4394-b059-3ce4b88dd9fc','a02fc578-98ac-4033-9cf1-a204358224b2','point',3,'TeamB','TeamA');
insert into basketballpoints(eventId,player,result,point) values ('445fce2d-ae06-4394-b059-3ce4b88dd9fc','Banin','miss',1);
insert into basketballgameevents(id,gameId,playType,period,teamFor,teamAgainst) values ('8b31a046-c125-4a27-8750-ef8fbc889175','a02fc578-98ac-4033-9cf1-a204358224b2','steal',3,'TeamA','TeamB');
insert into basketballsteals(eventId,player) values ('8b31a046-c125-4a27-8750-ef8fbc889175','Alain');
insert into basketballgameevents(id,gameId,playType,period,teamFor,teamAgainst) values ('9f4b9fed-55c9-438f-a620-2954c0799d78','a02fc578-98ac-4033-9cf1-a204358224b2','rebound',3,'TeamA','TeamB');
insert into basketballrebounds(eventId,player) values ('9f4b9fed-55c9-438f-a620-2954c0799d78','Abdul');
insert into basketballgameevents(id,gameId,playType,period,teamFor,teamAgainst) values ('664b8faa-a9f2-4d41-99c2-6a4e89f534e9','a02fc578-98ac-4033-9cf1-a204358224b2','turnover',3,'TeamB','TeamA');
insert into basketballturnovers(eventId,player) values ('664b8faa-a9f2-4d41-99c2-6a4e89f534e9','Barry');
insert into basketballgameevents(id,gameId,playType,period,teamFor,teamAgainst) values ('180de4a5-1272-4d8a-a297-87497458a42f','a02fc578-98ac-4033-9cf1-a204358224b2','rebound',3,'TeamB','TeamA');
insert into basketballrebounds(eventId,player) values ('180de4a5-1272-4d8a-a297-87497458a42f','Banin');
insert into basketballgameevents(id,gameId,playType,period,teamFor,teamAgainst) values ('b8a47978-ea0f-4679-acdd-238491e6f1fd','a02fc578-98ac-4033-9cf1-a204358224b2','foul',3,'TeamB','TeamA');
insert into basketballfouls(eventId,player,reason) values ('b8a47978-ea0f-4679-acdd-238491e6f1fd','Beckham','Pushing');
insert into basketballgameevents(id,gameId,playType,period,teamFor,teamAgainst) values ('e3cd5b9d-af76-465a-b25e-8b31418be21a','a02fc578-98ac-4033-9cf1-a204358224b2','steal',3,'TeamB','TeamA');
insert into basketballsteals(eventId,player) values ('e3cd5b9d-af76-465a-b25e-8b31418be21a','Ben');
insert into basketballgameevents(id,gameId,playType,period,teamFor,teamAgainst) values ('07b8eafd-e6d0-4dd0-9d63-3ecf038f567e','a02fc578-98ac-4033-9cf1-a204358224b2','block',3,'TeamB','TeamA');
insert into basketballblocks(eventId,player) values ('07b8eafd-e6d0-4dd0-9d63-3ecf038f567e','Bonnie');
insert into basketballgameevents(id,gameId,playType,period,teamFor,teamAgainst) values ('0380af80-5f85-4405-85e4-0b0c0ed93e83','a02fc578-98ac-4033-9cf1-a204358224b2','foul',3,'TeamA','TeamB');
insert into basketballfouls(eventId,player,reason) values ('0380af80-5f85-4405-85e4-0b0c0ed93e83','Alice','Pushing');
insert into basketballgameevents(id,gameId,playType,period,teamFor,teamAgainst) values ('dd5dc1f9-ce5f-4e3d-b47a-f0b8bd63a2f7','a02fc578-98ac-4033-9cf1-a204358224b2','turnover',3,'TeamA','TeamB');
insert into basketballturnovers(eventId,player) values ('dd5dc1f9-ce5f-4e3d-b47a-f0b8bd63a2f7','Alice');
insert into basketballgameevents(id,gameId,playType,period,teamFor,teamAgainst) values ('1f18b6b5-7cf3-4dab-88cf-2e0d09c449da','a02fc578-98ac-4033-9cf1-a204358224b2','turnover',3,'TeamB','TeamA');
insert into basketballturnovers(eventId,player) values ('1f18b6b5-7cf3-4dab-88cf-2e0d09c449da','Barry');
insert into basketballgameevents(id,gameId,playType,period,teamFor,teamAgainst) values ('48095e73-0517-46e7-a87f-a381d365d37b','a02fc578-98ac-4033-9cf1-a204358224b2','block',3,'TeamB','TeamA');
insert into basketballblocks(eventId,player) values ('48095e73-0517-46e7-a87f-a381d365d37b','Banin');
insert into basketballgameevents(id,gameId,playType,period,teamFor,teamAgainst) values ('eee8070f-74e4-4a49-9bc9-e80171a76119','a02fc578-98ac-4033-9cf1-a204358224b2','turnover',4,'TeamA','TeamB');
insert into basketballturnovers(eventId,player) values ('eee8070f-74e4-4a49-9bc9-e80171a76119','Adam');
insert into basketballgameevents(id,gameId,playType,period,teamFor,teamAgainst) values ('3d900f66-9e44-4766-84b0-1ad8110f5a73','a02fc578-98ac-4033-9cf1-a204358224b2','point',4,'TeamB','TeamA');
insert into basketballpoints(eventId,player,result,point) values ('3d900f66-9e44-4766-84b0-1ad8110f5a73','Barry','miss',2);
insert into basketballgameevents(id,gameId,playType,period,teamFor,teamAgainst) values ('904d2888-4ff7-474b-8c35-e212a3c474da','a02fc578-98ac-4033-9cf1-a204358224b2','block',4,'TeamA','TeamB');
insert into basketballblocks(eventId,player) values ('904d2888-4ff7-474b-8c35-e212a3c474da','Alain');
insert into basketballgameevents(id,gameId,playType,period,teamFor,teamAgainst) values ('36f5fcd3-d846-4595-a704-d6e05fea2050','a02fc578-98ac-4033-9cf1-a204358224b2','rebound',4,'TeamB','TeamA');
insert into basketballrebounds(eventId,player) values ('36f5fcd3-d846-4595-a704-d6e05fea2050','Beckham');
insert into basketballgameevents(id,gameId,playType,period,teamFor,teamAgainst) values ('befeb118-33e4-421b-b47f-888d082bced4','a02fc578-98ac-4033-9cf1-a204358224b2','foul',4,'TeamB','TeamA');
insert into basketballfouls(eventId,player,reason) values ('befeb118-33e4-421b-b47f-888d082bced4','Banin','Pushing');
insert into basketballgameevents(id,gameId,playType,period,teamFor,teamAgainst) values ('a0e061be-9f85-44e4-9578-354e253ae60c','a02fc578-98ac-4033-9cf1-a204358224b2','turnover',4,'TeamA','TeamB');
insert into basketballturnovers(eventId,player) values ('a0e061be-9f85-44e4-9578-354e253ae60c','Alain');
insert into basketballgameevents(id,gameId,playType,period,teamFor,teamAgainst) values ('aac930b2-67a5-4a92-837d-4f8036f6e9db','a02fc578-98ac-4033-9cf1-a204358224b2','steal',4,'TeamB','TeamA');
insert into basketballsteals(eventId,player) values ('aac930b2-67a5-4a92-837d-4f8036f6e9db','Banin');
insert into basketballgameevents(id,gameId,playType,period,teamFor,teamAgainst) values ('365eb6e0-d020-4ebf-b686-d65aaeeaba90','a02fc578-98ac-4033-9cf1-a204358224b2','point',4,'TeamB','TeamA');
insert into basketballpoints(eventId,player,result,point) values ('365eb6e0-d020-4ebf-b686-d65aaeeaba90','Ben','miss',1);
insert into basketballgameevents(id,gameId,playType,period,teamFor,teamAgainst) values ('dcdf5751-d1a5-4dd5-affd-4fd21ee203a0','a02fc578-98ac-4033-9cf1-a204358224b2','steal',4,'TeamA','TeamB');
insert into basketballsteals(eventId,player) values ('dcdf5751-d1a5-4dd5-affd-4fd21ee203a0','Alain');
insert into basketballgameevents(id,gameId,playType,period,teamFor,teamAgainst) values ('fdd100ec-05b9-467c-9108-88c68c2d2bbc','a02fc578-98ac-4033-9cf1-a204358224b2','steal',4,'TeamA','TeamB');
insert into basketballsteals(eventId,player) values ('fdd100ec-05b9-467c-9108-88c68c2d2bbc','Alice');
insert into basketballgameevents(id,gameId,playType,period,teamFor,teamAgainst) values ('d614e719-fb34-4860-8d79-ed9694a6bcdb','a02fc578-98ac-4033-9cf1-a204358224b2','point',4,'TeamA','TeamB');
insert into basketballpoints(eventId,player,result,point) values ('d614e719-fb34-4860-8d79-ed9694a6bcdb','Abby','made',1);
insert into basketballgameevents(id,gameId,playType,period,teamFor,teamAgainst) values ('ff4fdf70-1822-43bd-868e-878e99132c1c','a02fc578-98ac-4033-9cf1-a204358224b2','steal',4,'TeamA','TeamB');
insert into basketballsteals(eventId,player) values ('ff4fdf70-1822-43bd-868e-878e99132c1c','Alice');
insert into basketballgameevents(id,gameId,playType,period,teamFor,teamAgainst) values ('a7bfc77f-800c-487d-b887-4708e4b1ad53','a02fc578-98ac-4033-9cf1-a204358224b2','steal',4,'TeamA','TeamB');
insert into basketballsteals(eventId,player) values ('a7bfc77f-800c-487d-b887-4708e4b1ad53','Alice');
insert into basketballgameevents(id,gameId,playType,period,teamFor,teamAgainst) values ('454a276f-abbe-4f68-97a5-b4fc3624c121','a02fc578-98ac-4033-9cf1-a204358224b2','turnover',4,'TeamA','TeamB');
insert into basketballturnovers(eventId,player) values ('454a276f-abbe-4f68-97a5-b4fc3624c121','Abdul');
insert into basketballgameevents(id,gameId,playType,period,teamFor,teamAgainst) values ('49139ec7-0eb0-47db-ad17-c7e2360e58cf','a02fc578-98ac-4033-9cf1-a204358224b2','turnover',4,'TeamB','TeamA');
insert into basketballturnovers(eventId,player) values ('49139ec7-0eb0-47db-ad17-c7e2360e58cf','Ben');
insert into basketballgameevents(id,gameId,playType,period,teamFor,teamAgainst) values ('2e4a0da8-7694-4da3-bfd2-88ccba9f74a8','a02fc578-98ac-4033-9cf1-a204358224b2','foul',4,'TeamA','TeamB');
insert into basketballfouls(eventId,player,reason) values ('2e4a0da8-7694-4da3-bfd2-88ccba9f74a8','Adam','Holding');
insert into basketballgameevents(id,gameId,playType,period,teamFor,teamAgainst) values ('a6cc586d-df33-42ac-abb4-9ec07b9eb481','a02fc578-98ac-4033-9cf1-a204358224b2','point',4,'TeamA','TeamB');
insert into basketballpoints(eventId,player,result,point) values ('a6cc586d-df33-42ac-abb4-9ec07b9eb481','Abdul','made',2);
insert into basketballgameevents(id,gameId,playType,period,teamFor,teamAgainst) values ('6fbfc491-bc8f-4376-b258-2b68bea318b7','a02fc578-98ac-4033-9cf1-a204358224b2','turnover',4,'TeamA','TeamB');
insert into basketballturnovers(eventId,player) values ('6fbfc491-bc8f-4376-b258-2b68bea318b7','Abdul');
insert into basketballgameevents(id,gameId,playType,period,teamFor,teamAgainst) values ('cd0b2fe9-7eb7-4640-b5ef-5a3e6dc4a0f9','a02fc578-98ac-4033-9cf1-a204358224b2','rebound',4,'TeamA','TeamB');
insert into basketballrebounds(eventId,player) values ('cd0b2fe9-7eb7-4640-b5ef-5a3e6dc4a0f9','Abdul');
insert into basketballgameevents(id,gameId,playType,period,teamFor,teamAgainst) values ('fb475624-f7b1-4785-83e1-ce8583e8fcc2','a02fc578-98ac-4033-9cf1-a204358224b2','block',4,'TeamB','TeamA');
insert into basketballblocks(eventId,player) values ('fb475624-f7b1-4785-83e1-ce8583e8fcc2','Barry');
insert into basketballgameevents(id,gameId,playType,period,teamFor,teamAgainst) values ('bf10c0ff-380f-4299-83dc-b43754359e8e','a02fc578-98ac-4033-9cf1-a204358224b2','point',4,'TeamB','TeamA');
insert into basketballpoints(eventId,player,result,point) values ('bf10c0ff-380f-4299-83dc-b43754359e8e','Banin','made',1);
insert into basketballgameevents(id,gameId,playType,period,teamFor,teamAgainst) values ('adbde596-da00-41aa-bb7a-719d224add34','a02fc578-98ac-4033-9cf1-a204358224b2','steal',4,'TeamB','TeamA');
insert into basketballsteals(eventId,player) values ('adbde596-da00-41aa-bb7a-719d224add34','Barry');
insert into basketballgameevents(id,gameId,playType,period,teamFor,teamAgainst) values ('a5164446-e2fb-4f26-a261-a49d7c93abcc','a02fc578-98ac-4033-9cf1-a204358224b2','block',4,'TeamA','TeamB');
insert into basketballblocks(eventId,player) values ('a5164446-e2fb-4f26-a261-a49d7c93abcc','Abby');
insert into basketballgameevents(id,gameId,playType,period,teamFor,teamAgainst) values ('10669174-c3a0-4916-ad51-daae003efd7c','a02fc578-98ac-4033-9cf1-a204358224b2','point',4,'TeamB','TeamA');
insert into basketballpoints(eventId,player,result,point) values ('10669174-c3a0-4916-ad51-daae003efd7c','Beckham','miss',3);
insert into basketballgameevents(id,gameId,playType,period,teamFor,teamAgainst) values ('b4051339-45a0-440d-8daa-0bb3ee08289a','a02fc578-98ac-4033-9cf1-a204358224b2','turnover',4,'TeamA','TeamB');
insert into basketballturnovers(eventId,player) values ('b4051339-45a0-440d-8daa-0bb3ee08289a','Abby');
insert into basketballgameevents(id,gameId,playType,period,teamFor,teamAgainst) values ('9625a86c-24b3-469b-b843-3d3e6a9294e3','a02fc578-98ac-4033-9cf1-a204358224b2','turnover',4,'TeamB','TeamA');
insert into basketballturnovers(eventId,player) values ('9625a86c-24b3-469b-b843-3d3e6a9294e3','Banin');
insert into basketballgameevents(id,gameId,playType,period,teamFor,teamAgainst) values ('f9f6b5cf-aada-466f-9f2b-e17e1ab4a56a','a02fc578-98ac-4033-9cf1-a204358224b2','block',4,'TeamB','TeamA');
insert into basketballblocks(eventId,player) values ('f9f6b5cf-aada-466f-9f2b-e17e1ab4a56a','Barry');
insert into basketballgameevents(id,gameId,playType,period,teamFor,teamAgainst) values ('ed23ac9d-a8a5-428e-a71c-9d9f9635988b','a02fc578-98ac-4033-9cf1-a204358224b2','block',4,'TeamA','TeamB');
insert into basketballblocks(eventId,player) values ('ed23ac9d-a8a5-428e-a71c-9d9f9635988b','Alain');
insert into basketballgameevents(id,gameId,playType,period,teamFor,teamAgainst) values ('9530ee71-1099-4462-97ce-8d0729b0a5f4','a02fc578-98ac-4033-9cf1-a204358224b2','rebound',4,'TeamB','TeamA');
insert into basketballrebounds(eventId,player) values ('9530ee71-1099-4462-97ce-8d0729b0a5f4','Barry');
insert into basketballgameevents(id,gameId,playType,period,teamFor,teamAgainst) values ('f18160ba-df7e-4fbc-89c5-fd0dbfc1dcfe','a02fc578-98ac-4033-9cf1-a204358224b2','block',4,'TeamB','TeamA');
insert into basketballblocks(eventId,player) values ('f18160ba-df7e-4fbc-89c5-fd0dbfc1dcfe','Bonnie');
insert into basketballgameevents(id,gameId,playType,period,teamFor,teamAgainst) values ('3c3dfb36-bfc7-458c-9a5a-cc843e54444c','a02fc578-98ac-4033-9cf1-a204358224b2','foul',4,'TeamA','TeamB');
insert into basketballfouls(eventId,player,reason) values ('3c3dfb36-bfc7-458c-9a5a-cc843e54444c','Abby','Holding');
insert into basketballgameevents(id,gameId,playType,period,teamFor,teamAgainst) values ('858636fb-bcb6-4295-bc4e-416d58c076c0','a02fc578-98ac-4033-9cf1-a204358224b2','foul',4,'TeamA','TeamB');
insert into basketballfouls(eventId,player,reason) values ('858636fb-bcb6-4295-bc4e-416d58c076c0','Adam','Pushing');
insert into basketballgameevents(id,gameId,playType,period,teamFor,teamAgainst) values ('d4619543-5305-4d39-a721-7fc92d8bd6ae','a02fc578-98ac-4033-9cf1-a204358224b2','turnover',4,'TeamB','TeamA');
insert into basketballturnovers(eventId,player) values ('d4619543-5305-4d39-a721-7fc92d8bd6ae','Barry');
insert into basketballgameevents(id,gameId,playType,period,teamFor,teamAgainst) values ('2c4571ce-864b-42fb-9c00-5cf111819a62','a02fc578-98ac-4033-9cf1-a204358224b2','rebound',4,'TeamA','TeamB');
insert into basketballrebounds(eventId,player) values ('2c4571ce-864b-42fb-9c00-5cf111819a62','Alice');
insert into basketballgameevents(id,gameId,playType,period,teamFor,teamAgainst) values ('cd2afe04-d86b-4aa1-b7a7-15f1253563c4','a02fc578-98ac-4033-9cf1-a204358224b2','turnover',4,'TeamB','TeamA');
insert into basketballturnovers(eventId,player) values ('cd2afe04-d86b-4aa1-b7a7-15f1253563c4','Banin');
insert into basketballgameevents(id,gameId,playType,period,teamFor,teamAgainst) values ('5accb98d-fd6a-420c-b3d2-bb2e432e2925','a02fc578-98ac-4033-9cf1-a204358224b2','turnover',4,'TeamB','TeamA');
insert into basketballturnovers(eventId,player) values ('5accb98d-fd6a-420c-b3d2-bb2e432e2925','Barry');
insert into basketballgameevents(id,gameId,playType,period,teamFor,teamAgainst) values ('62587d83-2adb-422a-b953-7352b4175796','a02fc578-98ac-4033-9cf1-a204358224b2','rebound',4,'TeamB','TeamA');
insert into basketballrebounds(eventId,player) values ('62587d83-2adb-422a-b953-7352b4175796','Banin');
insert into basketballgameevents(id,gameId,playType,period,teamFor,teamAgainst) values ('60992766-8b9e-40cc-a52b-6a0e964d2d14','a02fc578-98ac-4033-9cf1-a204358224b2','turnover',4,'TeamB','TeamA');
insert into basketballturnovers(eventId,player) values ('60992766-8b9e-40cc-a52b-6a0e964d2d14','Barry');
insert into basketballgameevents(id,gameId,playType,period,teamFor,teamAgainst) values ('727058e2-f667-44ad-a1ea-4fb806cb9e43','a02fc578-98ac-4033-9cf1-a204358224b2','block',4,'TeamB','TeamA');
insert into basketballblocks(eventId,player) values ('727058e2-f667-44ad-a1ea-4fb806cb9e43','Banin');
insert into basketballgameevents(id,gameId,playType,period,teamFor,teamAgainst) values ('1472fc48-38da-4ea9-9b62-b375708c28ee','a02fc578-98ac-4033-9cf1-a204358224b2','turnover',4,'TeamA','TeamB');
insert into basketballturnovers(eventId,player) values ('1472fc48-38da-4ea9-9b62-b375708c28ee','Alice');
insert into basketballgameevents(id,gameId,playType,period,teamFor,teamAgainst) values ('574ca3fc-34e2-4951-91fc-26be01bd327d','a02fc578-98ac-4033-9cf1-a204358224b2','point',4,'TeamA','TeamB');
insert into basketballpoints(eventId,player,assist,result,point) values ('574ca3fc-34e2-4951-91fc-26be01bd327d', 'Adam', 'Abby', 'made', 2);
insert into basketballgameevents(id,gameId,playType,period,teamFor,teamAgainst) values ('b7ca8924-a1de-403f-86f7-542a306da2b8','a02fc578-98ac-4033-9cf1-a204358224b2','block',4,'TeamA','TeamB');
insert into basketballblocks(eventId,player) values ('b7ca8924-a1de-403f-86f7-542a306da2b8','Alain');
insert into basketballgameevents(id,gameId,playType,period,teamFor,teamAgainst) values ('95d47087-24ba-4518-8823-ba237c090845','a02fc578-98ac-4033-9cf1-a204358224b2','rebound',4,'TeamA','TeamB');
insert into basketballrebounds(eventId,player) values ('95d47087-24ba-4518-8823-ba237c090845','Alain');
insert into basketballgameevents(id,gameId,playType,period,teamFor,teamAgainst) values ('ece437e0-37ba-49a9-b338-413a28d717cb','a02fc578-98ac-4033-9cf1-a204358224b2','point',4,'TeamB','TeamA');
insert into basketballpoints(eventId,player,result,point) values ('ece437e0-37ba-49a9-b338-413a28d717cb','Banin','made',3);
insert into basketballgameevents(id,gameId,playType,period,teamFor,teamAgainst) values ('7017fbfc-8b7b-4f98-b102-7230d2a34844','a02fc578-98ac-4033-9cf1-a204358224b2','rebound',4,'TeamB','TeamA');
insert into basketballrebounds(eventId,player) values ('7017fbfc-8b7b-4f98-b102-7230d2a34844','Banin');
insert into basketballgameevents(id,gameId,playType,period,teamFor,teamAgainst) values ('d0620726-81ac-4348-a5d8-d2308355e870','a02fc578-98ac-4033-9cf1-a204358224b2','turnover',4,'TeamB','TeamA');
insert into basketballturnovers(eventId,player) values ('d0620726-81ac-4348-a5d8-d2308355e870','Bonnie');
insert into basketballgameevents(id,gameId,playType,period,teamFor,teamAgainst) values ('0da2995f-dbc3-41e0-9109-0a0946bc1ced','a02fc578-98ac-4033-9cf1-a204358224b2','block',4,'TeamB','TeamA');
insert into basketballblocks(eventId,player) values ('0da2995f-dbc3-41e0-9109-0a0946bc1ced','Beckham');
insert into basketballgameevents(id,gameId,playType,period,teamFor,teamAgainst) values ('3a041192-6bed-467f-a714-e8a4375b53b8','a02fc578-98ac-4033-9cf1-a204358224b2','rebound',4,'TeamB','TeamA');
insert into basketballrebounds(eventId,player) values ('3a041192-6bed-467f-a714-e8a4375b53b8','Barry');
insert into basketballgameevents(id,gameId,playType,period,teamFor,teamAgainst) values ('4f7791f8-00d3-459e-9367-5075a8a1cdb9','a02fc578-98ac-4033-9cf1-a204358224b2','block',4,'TeamB','TeamA');
insert into basketballblocks(eventId,player) values ('4f7791f8-00d3-459e-9367-5075a8a1cdb9','Banin');
insert into basketballgameevents(id,gameId,playType,period,teamFor,teamAgainst) values ('6143742b-76dd-47e6-9e59-9b749858467c','a02fc578-98ac-4033-9cf1-a204358224b2','steal',4,'TeamB','TeamA');
insert into basketballsteals(eventId,player) values ('6143742b-76dd-47e6-9e59-9b749858467c','Banin');
insert into basketballgameevents(id,gameId,playType,period,teamFor,teamAgainst) values ('9a967165-f7e3-40ba-b363-1761b0ea53fb','a02fc578-98ac-4033-9cf1-a204358224b2','rebound',4,'TeamB','TeamA');
insert into basketballrebounds(eventId,player) values ('9a967165-f7e3-40ba-b363-1761b0ea53fb','Bonnie');
insert into basketballgameevents(id,gameId,playType,period,teamFor,teamAgainst) values ('448afbfe-e084-43d8-9754-a4e0c276d801','a02fc578-98ac-4033-9cf1-a204358224b2','block',4,'TeamB','TeamA');
insert into basketballblocks(eventId,player) values ('448afbfe-e084-43d8-9754-a4e0c276d801','Bonnie');
insert into basketballgameevents(id,gameId,playType,period,teamFor,teamAgainst) values ('452424b6-ee3c-43d7-94e6-4ed4ec450a7d','a02fc578-98ac-4033-9cf1-a204358224b2','rebound',4,'TeamB','TeamA');
insert into basketballrebounds(eventId,player) values ('452424b6-ee3c-43d7-94e6-4ed4ec450a7d','Beckham');
insert into basketballgameevents(id,gameId,playType,period,teamFor,teamAgainst) values ('92782777-347b-41ec-ab7f-442264404819','a02fc578-98ac-4033-9cf1-a204358224b2','turnover',4,'TeamA','TeamB');
insert into basketballturnovers(eventId,player) values ('92782777-347b-41ec-ab7f-442264404819','Alice');
insert into basketballgameevents(id,gameId,playType,period,teamFor,teamAgainst) values ('1961e005-ceff-4130-a67a-1a2764aa02a7','a02fc578-98ac-4033-9cf1-a204358224b2','foul',4,'TeamA','TeamB');
insert into basketballfouls(eventId,player,reason) values ('1961e005-ceff-4130-a67a-1a2764aa02a7','Alice','Holding');
insert into basketballgameevents(id,gameId,playType,period,teamFor,teamAgainst) values ('0f75d690-ed60-4398-aaa9-8a70c2a873ac','a02fc578-98ac-4033-9cf1-a204358224b2','rebound',4,'TeamB','TeamA');
insert into basketballrebounds(eventId,player) values ('0f75d690-ed60-4398-aaa9-8a70c2a873ac','Ben');
insert into basketballgameevents(id,gameId,playType,period,teamFor,teamAgainst) values ('c6b82734-af50-45db-8751-5db7e052f5d1','a02fc578-98ac-4033-9cf1-a204358224b2','block',4,'TeamB','TeamA');
insert into basketballblocks(eventId,player) values ('c6b82734-af50-45db-8751-5db7e052f5d1','Ben');
insert into basketballgameevents(id,gameId,playType,period,teamFor,teamAgainst) values ('144436e8-6cec-434a-ba5e-b23e6e37025a','a02fc578-98ac-4033-9cf1-a204358224b2','rebound',4,'TeamB','TeamA');
insert into basketballrebounds(eventId,player) values ('144436e8-6cec-434a-ba5e-b23e6e37025a','Barry');
insert into basketballgameevents(id,gameId,playType,period,teamFor,teamAgainst) values ('168a06ff-b4f1-4f87-b1cd-3b01b2ae3535','a02fc578-98ac-4033-9cf1-a204358224b2','foul',4,'TeamA','TeamB');
insert into basketballfouls(eventId,player,reason) values ('168a06ff-b4f1-4f87-b1cd-3b01b2ae3535','Abby','Holding');
insert into basketballgameevents(id,gameId,playType,period,teamFor,teamAgainst) values ('c0e981ad-b977-496e-a03a-b27b9c120a92','a02fc578-98ac-4033-9cf1-a204358224b2','steal',4,'TeamB','TeamA');
insert into basketballsteals(eventId,player) values ('c0e981ad-b977-496e-a03a-b27b9c120a92','Banin');
insert into basketballgameevents(id,gameId,playType,period,teamFor,teamAgainst) values ('11d12247-339b-4333-ae0d-6fe583e68e87','a02fc578-98ac-4033-9cf1-a204358224b2','point',4,'TeamB','TeamA');
insert into basketballpoints(eventId,player,result,point) values ('11d12247-339b-4333-ae0d-6fe583e68e87','Ben','miss',3);
insert into basketballgameevents(id,gameId,playType,period,teamFor,teamAgainst) values ('ca0c3c83-4d3e-497c-a5fb-9ded27deab76','a02fc578-98ac-4033-9cf1-a204358224b2','foul',4,'TeamA','TeamB');
insert into basketballfouls(eventId,player,reason) values ('ca0c3c83-4d3e-497c-a5fb-9ded27deab76','Abdul','Holding');
insert into basketballgameevents(id,gameId,playType,period,teamFor,teamAgainst) values ('ced6e821-bdee-4842-b42c-e6a38d84047d','a02fc578-98ac-4033-9cf1-a204358224b2','rebound',4,'TeamA','TeamB');
insert into basketballrebounds(eventId,player) values ('ced6e821-bdee-4842-b42c-e6a38d84047d','Abdul');
insert into basketballgameevents(id,gameId,playType,period,teamFor,teamAgainst) values ('65f9cc5c-3f7a-4d2a-af3c-f9ac82cab12c','a02fc578-98ac-4033-9cf1-a204358224b2','point',4,'TeamB','TeamA');
insert into basketballpoints(eventId,player,assist,result,point) values ('65f9cc5c-3f7a-4d2a-af3c-f9ac82cab12c', 'Ben', 'Barry', 'made', 1);
insert into basketballgameevents(id,gameId,playType,period,teamFor,teamAgainst) values ('2d45c876-2f0f-455a-81a3-79d857e8e626','a02fc578-98ac-4033-9cf1-a204358224b2','turnover',4,'TeamA','TeamB');
insert into basketballturnovers(eventId,player) values ('2d45c876-2f0f-455a-81a3-79d857e8e626','Abby');
insert into basketballgameevents(id,gameId,playType,period,teamFor,teamAgainst) values ('a65fd3ed-a763-44b3-b0a2-0f3cc2f5cb91','a02fc578-98ac-4033-9cf1-a204358224b2','steal',4,'TeamA','TeamB');
insert into basketballsteals(eventId,player) values ('a65fd3ed-a763-44b3-b0a2-0f3cc2f5cb91','Alice');
insert into basketballgameevents(id,gameId,playType,period,teamFor,teamAgainst) values ('1b302a19-6076-4645-be8b-5ca7eac318a1','a02fc578-98ac-4033-9cf1-a204358224b2','foul',4,'TeamB','TeamA');
insert into basketballfouls(eventId,player,reason) values ('1b302a19-6076-4645-be8b-5ca7eac318a1','Ben','Pushing');
insert into basketballgameevents(id,gameId,playType,period,teamFor,teamAgainst) values ('b0f4d870-dc31-4786-80c4-6bbcca9c6ce2','a02fc578-98ac-4033-9cf1-a204358224b2','foul',4,'TeamB','TeamA');
insert into basketballfouls(eventId,player,reason) values ('b0f4d870-dc31-4786-80c4-6bbcca9c6ce2','Barry','Pushing');
insert into basketballgameevents(id,gameId,playType,period,teamFor,teamAgainst) values ('a335f159-e80b-406c-8195-b03a5e9aa1e7','a02fc578-98ac-4033-9cf1-a204358224b2','point',4,'TeamB','TeamA');
insert into basketballpoints(eventId,player,result,point) values ('a335f159-e80b-406c-8195-b03a5e9aa1e7','Bonnie','miss',1);
insert into basketballgameevents(id,gameId,playType,period,teamFor,teamAgainst) values ('41c2b1dd-d5d6-4a0c-902e-6e8184512e4a','a02fc578-98ac-4033-9cf1-a204358224b2','block',4,'TeamB','TeamA');
insert into basketballblocks(eventId,player) values ('41c2b1dd-d5d6-4a0c-902e-6e8184512e4a','Bonnie');
insert into basketballgameevents(id,gameId,playType,period,teamFor,teamAgainst) values ('7f6c461c-357b-4ef3-ad61-d1121702d504','a02fc578-98ac-4033-9cf1-a204358224b2','foul',4,'TeamA','TeamB');
insert into basketballfouls(eventId,player,reason) values ('7f6c461c-357b-4ef3-ad61-d1121702d504','Alain','Holding');
insert into basketballgameevents(id,gameId,playType,period,teamFor,teamAgainst) values ('efe2524b-9384-48f9-9c38-b059875fce4c','a02fc578-98ac-4033-9cf1-a204358224b2','foul',4,'TeamA','TeamB');
insert into basketballfouls(eventId,player,reason) values ('efe2524b-9384-48f9-9c38-b059875fce4c','Adam','Holding');
insert into basketballgameevents(id,gameId,playType,period,teamFor,teamAgainst) values ('13adcfbb-50e7-429d-adab-37b33fbd136d','a02fc578-98ac-4033-9cf1-a204358224b2','steal',4,'TeamA','TeamB');
insert into basketballsteals(eventId,player) values ('13adcfbb-50e7-429d-adab-37b33fbd136d','Abby');
insert into basketballgameevents(id,gameId,playType,period,teamFor,teamAgainst) values ('9300b481-ebad-4d56-9fb7-0ff0a00d665c','a02fc578-98ac-4033-9cf1-a204358224b2','block',4,'TeamB','TeamA');
insert into basketballblocks(eventId,player) values ('9300b481-ebad-4d56-9fb7-0ff0a00d665c','Barry');
insert into basketballgameevents(id,gameId,playType,period,teamFor,teamAgainst) values ('41c55df0-b7f6-4e64-bc59-8a92fdadcd18','a02fc578-98ac-4033-9cf1-a204358224b2','turnover',4,'TeamB','TeamA');
insert into basketballturnovers(eventId,player) values ('41c55df0-b7f6-4e64-bc59-8a92fdadcd18','Barry');
insert into basketballgameevents(id,gameId,playType,period,teamFor,teamAgainst) values ('72276782-9840-4a3b-9382-2f4d9c0c872d','a02fc578-98ac-4033-9cf1-a204358224b2','steal',4,'TeamA','TeamB');
insert into basketballsteals(eventId,player) values ('72276782-9840-4a3b-9382-2f4d9c0c872d','Alice');
insert into basketballgameevents(id,gameId,playType,period,teamFor,teamAgainst) values ('66048323-5573-4540-bcc7-952b731b901d','a02fc578-98ac-4033-9cf1-a204358224b2','foul',4,'TeamB','TeamA');
insert into basketballfouls(eventId,player,reason) values ('66048323-5573-4540-bcc7-952b731b901d','Barry','Holding');
insert into basketballgameevents(id,gameId,playType,period,teamFor,teamAgainst) values ('584a0f88-2b78-4542-b3f3-1242a8abee5e','a02fc578-98ac-4033-9cf1-a204358224b2','steal',4,'TeamB','TeamA');
insert into basketballsteals(eventId,player) values ('584a0f88-2b78-4542-b3f3-1242a8abee5e','Banin');
insert into basketballgameevents(id,gameId,playType,period,teamFor,teamAgainst) values ('3a831437-5077-411f-9835-715845c6d0ee','a02fc578-98ac-4033-9cf1-a204358224b2','point',4,'TeamB','TeamA');
insert into basketballpoints(eventId,player,result,point) values ('3a831437-5077-411f-9835-715845c6d0ee','Barry','made',1);
insert into basketballgameevents(id,gameId,playType,period,teamFor,teamAgainst) values ('0834ef22-7f59-41ba-b49f-12274b6b114f','a02fc578-98ac-4033-9cf1-a204358224b2','turnover',4,'TeamB','TeamA');
insert into basketballturnovers(eventId,player) values ('0834ef22-7f59-41ba-b49f-12274b6b114f','Banin');
insert into basketballgameevents(id,gameId,playType,period,teamFor,teamAgainst) values ('07db87c1-85cd-477f-ab4a-ec0f10cdeb9e','a02fc578-98ac-4033-9cf1-a204358224b2','rebound',4,'TeamB','TeamA');
insert into basketballrebounds(eventId,player) values ('07db87c1-85cd-477f-ab4a-ec0f10cdeb9e','Bonnie');
insert into basketballgameevents(id,gameId,playType,period,teamFor,teamAgainst) values ('c7488755-66e5-431b-a1cd-b5af0167aa89','a02fc578-98ac-4033-9cf1-a204358224b2','foul',4,'TeamB','TeamA');
insert into basketballfouls(eventId,player,reason) values ('c7488755-66e5-431b-a1cd-b5af0167aa89','Banin','Pushing');
insert into basketballgameevents(id,gameId,playType,period,teamFor,teamAgainst) values ('bfe95c8d-0fa5-4d46-b136-8f2ada34710c','a02fc578-98ac-4033-9cf1-a204358224b2','steal',4,'TeamB','TeamA');
insert into basketballsteals(eventId,player) values ('bfe95c8d-0fa5-4d46-b136-8f2ada34710c','Ben');
insert into basketballgameevents(id,gameId,playType,period,teamFor,teamAgainst) values ('d8c14b27-c563-40bf-83ba-6280c25e7f0b','a02fc578-98ac-4033-9cf1-a204358224b2','steal',4,'TeamA','TeamB');
insert into basketballsteals(eventId,player) values ('d8c14b27-c563-40bf-83ba-6280c25e7f0b','Abdul');
insert into basketballgameevents(id,gameId,playType,period,teamFor,teamAgainst) values ('19391ccd-4ebc-4e1c-9291-5d54b28c5dde','a02fc578-98ac-4033-9cf1-a204358224b2','rebound',4,'TeamB','TeamA');
insert into basketballrebounds(eventId,player) values ('19391ccd-4ebc-4e1c-9291-5d54b28c5dde','Ben');
insert into basketballgameevents(id,gameId,playType,period,teamFor,teamAgainst) values ('e14f9ade-527f-41ed-99b1-0bb27b6cf230','a02fc578-98ac-4033-9cf1-a204358224b2','point',4,'TeamB','TeamA');
insert into basketballpoints(eventId,player,result,point) values ('e14f9ade-527f-41ed-99b1-0bb27b6cf230','Bonnie','miss',3);
insert into basketballgameevents(id,gameId,playType,period,teamFor,teamAgainst) values ('68487f50-d4fb-4aa5-a0b1-d50933adbfb4','a02fc578-98ac-4033-9cf1-a204358224b2','block',4,'TeamA','TeamB');
insert into basketballblocks(eventId,player) values ('68487f50-d4fb-4aa5-a0b1-d50933adbfb4','Alain');
insert into basketballgameevents(id,gameId,playType,period,teamFor,teamAgainst) values ('2f1ef03c-39fb-41c6-88a0-f5365949edd2','a02fc578-98ac-4033-9cf1-a204358224b2','block',4,'TeamB','TeamA');
insert into basketballblocks(eventId,player) values ('2f1ef03c-39fb-41c6-88a0-f5365949edd2','Barry');
insert into basketballgameevents(id,gameId,playType,period,teamFor,teamAgainst) values ('3dac1f36-21f2-415d-91b4-6f9dac1ba2b1','a02fc578-98ac-4033-9cf1-a204358224b2','foul',4,'TeamB','TeamA');
insert into basketballfouls(eventId,player,reason) values ('3dac1f36-21f2-415d-91b4-6f9dac1ba2b1','Bonnie','Pushing');
insert into basketballgameevents(id,gameId,playType,period,teamFor,teamAgainst) values ('3ef206df-9545-46bb-adf1-e6b48a83547b','a02fc578-98ac-4033-9cf1-a204358224b2','block',4,'TeamA','TeamB');
insert into basketballblocks(eventId,player) values ('3ef206df-9545-46bb-adf1-e6b48a83547b','Alain');
insert into basketballgameevents(id,gameId,playType,period,teamFor,teamAgainst) values ('b0a8ee1c-1a86-4346-a5f7-c23d048bbfff','a02fc578-98ac-4033-9cf1-a204358224b2','block',4,'TeamA','TeamB');
insert into basketballblocks(eventId,player) values ('b0a8ee1c-1a86-4346-a5f7-c23d048bbfff','Abdul');
insert into basketballgameevents(id,gameId,playType,period,teamFor,teamAgainst) values ('01864d9f-dc72-42d8-a9ef-08afd8090037','a02fc578-98ac-4033-9cf1-a204358224b2','steal',4,'TeamB','TeamA');
insert into basketballsteals(eventId,player) values ('01864d9f-dc72-42d8-a9ef-08afd8090037','Beckham');
insert into basketballgameevents(id,gameId,playType,period,teamFor,teamAgainst) values ('90cfc4cd-3935-458b-a677-5e180c7f8e19','a02fc578-98ac-4033-9cf1-a204358224b2','turnover',4,'TeamB','TeamA');
insert into basketballturnovers(eventId,player) values ('90cfc4cd-3935-458b-a677-5e180c7f8e19','Beckham');
insert into basketballgameevents(id,gameId,playType,period,teamFor,teamAgainst) values ('4fd04516-488a-41ee-8300-a2db6ea3e944','a02fc578-98ac-4033-9cf1-a204358224b2','block',4,'TeamB','TeamA');
insert into basketballblocks(eventId,player) values ('4fd04516-488a-41ee-8300-a2db6ea3e944','Beckham');
insert into basketballgameevents(id,gameId,playType,period,teamFor,teamAgainst) values ('8b49ee59-e348-459a-bf27-2ff8df73f5eb','a02fc578-98ac-4033-9cf1-a204358224b2','rebound',4,'TeamB','TeamA');
insert into basketballrebounds(eventId,player) values ('8b49ee59-e348-459a-bf27-2ff8df73f5eb','Beckham');
insert into basketballgameevents(id,gameId,playType,period,teamFor,teamAgainst) values ('0e5ee357-85f0-4afe-8bd7-e9e3b31cbb13','a02fc578-98ac-4033-9cf1-a204358224b2','turnover',4,'TeamB','TeamA');
insert into basketballturnovers(eventId,player) values ('0e5ee357-85f0-4afe-8bd7-e9e3b31cbb13','Barry');
insert into basketballgameevents(id,gameId,playType,period,teamFor,teamAgainst) values ('03026186-0f3b-4550-8bc5-39b2649f84bd','a02fc578-98ac-4033-9cf1-a204358224b2','steal',4,'TeamB','TeamA');
insert into basketballsteals(eventId,player) values ('03026186-0f3b-4550-8bc5-39b2649f84bd','Bonnie');
insert into basketballgameevents(id,gameId,playType,period,teamFor,teamAgainst) values ('c8fed220-0a5e-4604-8dc0-87b254453320','a02fc578-98ac-4033-9cf1-a204358224b2','steal',4,'TeamA','TeamB');
insert into basketballsteals(eventId,player) values ('c8fed220-0a5e-4604-8dc0-87b254453320','Alice');
insert into basketballgameevents(id,gameId,playType,period,teamFor,teamAgainst) values ('30c60fb1-8091-4277-aa1a-06e9133202d1','a02fc578-98ac-4033-9cf1-a204358224b2','steal',4,'TeamA','TeamB');
insert into basketballsteals(eventId,player) values ('30c60fb1-8091-4277-aa1a-06e9133202d1','Abby');
insert into basketballgameevents(id,gameId,playType,period,teamFor,teamAgainst) values ('91644994-ee7a-4b65-b7da-18ce70e530da','a02fc578-98ac-4033-9cf1-a204358224b2','turnover',4,'TeamA','TeamB');
insert into basketballturnovers(eventId,player) values ('91644994-ee7a-4b65-b7da-18ce70e530da','Abby');
insert into basketballgames(id,leagueId,home,away,starttime) values ('0337bc53-1ad5-47a5-a7a9-da3057226464','890efb7f-a729-4c81-9b67-4b1d605a99ba','TeamC','TeamD','2023-02-23T22:42:43+00:00');
insert into basketballgameevents(id,gameId,playType,period,teamFor,teamAgainst) values ('c81cbafb-989f-4e4c-86f3-bb0afc3acaae','0337bc53-1ad5-47a5-a7a9-da3057226464','turnover',1,'TeamD','TeamC');
insert into basketballturnovers(eventId,player) values ('c81cbafb-989f-4e4c-86f3-bb0afc3acaae','Dickson');
insert into basketballgameevents(id,gameId,playType,period,teamFor,teamAgainst) values ('8ac70bac-3562-4544-a5ee-77e89022c6b6','0337bc53-1ad5-47a5-a7a9-da3057226464','steal',1,'TeamC','TeamD');
insert into basketballsteals(eventId,player) values ('8ac70bac-3562-4544-a5ee-77e89022c6b6','Caleb');
insert into basketballgameevents(id,gameId,playType,period,teamFor,teamAgainst) values ('90004841-541f-4e1d-8de8-3b559a82db00','0337bc53-1ad5-47a5-a7a9-da3057226464','foul',1,'TeamC','TeamD');
insert into basketballfouls(eventId,player,reason) values ('90004841-541f-4e1d-8de8-3b559a82db00','Cameron','Pushing');
insert into basketballgameevents(id,gameId,playType,period,teamFor,teamAgainst) values ('7ac71c17-563c-46f3-90fd-a3a6d61030a7','0337bc53-1ad5-47a5-a7a9-da3057226464','block',1,'TeamC','TeamD');
insert into basketballblocks(eventId,player) values ('7ac71c17-563c-46f3-90fd-a3a6d61030a7','Camel');
insert into basketballgameevents(id,gameId,playType,period,teamFor,teamAgainst) values ('0a3a5929-864a-4703-b94c-da66b72ea7c3','0337bc53-1ad5-47a5-a7a9-da3057226464','foul',1,'TeamD','TeamC');
insert into basketballfouls(eventId,player,reason) values ('0a3a5929-864a-4703-b94c-da66b72ea7c3','Daniel','Pushing');
insert into basketballgameevents(id,gameId,playType,period,teamFor,teamAgainst) values ('58b7305d-3711-4e5b-be0a-bb7d06fda17a','0337bc53-1ad5-47a5-a7a9-da3057226464','point',1,'TeamD','TeamC');
insert into basketballpoints(eventId,player,assist,result,point) values ('58b7305d-3711-4e5b-be0a-bb7d06fda17a', 'Doppler', 'Denver', 'made', 3);
insert into basketballgameevents(id,gameId,playType,period,teamFor,teamAgainst) values ('fed382fa-d814-44e0-8f33-4af8f2254f6e','0337bc53-1ad5-47a5-a7a9-da3057226464','steal',1,'TeamD','TeamC');
insert into basketballsteals(eventId,player) values ('fed382fa-d814-44e0-8f33-4af8f2254f6e','Doppler');
insert into basketballgameevents(id,gameId,playType,period,teamFor,teamAgainst) values ('6fc652ea-7d64-424f-aef4-4901c2d93fce','0337bc53-1ad5-47a5-a7a9-da3057226464','steal',1,'TeamD','TeamC');
insert into basketballsteals(eventId,player) values ('6fc652ea-7d64-424f-aef4-4901c2d93fce','Dickson');
insert into basketballgameevents(id,gameId,playType,period,teamFor,teamAgainst) values ('8dd7ea1e-f274-4523-baca-fc96e934f844','0337bc53-1ad5-47a5-a7a9-da3057226464','rebound',1,'TeamC','TeamD');
insert into basketballrebounds(eventId,player) values ('8dd7ea1e-f274-4523-baca-fc96e934f844','Camel');
insert into basketballgameevents(id,gameId,playType,period,teamFor,teamAgainst) values ('1d6fcd9e-6640-4cde-a702-b37ce91f4a8f','0337bc53-1ad5-47a5-a7a9-da3057226464','foul',1,'TeamD','TeamC');
insert into basketballfouls(eventId,player,reason) values ('1d6fcd9e-6640-4cde-a702-b37ce91f4a8f','Dapper','Holding');
insert into basketballgameevents(id,gameId,playType,period,teamFor,teamAgainst) values ('550c6df7-b7df-44f1-8f3a-7fcefdcdf129','0337bc53-1ad5-47a5-a7a9-da3057226464','block',1,'TeamC','TeamD');
insert into basketballblocks(eventId,player) values ('550c6df7-b7df-44f1-8f3a-7fcefdcdf129','Caleb');
insert into basketballgameevents(id,gameId,playType,period,teamFor,teamAgainst) values ('faa04957-3b09-4224-8613-e43aeeb7f484','0337bc53-1ad5-47a5-a7a9-da3057226464','steal',1,'TeamC','TeamD');
insert into basketballsteals(eventId,player) values ('faa04957-3b09-4224-8613-e43aeeb7f484','Cauchy');
insert into basketballgameevents(id,gameId,playType,period,teamFor,teamAgainst) values ('050195cd-e9bf-4832-9b2d-62e1aeaf1935','0337bc53-1ad5-47a5-a7a9-da3057226464','point',1,'TeamC','TeamD');
insert into basketballpoints(eventId,player,result,point) values ('050195cd-e9bf-4832-9b2d-62e1aeaf1935','Cauchy','miss',2);
insert into basketballgameevents(id,gameId,playType,period,teamFor,teamAgainst) values ('afa7f6d4-925d-481e-a426-0ba60b5d4ac2','0337bc53-1ad5-47a5-a7a9-da3057226464','rebound',1,'TeamD','TeamC');
insert into basketballrebounds(eventId,player) values ('afa7f6d4-925d-481e-a426-0ba60b5d4ac2','Doppler');
insert into basketballgameevents(id,gameId,playType,period,teamFor,teamAgainst) values ('f5593c11-8d9f-4586-ad3d-d59ba23399ed','0337bc53-1ad5-47a5-a7a9-da3057226464','point',1,'TeamD','TeamC');
insert into basketballpoints(eventId,player,assist,result,point) values ('f5593c11-8d9f-4586-ad3d-d59ba23399ed', 'Dickson', 'Dapper', 'made', 3);
insert into basketballgameevents(id,gameId,playType,period,teamFor,teamAgainst) values ('5029b217-5cbb-4605-9bdf-aca22328a3d5','0337bc53-1ad5-47a5-a7a9-da3057226464','point',1,'TeamC','TeamD');
insert into basketballpoints(eventId,player,result,point) values ('5029b217-5cbb-4605-9bdf-aca22328a3d5','Caleb','miss',2);
insert into basketballgameevents(id,gameId,playType,period,teamFor,teamAgainst) values ('fab1f939-e448-4e3e-a902-02874410d43d','0337bc53-1ad5-47a5-a7a9-da3057226464','rebound',1,'TeamC','TeamD');
insert into basketballrebounds(eventId,player) values ('fab1f939-e448-4e3e-a902-02874410d43d','Caleb');
insert into basketballgameevents(id,gameId,playType,period,teamFor,teamAgainst) values ('3913077e-cda1-4a88-8c73-dbc43415a5a2','0337bc53-1ad5-47a5-a7a9-da3057226464','steal',1,'TeamC','TeamD');
insert into basketballsteals(eventId,player) values ('3913077e-cda1-4a88-8c73-dbc43415a5a2','Cody');
insert into basketballgameevents(id,gameId,playType,period,teamFor,teamAgainst) values ('37cc0648-bdb6-4b52-bd22-6c6704137416','0337bc53-1ad5-47a5-a7a9-da3057226464','point',1,'TeamC','TeamD');
insert into basketballpoints(eventId,player,assist,result,point) values ('37cc0648-bdb6-4b52-bd22-6c6704137416', 'Cauchy', 'Caleb', 'made', 2);
insert into basketballgameevents(id,gameId,playType,period,teamFor,teamAgainst) values ('ef7a8a7e-d636-4c26-8ae0-9eb4c36caf60','0337bc53-1ad5-47a5-a7a9-da3057226464','steal',1,'TeamD','TeamC');
insert into basketballsteals(eventId,player) values ('ef7a8a7e-d636-4c26-8ae0-9eb4c36caf60','Daniel');
insert into basketballgameevents(id,gameId,playType,period,teamFor,teamAgainst) values ('b137b7c1-2b04-4688-8a9d-9b9de8220abb','0337bc53-1ad5-47a5-a7a9-da3057226464','foul',1,'TeamD','TeamC');
insert into basketballfouls(eventId,player,reason) values ('b137b7c1-2b04-4688-8a9d-9b9de8220abb','Dapper','Pushing');
insert into basketballgameevents(id,gameId,playType,period,teamFor,teamAgainst) values ('c514990b-4c00-4ac1-8c2b-d296d96bab6d','0337bc53-1ad5-47a5-a7a9-da3057226464','rebound',1,'TeamD','TeamC');
insert into basketballrebounds(eventId,player) values ('c514990b-4c00-4ac1-8c2b-d296d96bab6d','Denver');
insert into basketballgameevents(id,gameId,playType,period,teamFor,teamAgainst) values ('eccd287a-0f36-4151-b322-cf44d74653dd','0337bc53-1ad5-47a5-a7a9-da3057226464','block',1,'TeamC','TeamD');
insert into basketballblocks(eventId,player) values ('eccd287a-0f36-4151-b322-cf44d74653dd','Cody');
insert into basketballgameevents(id,gameId,playType,period,teamFor,teamAgainst) values ('38c04edc-5428-4d98-85e1-0cdfe5b34157','0337bc53-1ad5-47a5-a7a9-da3057226464','turnover',1,'TeamD','TeamC');
insert into basketballturnovers(eventId,player) values ('38c04edc-5428-4d98-85e1-0cdfe5b34157','Dickson');
insert into basketballgameevents(id,gameId,playType,period,teamFor,teamAgainst) values ('e375a298-dc55-41ae-9ca7-a68a88a49fd8','0337bc53-1ad5-47a5-a7a9-da3057226464','steal',1,'TeamC','TeamD');
insert into basketballsteals(eventId,player) values ('e375a298-dc55-41ae-9ca7-a68a88a49fd8','Cameron');
insert into basketballgameevents(id,gameId,playType,period,teamFor,teamAgainst) values ('d8eeaafd-a0b3-448a-add1-d9440ea6b502','0337bc53-1ad5-47a5-a7a9-da3057226464','point',1,'TeamC','TeamD');
insert into basketballpoints(eventId,player,result,point) values ('d8eeaafd-a0b3-448a-add1-d9440ea6b502','Cauchy','miss',3);
insert into basketballgameevents(id,gameId,playType,period,teamFor,teamAgainst) values ('25a94049-bc1d-4ca8-a23d-7aa724df4a9b','0337bc53-1ad5-47a5-a7a9-da3057226464','point',1,'TeamD','TeamC');
insert into basketballpoints(eventId,player,assist,result,point) values ('25a94049-bc1d-4ca8-a23d-7aa724df4a9b', 'Daniel', 'Doppler', 'made', 1);
insert into basketballgameevents(id,gameId,playType,period,teamFor,teamAgainst) values ('09b3232a-0275-4b05-8983-d0d9e1cae36d','0337bc53-1ad5-47a5-a7a9-da3057226464','point',1,'TeamD','TeamC');
insert into basketballpoints(eventId,player,result,point) values ('09b3232a-0275-4b05-8983-d0d9e1cae36d','Dickson','miss',2);
insert into basketballgameevents(id,gameId,playType,period,teamFor,teamAgainst) values ('d6e99ca4-ea7d-46af-8b5c-17ac0064f7fb','0337bc53-1ad5-47a5-a7a9-da3057226464','block',1,'TeamC','TeamD');
insert into basketballblocks(eventId,player) values ('d6e99ca4-ea7d-46af-8b5c-17ac0064f7fb','Caleb');
insert into basketballgameevents(id,gameId,playType,period,teamFor,teamAgainst) values ('9ab76292-e55d-419b-91db-b84b6f8d6c6d','0337bc53-1ad5-47a5-a7a9-da3057226464','foul',1,'TeamC','TeamD');
insert into basketballfouls(eventId,player,reason) values ('9ab76292-e55d-419b-91db-b84b6f8d6c6d','Caleb','Holding');
insert into basketballgameevents(id,gameId,playType,period,teamFor,teamAgainst) values ('67676c74-50eb-40d3-b278-7540868b12aa','0337bc53-1ad5-47a5-a7a9-da3057226464','rebound',1,'TeamC','TeamD');
insert into basketballrebounds(eventId,player) values ('67676c74-50eb-40d3-b278-7540868b12aa','Cameron');
insert into basketballgameevents(id,gameId,playType,period,teamFor,teamAgainst) values ('25500e2c-5ab4-477f-a4a1-f08d4ecf6f1e','0337bc53-1ad5-47a5-a7a9-da3057226464','foul',1,'TeamD','TeamC');
insert into basketballfouls(eventId,player,reason) values ('25500e2c-5ab4-477f-a4a1-f08d4ecf6f1e','Dapper','Pushing');
insert into basketballgameevents(id,gameId,playType,period,teamFor,teamAgainst) values ('dfc215d2-e0f4-412e-ac65-b229e3c501ca','0337bc53-1ad5-47a5-a7a9-da3057226464','rebound',1,'TeamD','TeamC');
insert into basketballrebounds(eventId,player) values ('dfc215d2-e0f4-412e-ac65-b229e3c501ca','Dapper');
insert into basketballgameevents(id,gameId,playType,period,teamFor,teamAgainst) values ('8e13e173-3626-4d3d-8f40-c9b5ec8807c1','0337bc53-1ad5-47a5-a7a9-da3057226464','steal',1,'TeamD','TeamC');
insert into basketballsteals(eventId,player) values ('8e13e173-3626-4d3d-8f40-c9b5ec8807c1','Daniel');
insert into basketballgameevents(id,gameId,playType,period,teamFor,teamAgainst) values ('83a6a3d8-7c15-4ad8-ae44-8081f7ce3134','0337bc53-1ad5-47a5-a7a9-da3057226464','rebound',1,'TeamD','TeamC');
insert into basketballrebounds(eventId,player) values ('83a6a3d8-7c15-4ad8-ae44-8081f7ce3134','Denver');
insert into basketballgameevents(id,gameId,playType,period,teamFor,teamAgainst) values ('98da237b-7489-4393-b5ea-e51a8c97ee67','0337bc53-1ad5-47a5-a7a9-da3057226464','rebound',1,'TeamC','TeamD');
insert into basketballrebounds(eventId,player) values ('98da237b-7489-4393-b5ea-e51a8c97ee67','Cauchy');
insert into basketballgameevents(id,gameId,playType,period,teamFor,teamAgainst) values ('45798a9c-9167-4766-8ce8-e72cb5a8680c','0337bc53-1ad5-47a5-a7a9-da3057226464','point',1,'TeamD','TeamC');
insert into basketballpoints(eventId,player,result,point) values ('45798a9c-9167-4766-8ce8-e72cb5a8680c','Dickson','made',2);
insert into basketballgameevents(id,gameId,playType,period,teamFor,teamAgainst) values ('f9cee630-1d39-4a1b-a825-b52ae07fbb40','0337bc53-1ad5-47a5-a7a9-da3057226464','steal',1,'TeamD','TeamC');
insert into basketballsteals(eventId,player) values ('f9cee630-1d39-4a1b-a825-b52ae07fbb40','Doppler');
insert into basketballgameevents(id,gameId,playType,period,teamFor,teamAgainst) values ('8904c16a-d99f-4226-b54d-9d6c36859d6f','0337bc53-1ad5-47a5-a7a9-da3057226464','point',1,'TeamC','TeamD');
insert into basketballpoints(eventId,player,result,point) values ('8904c16a-d99f-4226-b54d-9d6c36859d6f','Camel','miss',3);
insert into basketballgameevents(id,gameId,playType,period,teamFor,teamAgainst) values ('dfe55fd5-1ee3-4aa4-91e1-55796c02f935','0337bc53-1ad5-47a5-a7a9-da3057226464','block',1,'TeamC','TeamD');
insert into basketballblocks(eventId,player) values ('dfe55fd5-1ee3-4aa4-91e1-55796c02f935','Cauchy');
insert into basketballgameevents(id,gameId,playType,period,teamFor,teamAgainst) values ('40f4505b-2a99-4a65-ac30-857e7bbf8477','0337bc53-1ad5-47a5-a7a9-da3057226464','foul',1,'TeamD','TeamC');
insert into basketballfouls(eventId,player,reason) values ('40f4505b-2a99-4a65-ac30-857e7bbf8477','Dapper','Pushing');
insert into basketballgameevents(id,gameId,playType,period,teamFor,teamAgainst) values ('5efe268f-3cf2-4e17-aa8d-cdd741768c9d','0337bc53-1ad5-47a5-a7a9-da3057226464','turnover',1,'TeamD','TeamC');
insert into basketballturnovers(eventId,player) values ('5efe268f-3cf2-4e17-aa8d-cdd741768c9d','Dickson');
insert into basketballgameevents(id,gameId,playType,period,teamFor,teamAgainst) values ('0207aec3-7ea4-4850-ba6e-51aa1dca9ffd','0337bc53-1ad5-47a5-a7a9-da3057226464','foul',1,'TeamD','TeamC');
insert into basketballfouls(eventId,player,reason) values ('0207aec3-7ea4-4850-ba6e-51aa1dca9ffd','Daniel','Pushing');
insert into basketballgameevents(id,gameId,playType,period,teamFor,teamAgainst) values ('0624886d-8d51-4d68-a2df-a499c277da3a','0337bc53-1ad5-47a5-a7a9-da3057226464','turnover',1,'TeamC','TeamD');
insert into basketballturnovers(eventId,player) values ('0624886d-8d51-4d68-a2df-a499c277da3a','Cody');
insert into basketballgameevents(id,gameId,playType,period,teamFor,teamAgainst) values ('9bc07861-0a6d-47d1-ad1c-6514589fe68a','0337bc53-1ad5-47a5-a7a9-da3057226464','turnover',1,'TeamC','TeamD');
insert into basketballturnovers(eventId,player) values ('9bc07861-0a6d-47d1-ad1c-6514589fe68a','Cody');
insert into basketballgameevents(id,gameId,playType,period,teamFor,teamAgainst) values ('dacf9e8e-fb0b-4baa-a694-a4d4691c1987','0337bc53-1ad5-47a5-a7a9-da3057226464','rebound',1,'TeamD','TeamC');
insert into basketballrebounds(eventId,player) values ('dacf9e8e-fb0b-4baa-a694-a4d4691c1987','Dickson');
insert into basketballgameevents(id,gameId,playType,period,teamFor,teamAgainst) values ('2228e923-2fdd-49d3-8eb3-f75fce812ae1','0337bc53-1ad5-47a5-a7a9-da3057226464','foul',1,'TeamD','TeamC');
insert into basketballfouls(eventId,player,reason) values ('2228e923-2fdd-49d3-8eb3-f75fce812ae1','Daniel','Holding');
insert into basketballgameevents(id,gameId,playType,period,teamFor,teamAgainst) values ('5bc0b49f-561c-443d-8df7-3652a1f7b6fc','0337bc53-1ad5-47a5-a7a9-da3057226464','point',1,'TeamC','TeamD');
insert into basketballpoints(eventId,player,result,point) values ('5bc0b49f-561c-443d-8df7-3652a1f7b6fc','Cody','miss',2);
insert into basketballgameevents(id,gameId,playType,period,teamFor,teamAgainst) values ('a1e98cf0-99aa-4e11-82a3-984b1079145c','0337bc53-1ad5-47a5-a7a9-da3057226464','foul',1,'TeamD','TeamC');
insert into basketballfouls(eventId,player,reason) values ('a1e98cf0-99aa-4e11-82a3-984b1079145c','Doppler','Holding');
insert into basketballgameevents(id,gameId,playType,period,teamFor,teamAgainst) values ('fb7b3d79-380b-46ac-89d7-7070c3476028','0337bc53-1ad5-47a5-a7a9-da3057226464','foul',1,'TeamC','TeamD');
insert into basketballfouls(eventId,player,reason) values ('fb7b3d79-380b-46ac-89d7-7070c3476028','Cody','Pushing');
insert into basketballgameevents(id,gameId,playType,period,teamFor,teamAgainst) values ('a9e72a1f-98a8-471d-bbb4-273a5d2a36db','0337bc53-1ad5-47a5-a7a9-da3057226464','block',1,'TeamC','TeamD');
insert into basketballblocks(eventId,player) values ('a9e72a1f-98a8-471d-bbb4-273a5d2a36db','Cody');
insert into basketballgameevents(id,gameId,playType,period,teamFor,teamAgainst) values ('8665164c-d864-46eb-ac1a-e33e01882b0a','0337bc53-1ad5-47a5-a7a9-da3057226464','foul',1,'TeamD','TeamC');
insert into basketballfouls(eventId,player,reason) values ('8665164c-d864-46eb-ac1a-e33e01882b0a','Dickson','Pushing');
insert into basketballgameevents(id,gameId,playType,period,teamFor,teamAgainst) values ('b6c3d5df-df36-4c90-99f6-543ff33226cb','0337bc53-1ad5-47a5-a7a9-da3057226464','rebound',1,'TeamD','TeamC');
insert into basketballrebounds(eventId,player) values ('b6c3d5df-df36-4c90-99f6-543ff33226cb','Denver');
insert into basketballgameevents(id,gameId,playType,period,teamFor,teamAgainst) values ('09a2f28e-292c-490d-9b85-6e497bd5614f','0337bc53-1ad5-47a5-a7a9-da3057226464','steal',1,'TeamC','TeamD');
insert into basketballsteals(eventId,player) values ('09a2f28e-292c-490d-9b85-6e497bd5614f','Cameron');
insert into basketballgameevents(id,gameId,playType,period,teamFor,teamAgainst) values ('68dcbc28-6e70-4ab5-bb6e-cb86f7df1cff','0337bc53-1ad5-47a5-a7a9-da3057226464','block',1,'TeamC','TeamD');
insert into basketballblocks(eventId,player) values ('68dcbc28-6e70-4ab5-bb6e-cb86f7df1cff','Cody');
insert into basketballgameevents(id,gameId,playType,period,teamFor,teamAgainst) values ('67f4276e-973d-4f0d-b8f8-c63141093086','0337bc53-1ad5-47a5-a7a9-da3057226464','steal',1,'TeamD','TeamC');
insert into basketballsteals(eventId,player) values ('67f4276e-973d-4f0d-b8f8-c63141093086','Daniel');
insert into basketballgameevents(id,gameId,playType,period,teamFor,teamAgainst) values ('50d3c56e-dfdf-4bee-a60f-de4d68c0d682','0337bc53-1ad5-47a5-a7a9-da3057226464','foul',1,'TeamC','TeamD');
insert into basketballfouls(eventId,player,reason) values ('50d3c56e-dfdf-4bee-a60f-de4d68c0d682','Cameron','Pushing');
insert into basketballgameevents(id,gameId,playType,period,teamFor,teamAgainst) values ('c48e11d1-9403-43c4-9bbe-6c8db54942a7','0337bc53-1ad5-47a5-a7a9-da3057226464','steal',1,'TeamD','TeamC');
insert into basketballsteals(eventId,player) values ('c48e11d1-9403-43c4-9bbe-6c8db54942a7','Denver');
insert into basketballgameevents(id,gameId,playType,period,teamFor,teamAgainst) values ('7d5fd734-6fb9-43f5-b93a-f9fc356294bf','0337bc53-1ad5-47a5-a7a9-da3057226464','point',1,'TeamC','TeamD');
insert into basketballpoints(eventId,player,result,point) values ('7d5fd734-6fb9-43f5-b93a-f9fc356294bf','Cody','made',1);
insert into basketballgameevents(id,gameId,playType,period,teamFor,teamAgainst) values ('7eba996c-3a77-4028-a0c8-4e9a58545270','0337bc53-1ad5-47a5-a7a9-da3057226464','point',1,'TeamC','TeamD');
insert into basketballpoints(eventId,player,assist,result,point) values ('7eba996c-3a77-4028-a0c8-4e9a58545270', 'Caleb', 'Cameron', 'made', 3);
insert into basketballgameevents(id,gameId,playType,period,teamFor,teamAgainst) values ('e2a8f1ee-583d-4b37-9638-26c2a99be583','0337bc53-1ad5-47a5-a7a9-da3057226464','turnover',1,'TeamC','TeamD');
insert into basketballturnovers(eventId,player) values ('e2a8f1ee-583d-4b37-9638-26c2a99be583','Camel');
insert into basketballgameevents(id,gameId,playType,period,teamFor,teamAgainst) values ('9ddb9080-98f5-4679-b9bb-4d60bf176e52','0337bc53-1ad5-47a5-a7a9-da3057226464','block',1,'TeamC','TeamD');
insert into basketballblocks(eventId,player) values ('9ddb9080-98f5-4679-b9bb-4d60bf176e52','Caleb');
insert into basketballgameevents(id,gameId,playType,period,teamFor,teamAgainst) values ('e49a2f58-3ad9-44aa-b169-0cf94a39581a','0337bc53-1ad5-47a5-a7a9-da3057226464','turnover',1,'TeamD','TeamC');
insert into basketballturnovers(eventId,player) values ('e49a2f58-3ad9-44aa-b169-0cf94a39581a','Dickson');
insert into basketballgameevents(id,gameId,playType,period,teamFor,teamAgainst) values ('36ac59ed-e5d6-4239-8582-e20770cf901e','0337bc53-1ad5-47a5-a7a9-da3057226464','steal',1,'TeamD','TeamC');
insert into basketballsteals(eventId,player) values ('36ac59ed-e5d6-4239-8582-e20770cf901e','Dapper');
insert into basketballgameevents(id,gameId,playType,period,teamFor,teamAgainst) values ('67d8c3af-4552-4f53-b932-0ef86071f704','0337bc53-1ad5-47a5-a7a9-da3057226464','point',1,'TeamC','TeamD');
insert into basketballpoints(eventId,player,assist,result,point) values ('67d8c3af-4552-4f53-b932-0ef86071f704', 'Camel', 'Cody', 'made', 2);
insert into basketballgameevents(id,gameId,playType,period,teamFor,teamAgainst) values ('c6723027-12dd-4bf1-8ba8-1efa151bd52d','0337bc53-1ad5-47a5-a7a9-da3057226464','steal',1,'TeamC','TeamD');
insert into basketballsteals(eventId,player) values ('c6723027-12dd-4bf1-8ba8-1efa151bd52d','Cameron');
insert into basketballgameevents(id,gameId,playType,period,teamFor,teamAgainst) values ('39c9b332-e716-49a9-ba61-8fdb39846545','0337bc53-1ad5-47a5-a7a9-da3057226464','steal',1,'TeamC','TeamD');
insert into basketballsteals(eventId,player) values ('39c9b332-e716-49a9-ba61-8fdb39846545','Caleb');
insert into basketballgameevents(id,gameId,playType,period,teamFor,teamAgainst) values ('4a365f89-dbc3-4d8e-a12b-533f13c4eb3c','0337bc53-1ad5-47a5-a7a9-da3057226464','turnover',1,'TeamD','TeamC');
insert into basketballturnovers(eventId,player) values ('4a365f89-dbc3-4d8e-a12b-533f13c4eb3c','Denver');
insert into basketballgameevents(id,gameId,playType,period,teamFor,teamAgainst) values ('88d0fc02-5bdc-4489-a664-2ae79a61a858','0337bc53-1ad5-47a5-a7a9-da3057226464','turnover',1,'TeamC','TeamD');
insert into basketballturnovers(eventId,player) values ('88d0fc02-5bdc-4489-a664-2ae79a61a858','Cauchy');
insert into basketballgameevents(id,gameId,playType,period,teamFor,teamAgainst) values ('d22beeb4-0e62-47b3-b8a6-575933af9cbf','0337bc53-1ad5-47a5-a7a9-da3057226464','steal',1,'TeamC','TeamD');
insert into basketballsteals(eventId,player) values ('d22beeb4-0e62-47b3-b8a6-575933af9cbf','Camel');
insert into basketballgameevents(id,gameId,playType,period,teamFor,teamAgainst) values ('57b783a0-cfe4-462a-87c3-4e760f20020a','0337bc53-1ad5-47a5-a7a9-da3057226464','point',1,'TeamC','TeamD');
insert into basketballpoints(eventId,player,result,point) values ('57b783a0-cfe4-462a-87c3-4e760f20020a','Cody','made',3);
insert into basketballgameevents(id,gameId,playType,period,teamFor,teamAgainst) values ('64455137-5d5a-42cb-a7d7-8d96fbc71fae','0337bc53-1ad5-47a5-a7a9-da3057226464','steal',1,'TeamD','TeamC');
insert into basketballsteals(eventId,player) values ('64455137-5d5a-42cb-a7d7-8d96fbc71fae','Dapper');
insert into basketballgameevents(id,gameId,playType,period,teamFor,teamAgainst) values ('afe746ff-0338-4caa-a836-a18e91892e96','0337bc53-1ad5-47a5-a7a9-da3057226464','point',1,'TeamC','TeamD');
insert into basketballpoints(eventId,player,assist,result,point) values ('afe746ff-0338-4caa-a836-a18e91892e96', 'Cauchy', 'Cameron', 'made', 3);
insert into basketballgameevents(id,gameId,playType,period,teamFor,teamAgainst) values ('93e5b8bc-805e-4b41-957d-62a7322be5dc','0337bc53-1ad5-47a5-a7a9-da3057226464','turnover',1,'TeamC','TeamD');
insert into basketballturnovers(eventId,player) values ('93e5b8bc-805e-4b41-957d-62a7322be5dc','Cauchy');
insert into basketballgameevents(id,gameId,playType,period,teamFor,teamAgainst) values ('9f0e31ed-81ff-47a3-9c7b-a3f265d86301','0337bc53-1ad5-47a5-a7a9-da3057226464','steal',1,'TeamD','TeamC');
insert into basketballsteals(eventId,player) values ('9f0e31ed-81ff-47a3-9c7b-a3f265d86301','Dapper');
insert into basketballgameevents(id,gameId,playType,period,teamFor,teamAgainst) values ('e8477eff-7989-4516-9c7b-d01e8a06234b','0337bc53-1ad5-47a5-a7a9-da3057226464','point',1,'TeamC','TeamD');
insert into basketballpoints(eventId,player,result,point) values ('e8477eff-7989-4516-9c7b-d01e8a06234b','Cauchy','miss',1);
insert into basketballgameevents(id,gameId,playType,period,teamFor,teamAgainst) values ('90b3fa9f-5e69-42de-b71f-67fd1d576daa','0337bc53-1ad5-47a5-a7a9-da3057226464','foul',1,'TeamC','TeamD');
insert into basketballfouls(eventId,player,reason) values ('90b3fa9f-5e69-42de-b71f-67fd1d576daa','Cameron','Pushing');
insert into basketballgameevents(id,gameId,playType,period,teamFor,teamAgainst) values ('d49e4793-a50f-4332-b651-467c83f08b41','0337bc53-1ad5-47a5-a7a9-da3057226464','point',1,'TeamD','TeamC');
insert into basketballpoints(eventId,player,result,point) values ('d49e4793-a50f-4332-b651-467c83f08b41','Daniel','made',1);
insert into basketballgameevents(id,gameId,playType,period,teamFor,teamAgainst) values ('a45b81ed-b976-4895-a144-62c3271afadf','0337bc53-1ad5-47a5-a7a9-da3057226464','block',1,'TeamD','TeamC');
insert into basketballblocks(eventId,player) values ('a45b81ed-b976-4895-a144-62c3271afadf','Daniel');
insert into basketballgameevents(id,gameId,playType,period,teamFor,teamAgainst) values ('8ae0edac-c347-4151-ae91-b4fe3cf46fa1','0337bc53-1ad5-47a5-a7a9-da3057226464','foul',1,'TeamD','TeamC');
insert into basketballfouls(eventId,player,reason) values ('8ae0edac-c347-4151-ae91-b4fe3cf46fa1','Denver','Pushing');
insert into basketballgameevents(id,gameId,playType,period,teamFor,teamAgainst) values ('961ff823-2e5c-4f4c-9289-0a4a7e65f437','0337bc53-1ad5-47a5-a7a9-da3057226464','foul',1,'TeamD','TeamC');
insert into basketballfouls(eventId,player,reason) values ('961ff823-2e5c-4f4c-9289-0a4a7e65f437','Denver','Holding');
insert into basketballgameevents(id,gameId,playType,period,teamFor,teamAgainst) values ('d4ac7528-757b-4604-be2a-4b721c05d751','0337bc53-1ad5-47a5-a7a9-da3057226464','foul',1,'TeamC','TeamD');
insert into basketballfouls(eventId,player,reason) values ('d4ac7528-757b-4604-be2a-4b721c05d751','Cody','Holding');
insert into basketballgameevents(id,gameId,playType,period,teamFor,teamAgainst) values ('fc93d39a-4cd0-49d3-8110-bdc14b285db7','0337bc53-1ad5-47a5-a7a9-da3057226464','rebound',1,'TeamC','TeamD');
insert into basketballrebounds(eventId,player) values ('fc93d39a-4cd0-49d3-8110-bdc14b285db7','Caleb');
insert into basketballgameevents(id,gameId,playType,period,teamFor,teamAgainst) values ('5a4c5ab1-e31a-49a3-aa40-560ff8acc182','0337bc53-1ad5-47a5-a7a9-da3057226464','rebound',1,'TeamD','TeamC');
insert into basketballrebounds(eventId,player) values ('5a4c5ab1-e31a-49a3-aa40-560ff8acc182','Dapper');
insert into basketballgameevents(id,gameId,playType,period,teamFor,teamAgainst) values ('a14d78b5-4c33-4184-b232-f28ccb6a8136','0337bc53-1ad5-47a5-a7a9-da3057226464','foul',1,'TeamC','TeamD');
insert into basketballfouls(eventId,player,reason) values ('a14d78b5-4c33-4184-b232-f28ccb6a8136','Camel','Holding');
insert into basketballgameevents(id,gameId,playType,period,teamFor,teamAgainst) values ('68bc7fe2-1565-45e4-8065-661b4055ff66','0337bc53-1ad5-47a5-a7a9-da3057226464','rebound',1,'TeamC','TeamD');
insert into basketballrebounds(eventId,player) values ('68bc7fe2-1565-45e4-8065-661b4055ff66','Cameron');
insert into basketballgameevents(id,gameId,playType,period,teamFor,teamAgainst) values ('cb2b987a-ef90-4f90-9534-783cb06db3a6','0337bc53-1ad5-47a5-a7a9-da3057226464','foul',1,'TeamC','TeamD');
insert into basketballfouls(eventId,player,reason) values ('cb2b987a-ef90-4f90-9534-783cb06db3a6','Cody','Pushing');
insert into basketballgameevents(id,gameId,playType,period,teamFor,teamAgainst) values ('a30ec414-864b-45f3-9816-9b3d027bde58','0337bc53-1ad5-47a5-a7a9-da3057226464','point',1,'TeamD','TeamC');
insert into basketballpoints(eventId,player,assist,result,point) values ('a30ec414-864b-45f3-9816-9b3d027bde58', 'Dapper', 'Doppler', 'made', 2);
insert into basketballgameevents(id,gameId,playType,period,teamFor,teamAgainst) values ('ae5bd543-a9eb-40a0-afd2-db785530ffa6','0337bc53-1ad5-47a5-a7a9-da3057226464','foul',1,'TeamD','TeamC');
insert into basketballfouls(eventId,player,reason) values ('ae5bd543-a9eb-40a0-afd2-db785530ffa6','Dapper','Holding');
insert into basketballgameevents(id,gameId,playType,period,teamFor,teamAgainst) values ('491bdc1e-7240-4a29-92e4-b83ec29c7e01','0337bc53-1ad5-47a5-a7a9-da3057226464','rebound',1,'TeamC','TeamD');
insert into basketballrebounds(eventId,player) values ('491bdc1e-7240-4a29-92e4-b83ec29c7e01','Caleb');
insert into basketballgameevents(id,gameId,playType,period,teamFor,teamAgainst) values ('cd7ea081-afb5-4d0a-85e5-5c87b3d1480a','0337bc53-1ad5-47a5-a7a9-da3057226464','turnover',1,'TeamD','TeamC');
insert into basketballturnovers(eventId,player) values ('cd7ea081-afb5-4d0a-85e5-5c87b3d1480a','Dapper');
insert into basketballgameevents(id,gameId,playType,period,teamFor,teamAgainst) values ('3450e997-4cf3-4a30-8650-6c826d83c49f','0337bc53-1ad5-47a5-a7a9-da3057226464','block',1,'TeamC','TeamD');
insert into basketballblocks(eventId,player) values ('3450e997-4cf3-4a30-8650-6c826d83c49f','Cauchy');
insert into basketballgameevents(id,gameId,playType,period,teamFor,teamAgainst) values ('0d98d9e1-6776-4f13-a079-23994ceb8055','0337bc53-1ad5-47a5-a7a9-da3057226464','rebound',1,'TeamC','TeamD');
insert into basketballrebounds(eventId,player) values ('0d98d9e1-6776-4f13-a079-23994ceb8055','Camel');
insert into basketballgameevents(id,gameId,playType,period,teamFor,teamAgainst) values ('69994812-dd4a-497e-92cd-49cdf6f76359','0337bc53-1ad5-47a5-a7a9-da3057226464','point',1,'TeamC','TeamD');
insert into basketballpoints(eventId,player,assist,result,point) values ('69994812-dd4a-497e-92cd-49cdf6f76359', 'Cody', 'Camel', 'made', 2);
insert into basketballgameevents(id,gameId,playType,period,teamFor,teamAgainst) values ('b2af2218-70e7-47bb-a012-62a68c2b5683','0337bc53-1ad5-47a5-a7a9-da3057226464','steal',1,'TeamC','TeamD');
insert into basketballsteals(eventId,player) values ('b2af2218-70e7-47bb-a012-62a68c2b5683','Cody');
insert into basketballgameevents(id,gameId,playType,period,teamFor,teamAgainst) values ('bc084f89-6a91-4aad-9dbe-effa49176f01','0337bc53-1ad5-47a5-a7a9-da3057226464','foul',1,'TeamC','TeamD');
insert into basketballfouls(eventId,player,reason) values ('bc084f89-6a91-4aad-9dbe-effa49176f01','Cauchy','Pushing');
insert into basketballgameevents(id,gameId,playType,period,teamFor,teamAgainst) values ('bdd676a7-fbe7-4553-bbd5-381147126621','0337bc53-1ad5-47a5-a7a9-da3057226464','block',1,'TeamC','TeamD');
insert into basketballblocks(eventId,player) values ('bdd676a7-fbe7-4553-bbd5-381147126621','Cameron');
insert into basketballgameevents(id,gameId,playType,period,teamFor,teamAgainst) values ('5267c330-44e7-4e80-8310-d2042ba9d77a','0337bc53-1ad5-47a5-a7a9-da3057226464','steal',1,'TeamC','TeamD');
insert into basketballsteals(eventId,player) values ('5267c330-44e7-4e80-8310-d2042ba9d77a','Cauchy');
insert into basketballgameevents(id,gameId,playType,period,teamFor,teamAgainst) values ('6fbbb34f-f0bd-4a1f-bf9c-da836a8b1571','0337bc53-1ad5-47a5-a7a9-da3057226464','rebound',1,'TeamD','TeamC');
insert into basketballrebounds(eventId,player) values ('6fbbb34f-f0bd-4a1f-bf9c-da836a8b1571','Denver');
insert into basketballgameevents(id,gameId,playType,period,teamFor,teamAgainst) values ('1ef8caa6-2d2f-4f1a-b691-c317d1d0af68','0337bc53-1ad5-47a5-a7a9-da3057226464','foul',1,'TeamC','TeamD');
insert into basketballfouls(eventId,player,reason) values ('1ef8caa6-2d2f-4f1a-b691-c317d1d0af68','Cameron','Pushing');
insert into basketballgameevents(id,gameId,playType,period,teamFor,teamAgainst) values ('63df6d16-4893-4b7c-9620-bd5d0a00fc85','0337bc53-1ad5-47a5-a7a9-da3057226464','block',2,'TeamD','TeamC');
insert into basketballblocks(eventId,player) values ('63df6d16-4893-4b7c-9620-bd5d0a00fc85','Daniel');
insert into basketballgameevents(id,gameId,playType,period,teamFor,teamAgainst) values ('0e02fe19-3679-4103-b1d8-2c9e335c9ef0','0337bc53-1ad5-47a5-a7a9-da3057226464','foul',2,'TeamC','TeamD');
insert into basketballfouls(eventId,player,reason) values ('0e02fe19-3679-4103-b1d8-2c9e335c9ef0','Caleb','Pushing');
insert into basketballgameevents(id,gameId,playType,period,teamFor,teamAgainst) values ('b340656a-70b4-46f8-be05-2b7723f4b6b1','0337bc53-1ad5-47a5-a7a9-da3057226464','turnover',2,'TeamC','TeamD');
insert into basketballturnovers(eventId,player) values ('b340656a-70b4-46f8-be05-2b7723f4b6b1','Caleb');
insert into basketballgameevents(id,gameId,playType,period,teamFor,teamAgainst) values ('d8ceb77e-e84e-4b7e-8986-f269f965ced4','0337bc53-1ad5-47a5-a7a9-da3057226464','steal',2,'TeamD','TeamC');
insert into basketballsteals(eventId,player) values ('d8ceb77e-e84e-4b7e-8986-f269f965ced4','Doppler');
insert into basketballgameevents(id,gameId,playType,period,teamFor,teamAgainst) values ('dbbf7bd4-5579-4da6-9166-326e7afa876d','0337bc53-1ad5-47a5-a7a9-da3057226464','turnover',2,'TeamC','TeamD');
insert into basketballturnovers(eventId,player) values ('dbbf7bd4-5579-4da6-9166-326e7afa876d','Caleb');
insert into basketballgameevents(id,gameId,playType,period,teamFor,teamAgainst) values ('77364975-32b2-4ac0-9e54-9eb5137e28b0','0337bc53-1ad5-47a5-a7a9-da3057226464','steal',2,'TeamD','TeamC');
insert into basketballsteals(eventId,player) values ('77364975-32b2-4ac0-9e54-9eb5137e28b0','Dickson');
insert into basketballgameevents(id,gameId,playType,period,teamFor,teamAgainst) values ('21f028a9-427d-4d50-a56a-863c3a09799f','0337bc53-1ad5-47a5-a7a9-da3057226464','steal',2,'TeamC','TeamD');
insert into basketballsteals(eventId,player) values ('21f028a9-427d-4d50-a56a-863c3a09799f','Cody');
insert into basketballgameevents(id,gameId,playType,period,teamFor,teamAgainst) values ('1c120b7f-d0c2-48e1-950e-f10223e71a4a','0337bc53-1ad5-47a5-a7a9-da3057226464','steal',2,'TeamD','TeamC');
insert into basketballsteals(eventId,player) values ('1c120b7f-d0c2-48e1-950e-f10223e71a4a','Daniel');
insert into basketballgameevents(id,gameId,playType,period,teamFor,teamAgainst) values ('08527d2f-5503-4494-afb0-84b1c4c4dda0','0337bc53-1ad5-47a5-a7a9-da3057226464','block',2,'TeamC','TeamD');
insert into basketballblocks(eventId,player) values ('08527d2f-5503-4494-afb0-84b1c4c4dda0','Cauchy');
insert into basketballgameevents(id,gameId,playType,period,teamFor,teamAgainst) values ('5a35abeb-18c9-4366-9bc5-cb2a064097f6','0337bc53-1ad5-47a5-a7a9-da3057226464','steal',2,'TeamC','TeamD');
insert into basketballsteals(eventId,player) values ('5a35abeb-18c9-4366-9bc5-cb2a064097f6','Cauchy');
insert into basketballgameevents(id,gameId,playType,period,teamFor,teamAgainst) values ('902b82ae-3d88-42cf-a45d-343a16c79ef7','0337bc53-1ad5-47a5-a7a9-da3057226464','turnover',2,'TeamC','TeamD');
insert into basketballturnovers(eventId,player) values ('902b82ae-3d88-42cf-a45d-343a16c79ef7','Camel');
insert into basketballgameevents(id,gameId,playType,period,teamFor,teamAgainst) values ('fc63b55c-e950-448b-bf64-0ea635e5ce8e','0337bc53-1ad5-47a5-a7a9-da3057226464','rebound',2,'TeamD','TeamC');
insert into basketballrebounds(eventId,player) values ('fc63b55c-e950-448b-bf64-0ea635e5ce8e','Daniel');
insert into basketballgameevents(id,gameId,playType,period,teamFor,teamAgainst) values ('d21f87b3-0022-46e0-a597-3e8839675769','0337bc53-1ad5-47a5-a7a9-da3057226464','turnover',2,'TeamC','TeamD');
insert into basketballturnovers(eventId,player) values ('d21f87b3-0022-46e0-a597-3e8839675769','Cameron');
insert into basketballgameevents(id,gameId,playType,period,teamFor,teamAgainst) values ('c97812b3-03e5-458d-9b8a-6939c58653bb','0337bc53-1ad5-47a5-a7a9-da3057226464','block',2,'TeamC','TeamD');
insert into basketballblocks(eventId,player) values ('c97812b3-03e5-458d-9b8a-6939c58653bb','Cauchy');
insert into basketballgameevents(id,gameId,playType,period,teamFor,teamAgainst) values ('81a18b1f-ab37-43ec-af59-9abd525553a0','0337bc53-1ad5-47a5-a7a9-da3057226464','turnover',2,'TeamD','TeamC');
insert into basketballturnovers(eventId,player) values ('81a18b1f-ab37-43ec-af59-9abd525553a0','Dapper');
insert into basketballgameevents(id,gameId,playType,period,teamFor,teamAgainst) values ('be3cee8e-253b-494b-b778-3828c0a92ff2','0337bc53-1ad5-47a5-a7a9-da3057226464','foul',2,'TeamD','TeamC');
insert into basketballfouls(eventId,player,reason) values ('be3cee8e-253b-494b-b778-3828c0a92ff2','Doppler','Holding');
insert into basketballgameevents(id,gameId,playType,period,teamFor,teamAgainst) values ('f7240078-f2ef-4443-bcbe-2ad1d4ad9b19','0337bc53-1ad5-47a5-a7a9-da3057226464','foul',2,'TeamD','TeamC');
insert into basketballfouls(eventId,player,reason) values ('f7240078-f2ef-4443-bcbe-2ad1d4ad9b19','Daniel','Holding');
insert into basketballgameevents(id,gameId,playType,period,teamFor,teamAgainst) values ('8d24e39c-bb04-4b07-a2c9-9fbd42403999','0337bc53-1ad5-47a5-a7a9-da3057226464','foul',2,'TeamD','TeamC');
insert into basketballfouls(eventId,player,reason) values ('8d24e39c-bb04-4b07-a2c9-9fbd42403999','Denver','Pushing');
insert into basketballgameevents(id,gameId,playType,period,teamFor,teamAgainst) values ('d367547d-e1ee-4836-a1a2-7d73a4581e75','0337bc53-1ad5-47a5-a7a9-da3057226464','rebound',2,'TeamC','TeamD');
insert into basketballrebounds(eventId,player) values ('d367547d-e1ee-4836-a1a2-7d73a4581e75','Cameron');
insert into basketballgameevents(id,gameId,playType,period,teamFor,teamAgainst) values ('4a546b34-e69c-46a6-9bb4-1600ce82e169','0337bc53-1ad5-47a5-a7a9-da3057226464','rebound',2,'TeamC','TeamD');
insert into basketballrebounds(eventId,player) values ('4a546b34-e69c-46a6-9bb4-1600ce82e169','Cauchy');
insert into basketballgameevents(id,gameId,playType,period,teamFor,teamAgainst) values ('c812debe-ab5d-4cbe-9576-8d2ff40be714','0337bc53-1ad5-47a5-a7a9-da3057226464','turnover',2,'TeamC','TeamD');
insert into basketballturnovers(eventId,player) values ('c812debe-ab5d-4cbe-9576-8d2ff40be714','Cody');
insert into basketballgameevents(id,gameId,playType,period,teamFor,teamAgainst) values ('bf50af15-a5e5-4357-8092-79b4bdc61835','0337bc53-1ad5-47a5-a7a9-da3057226464','turnover',2,'TeamC','TeamD');
insert into basketballturnovers(eventId,player) values ('bf50af15-a5e5-4357-8092-79b4bdc61835','Caleb');
insert into basketballgameevents(id,gameId,playType,period,teamFor,teamAgainst) values ('17461332-c77b-43a8-a720-1f0668acbcc7','0337bc53-1ad5-47a5-a7a9-da3057226464','block',2,'TeamC','TeamD');
insert into basketballblocks(eventId,player) values ('17461332-c77b-43a8-a720-1f0668acbcc7','Camel');
insert into basketballgameevents(id,gameId,playType,period,teamFor,teamAgainst) values ('5a807a40-9179-4805-a924-c1a9c4e03354','0337bc53-1ad5-47a5-a7a9-da3057226464','turnover',2,'TeamD','TeamC');
insert into basketballturnovers(eventId,player) values ('5a807a40-9179-4805-a924-c1a9c4e03354','Dickson');
insert into basketballgameevents(id,gameId,playType,period,teamFor,teamAgainst) values ('e0f28b62-afee-47dd-8bee-ccc30a372a58','0337bc53-1ad5-47a5-a7a9-da3057226464','turnover',2,'TeamD','TeamC');
insert into basketballturnovers(eventId,player) values ('e0f28b62-afee-47dd-8bee-ccc30a372a58','Daniel');
insert into basketballgameevents(id,gameId,playType,period,teamFor,teamAgainst) values ('1c591de5-2a32-4e5d-8584-2235caedb536','0337bc53-1ad5-47a5-a7a9-da3057226464','block',2,'TeamC','TeamD');
insert into basketballblocks(eventId,player) values ('1c591de5-2a32-4e5d-8584-2235caedb536','Cameron');
insert into basketballgameevents(id,gameId,playType,period,teamFor,teamAgainst) values ('d3b317cd-c244-4034-968a-ea06b1bb885f','0337bc53-1ad5-47a5-a7a9-da3057226464','turnover',2,'TeamC','TeamD');
insert into basketballturnovers(eventId,player) values ('d3b317cd-c244-4034-968a-ea06b1bb885f','Cameron');
insert into basketballgameevents(id,gameId,playType,period,teamFor,teamAgainst) values ('5f1d46e2-f110-46f5-bbc7-c90728972e0a','0337bc53-1ad5-47a5-a7a9-da3057226464','rebound',2,'TeamD','TeamC');
insert into basketballrebounds(eventId,player) values ('5f1d46e2-f110-46f5-bbc7-c90728972e0a','Doppler');
insert into basketballgameevents(id,gameId,playType,period,teamFor,teamAgainst) values ('57c6344c-ffc4-419c-93a6-dfda1f792dcf','0337bc53-1ad5-47a5-a7a9-da3057226464','turnover',2,'TeamD','TeamC');
insert into basketballturnovers(eventId,player) values ('57c6344c-ffc4-419c-93a6-dfda1f792dcf','Dickson');
insert into basketballgameevents(id,gameId,playType,period,teamFor,teamAgainst) values ('c10367b9-e0ed-4d55-a398-c010a18812f1','0337bc53-1ad5-47a5-a7a9-da3057226464','turnover',2,'TeamC','TeamD');
insert into basketballturnovers(eventId,player) values ('c10367b9-e0ed-4d55-a398-c010a18812f1','Cameron');
insert into basketballgameevents(id,gameId,playType,period,teamFor,teamAgainst) values ('fee72a65-2bdd-440d-b6c1-7d62167fe6a0','0337bc53-1ad5-47a5-a7a9-da3057226464','steal',2,'TeamC','TeamD');
insert into basketballsteals(eventId,player) values ('fee72a65-2bdd-440d-b6c1-7d62167fe6a0','Camel');
insert into basketballgameevents(id,gameId,playType,period,teamFor,teamAgainst) values ('aa770a50-00c9-4912-9827-ec42598102cc','0337bc53-1ad5-47a5-a7a9-da3057226464','point',2,'TeamC','TeamD');
insert into basketballpoints(eventId,player,result,point) values ('aa770a50-00c9-4912-9827-ec42598102cc','Cauchy','made',1);
insert into basketballgameevents(id,gameId,playType,period,teamFor,teamAgainst) values ('9d3384d3-32e6-429f-9a90-dadae4812bb1','0337bc53-1ad5-47a5-a7a9-da3057226464','turnover',2,'TeamD','TeamC');
insert into basketballturnovers(eventId,player) values ('9d3384d3-32e6-429f-9a90-dadae4812bb1','Denver');
insert into basketballgameevents(id,gameId,playType,period,teamFor,teamAgainst) values ('46dc92ca-8009-4120-8086-0b0cd6d1c808','0337bc53-1ad5-47a5-a7a9-da3057226464','point',2,'TeamD','TeamC');
insert into basketballpoints(eventId,player,result,point) values ('46dc92ca-8009-4120-8086-0b0cd6d1c808','Doppler','made',3);
insert into basketballgameevents(id,gameId,playType,period,teamFor,teamAgainst) values ('54d32517-c12b-4b28-b50e-bb99c69b53e8','0337bc53-1ad5-47a5-a7a9-da3057226464','rebound',2,'TeamC','TeamD');
insert into basketballrebounds(eventId,player) values ('54d32517-c12b-4b28-b50e-bb99c69b53e8','Cameron');
insert into basketballgameevents(id,gameId,playType,period,teamFor,teamAgainst) values ('fcc0c3f1-bb1e-4119-b5d4-16423cbea4e0','0337bc53-1ad5-47a5-a7a9-da3057226464','block',2,'TeamC','TeamD');
insert into basketballblocks(eventId,player) values ('fcc0c3f1-bb1e-4119-b5d4-16423cbea4e0','Camel');
insert into basketballgameevents(id,gameId,playType,period,teamFor,teamAgainst) values ('53cb1b5c-5308-4a8a-a59d-0007773eca87','0337bc53-1ad5-47a5-a7a9-da3057226464','foul',2,'TeamD','TeamC');
insert into basketballfouls(eventId,player,reason) values ('53cb1b5c-5308-4a8a-a59d-0007773eca87','Denver','Holding');
insert into basketballgameevents(id,gameId,playType,period,teamFor,teamAgainst) values ('24c903de-1af7-4fe9-9899-01f9006b22ab','0337bc53-1ad5-47a5-a7a9-da3057226464','foul',2,'TeamD','TeamC');
insert into basketballfouls(eventId,player,reason) values ('24c903de-1af7-4fe9-9899-01f9006b22ab','Doppler','Pushing');
insert into basketballgameevents(id,gameId,playType,period,teamFor,teamAgainst) values ('361d7598-a069-4fe1-a0c3-a6ea0c986e2c','0337bc53-1ad5-47a5-a7a9-da3057226464','point',2,'TeamC','TeamD');
insert into basketballpoints(eventId,player,assist,result,point) values ('361d7598-a069-4fe1-a0c3-a6ea0c986e2c', 'Cody', 'Cauchy', 'made', 2);
insert into basketballgameevents(id,gameId,playType,period,teamFor,teamAgainst) values ('c5893eb4-703e-4e78-8e2a-fea65c9bca5c','0337bc53-1ad5-47a5-a7a9-da3057226464','foul',2,'TeamD','TeamC');
insert into basketballfouls(eventId,player,reason) values ('c5893eb4-703e-4e78-8e2a-fea65c9bca5c','Dickson','Holding');
insert into basketballgameevents(id,gameId,playType,period,teamFor,teamAgainst) values ('30dca617-0d11-4718-87a8-6b2a2e9802ec','0337bc53-1ad5-47a5-a7a9-da3057226464','turnover',2,'TeamC','TeamD');
insert into basketballturnovers(eventId,player) values ('30dca617-0d11-4718-87a8-6b2a2e9802ec','Camel');
insert into basketballgameevents(id,gameId,playType,period,teamFor,teamAgainst) values ('5c5e3f90-862f-45c6-9c0e-c4aba1a92e44','0337bc53-1ad5-47a5-a7a9-da3057226464','turnover',2,'TeamD','TeamC');
insert into basketballturnovers(eventId,player) values ('5c5e3f90-862f-45c6-9c0e-c4aba1a92e44','Daniel');
insert into basketballgameevents(id,gameId,playType,period,teamFor,teamAgainst) values ('967d47cf-dd82-4710-9cb0-d9d8e9c7201d','0337bc53-1ad5-47a5-a7a9-da3057226464','block',2,'TeamC','TeamD');
insert into basketballblocks(eventId,player) values ('967d47cf-dd82-4710-9cb0-d9d8e9c7201d','Cauchy');
insert into basketballgameevents(id,gameId,playType,period,teamFor,teamAgainst) values ('c4f2477d-4c74-4e17-95d4-1362c0d38768','0337bc53-1ad5-47a5-a7a9-da3057226464','point',2,'TeamD','TeamC');
insert into basketballpoints(eventId,player,result,point) values ('c4f2477d-4c74-4e17-95d4-1362c0d38768','Dapper','miss',2);
insert into basketballgameevents(id,gameId,playType,period,teamFor,teamAgainst) values ('dbafe4e1-7d9d-4341-88f6-bf8312b3c00d','0337bc53-1ad5-47a5-a7a9-da3057226464','turnover',2,'TeamD','TeamC');
insert into basketballturnovers(eventId,player) values ('dbafe4e1-7d9d-4341-88f6-bf8312b3c00d','Daniel');
insert into basketballgameevents(id,gameId,playType,period,teamFor,teamAgainst) values ('b9d5efa5-28e0-4fb1-8662-d18f351f0459','0337bc53-1ad5-47a5-a7a9-da3057226464','block',2,'TeamC','TeamD');
insert into basketballblocks(eventId,player) values ('b9d5efa5-28e0-4fb1-8662-d18f351f0459','Caleb');
insert into basketballgameevents(id,gameId,playType,period,teamFor,teamAgainst) values ('41cbcf19-417c-45e2-ba96-3c6790d32b41','0337bc53-1ad5-47a5-a7a9-da3057226464','block',2,'TeamC','TeamD');
insert into basketballblocks(eventId,player) values ('41cbcf19-417c-45e2-ba96-3c6790d32b41','Camel');
insert into basketballgameevents(id,gameId,playType,period,teamFor,teamAgainst) values ('2ebc295a-b3a4-4ced-94a1-deb9c0a7e369','0337bc53-1ad5-47a5-a7a9-da3057226464','block',2,'TeamD','TeamC');
insert into basketballblocks(eventId,player) values ('2ebc295a-b3a4-4ced-94a1-deb9c0a7e369','Dapper');
insert into basketballgameevents(id,gameId,playType,period,teamFor,teamAgainst) values ('3e4a79b2-5fc6-4de2-8418-e3a4a4260106','0337bc53-1ad5-47a5-a7a9-da3057226464','foul',2,'TeamC','TeamD');
insert into basketballfouls(eventId,player,reason) values ('3e4a79b2-5fc6-4de2-8418-e3a4a4260106','Camel','Pushing');
insert into basketballgameevents(id,gameId,playType,period,teamFor,teamAgainst) values ('cd5f2e58-5ed8-4c38-ac01-1e342a040cc9','0337bc53-1ad5-47a5-a7a9-da3057226464','point',2,'TeamC','TeamD');
insert into basketballpoints(eventId,player,result,point) values ('cd5f2e58-5ed8-4c38-ac01-1e342a040cc9','Camel','miss',2);
insert into basketballgameevents(id,gameId,playType,period,teamFor,teamAgainst) values ('d7013f70-d2f2-4d36-bdb6-a53da80c760c','0337bc53-1ad5-47a5-a7a9-da3057226464','steal',2,'TeamD','TeamC');
insert into basketballsteals(eventId,player) values ('d7013f70-d2f2-4d36-bdb6-a53da80c760c','Doppler');
insert into basketballgameevents(id,gameId,playType,period,teamFor,teamAgainst) values ('e54da3f5-7375-436b-8cd4-d6cf6a0a8949','0337bc53-1ad5-47a5-a7a9-da3057226464','block',2,'TeamC','TeamD');
insert into basketballblocks(eventId,player) values ('e54da3f5-7375-436b-8cd4-d6cf6a0a8949','Camel');
insert into basketballgameevents(id,gameId,playType,period,teamFor,teamAgainst) values ('370418e1-6220-448a-8e7b-4bbe5d563ad1','0337bc53-1ad5-47a5-a7a9-da3057226464','point',2,'TeamC','TeamD');
insert into basketballpoints(eventId,player,assist,result,point) values ('370418e1-6220-448a-8e7b-4bbe5d563ad1', 'Cody', 'Cameron', 'made', 2);
insert into basketballgameevents(id,gameId,playType,period,teamFor,teamAgainst) values ('eb095613-8280-474f-8416-dbfda0af6aa0','0337bc53-1ad5-47a5-a7a9-da3057226464','block',2,'TeamC','TeamD');
insert into basketballblocks(eventId,player) values ('eb095613-8280-474f-8416-dbfda0af6aa0','Caleb');
insert into basketballgameevents(id,gameId,playType,period,teamFor,teamAgainst) values ('6bb4a9c2-3cfd-42aa-ba47-63fd5bb1caf6','0337bc53-1ad5-47a5-a7a9-da3057226464','rebound',2,'TeamC','TeamD');
insert into basketballrebounds(eventId,player) values ('6bb4a9c2-3cfd-42aa-ba47-63fd5bb1caf6','Cameron');
insert into basketballgameevents(id,gameId,playType,period,teamFor,teamAgainst) values ('84da3ff7-a3ec-4c6b-8791-4251b8326f0a','0337bc53-1ad5-47a5-a7a9-da3057226464','turnover',2,'TeamC','TeamD');
insert into basketballturnovers(eventId,player) values ('84da3ff7-a3ec-4c6b-8791-4251b8326f0a','Cameron');
insert into basketballgameevents(id,gameId,playType,period,teamFor,teamAgainst) values ('0a09c4e2-4282-448c-b370-a62e0118798b','0337bc53-1ad5-47a5-a7a9-da3057226464','block',2,'TeamC','TeamD');
insert into basketballblocks(eventId,player) values ('0a09c4e2-4282-448c-b370-a62e0118798b','Cody');
insert into basketballgameevents(id,gameId,playType,period,teamFor,teamAgainst) values ('f75f588b-17f5-4460-b3fe-4671afff60f3','0337bc53-1ad5-47a5-a7a9-da3057226464','turnover',2,'TeamC','TeamD');
insert into basketballturnovers(eventId,player) values ('f75f588b-17f5-4460-b3fe-4671afff60f3','Caleb');
insert into basketballgameevents(id,gameId,playType,period,teamFor,teamAgainst) values ('22b64434-7a89-4a6f-b78c-bb6edf4f9a91','0337bc53-1ad5-47a5-a7a9-da3057226464','block',2,'TeamC','TeamD');
insert into basketballblocks(eventId,player) values ('22b64434-7a89-4a6f-b78c-bb6edf4f9a91','Cauchy');
insert into basketballgameevents(id,gameId,playType,period,teamFor,teamAgainst) values ('c046d0f2-d071-45a1-9c5f-f94f9a2e47f8','0337bc53-1ad5-47a5-a7a9-da3057226464','block',2,'TeamC','TeamD');
insert into basketballblocks(eventId,player) values ('c046d0f2-d071-45a1-9c5f-f94f9a2e47f8','Camel');
insert into basketballgameevents(id,gameId,playType,period,teamFor,teamAgainst) values ('f430f0b8-a5e0-4335-a085-4fad9fc4071f','0337bc53-1ad5-47a5-a7a9-da3057226464','point',2,'TeamC','TeamD');
insert into basketballpoints(eventId,player,assist,result,point) values ('f430f0b8-a5e0-4335-a085-4fad9fc4071f', 'Cauchy', 'Camel', 'made', 3);
insert into basketballgameevents(id,gameId,playType,period,teamFor,teamAgainst) values ('f73d2df2-ed9a-4dae-9a0c-be9b1d931de8','0337bc53-1ad5-47a5-a7a9-da3057226464','steal',2,'TeamD','TeamC');
insert into basketballsteals(eventId,player) values ('f73d2df2-ed9a-4dae-9a0c-be9b1d931de8','Denver');
insert into basketballgameevents(id,gameId,playType,period,teamFor,teamAgainst) values ('72bac8f8-5f8b-45dd-a334-ae6a176850f8','0337bc53-1ad5-47a5-a7a9-da3057226464','point',2,'TeamC','TeamD');
insert into basketballpoints(eventId,player,result,point) values ('72bac8f8-5f8b-45dd-a334-ae6a176850f8','Cauchy','made',2);
insert into basketballgameevents(id,gameId,playType,period,teamFor,teamAgainst) values ('d88447bb-86ce-4c39-82e9-5e2c8ca5a729','0337bc53-1ad5-47a5-a7a9-da3057226464','block',2,'TeamC','TeamD');
insert into basketballblocks(eventId,player) values ('d88447bb-86ce-4c39-82e9-5e2c8ca5a729','Camel');
insert into basketballgameevents(id,gameId,playType,period,teamFor,teamAgainst) values ('4796b090-d981-4ccb-98a6-3231a87128f7','0337bc53-1ad5-47a5-a7a9-da3057226464','steal',2,'TeamD','TeamC');
insert into basketballsteals(eventId,player) values ('4796b090-d981-4ccb-98a6-3231a87128f7','Denver');
insert into basketballgameevents(id,gameId,playType,period,teamFor,teamAgainst) values ('a15d1c78-24e6-4845-983b-ec3f7efe8330','0337bc53-1ad5-47a5-a7a9-da3057226464','point',2,'TeamC','TeamD');
insert into basketballpoints(eventId,player,result,point) values ('a15d1c78-24e6-4845-983b-ec3f7efe8330','Cauchy','miss',3);
insert into basketballgameevents(id,gameId,playType,period,teamFor,teamAgainst) values ('22bc1ae0-4b5c-4396-b8fe-33e4c77a878d','0337bc53-1ad5-47a5-a7a9-da3057226464','point',2,'TeamC','TeamD');
insert into basketballpoints(eventId,player,result,point) values ('22bc1ae0-4b5c-4396-b8fe-33e4c77a878d','Cauchy','made',1);
insert into basketballgameevents(id,gameId,playType,period,teamFor,teamAgainst) values ('8117ff8b-3ae0-4062-92da-a8a2ed28029f','0337bc53-1ad5-47a5-a7a9-da3057226464','rebound',2,'TeamC','TeamD');
insert into basketballrebounds(eventId,player) values ('8117ff8b-3ae0-4062-92da-a8a2ed28029f','Caleb');
insert into basketballgameevents(id,gameId,playType,period,teamFor,teamAgainst) values ('24bcf139-7298-4b18-82c3-0393a17320f7','0337bc53-1ad5-47a5-a7a9-da3057226464','foul',2,'TeamC','TeamD');
insert into basketballfouls(eventId,player,reason) values ('24bcf139-7298-4b18-82c3-0393a17320f7','Caleb','Pushing');
insert into basketballgameevents(id,gameId,playType,period,teamFor,teamAgainst) values ('a9a57c72-f64a-4fa0-a871-cda9f4f4e8ed','0337bc53-1ad5-47a5-a7a9-da3057226464','point',2,'TeamC','TeamD');
insert into basketballpoints(eventId,player,assist,result,point) values ('a9a57c72-f64a-4fa0-a871-cda9f4f4e8ed', 'Camel', 'Cody', 'made', 2);
insert into basketballgameevents(id,gameId,playType,period,teamFor,teamAgainst) values ('907b57d9-9f47-4ce0-9b4a-c2eeeb54d447','0337bc53-1ad5-47a5-a7a9-da3057226464','rebound',2,'TeamC','TeamD');
insert into basketballrebounds(eventId,player) values ('907b57d9-9f47-4ce0-9b4a-c2eeeb54d447','Camel');
insert into basketballgameevents(id,gameId,playType,period,teamFor,teamAgainst) values ('d3618142-18c5-42e5-a50b-91b2387a0ccd','0337bc53-1ad5-47a5-a7a9-da3057226464','steal',2,'TeamD','TeamC');
insert into basketballsteals(eventId,player) values ('d3618142-18c5-42e5-a50b-91b2387a0ccd','Daniel');
insert into basketballgameevents(id,gameId,playType,period,teamFor,teamAgainst) values ('4ec765ce-9981-4ba1-a73c-f136e1f4955a','0337bc53-1ad5-47a5-a7a9-da3057226464','foul',2,'TeamD','TeamC');
insert into basketballfouls(eventId,player,reason) values ('4ec765ce-9981-4ba1-a73c-f136e1f4955a','Dapper','Holding');
insert into basketballgameevents(id,gameId,playType,period,teamFor,teamAgainst) values ('2a4414cd-2c51-4def-af01-e2e8366b6885','0337bc53-1ad5-47a5-a7a9-da3057226464','block',2,'TeamD','TeamC');
insert into basketballblocks(eventId,player) values ('2a4414cd-2c51-4def-af01-e2e8366b6885','Denver');
insert into basketballgameevents(id,gameId,playType,period,teamFor,teamAgainst) values ('d1cb282f-e4de-422b-9f3e-1208694e0b4f','0337bc53-1ad5-47a5-a7a9-da3057226464','point',2,'TeamC','TeamD');
insert into basketballpoints(eventId,player,assist,result,point) values ('d1cb282f-e4de-422b-9f3e-1208694e0b4f', 'Camel', 'Cameron', 'made', 1);
insert into basketballgameevents(id,gameId,playType,period,teamFor,teamAgainst) values ('0619c7d6-570f-4e36-ba5c-cc44244736d3','0337bc53-1ad5-47a5-a7a9-da3057226464','block',2,'TeamD','TeamC');
insert into basketballblocks(eventId,player) values ('0619c7d6-570f-4e36-ba5c-cc44244736d3','Daniel');
insert into basketballgameevents(id,gameId,playType,period,teamFor,teamAgainst) values ('d63bec98-0978-4610-a6d0-795fe0581c1d','0337bc53-1ad5-47a5-a7a9-da3057226464','foul',2,'TeamD','TeamC');
insert into basketballfouls(eventId,player,reason) values ('d63bec98-0978-4610-a6d0-795fe0581c1d','Daniel','Holding');
insert into basketballgameevents(id,gameId,playType,period,teamFor,teamAgainst) values ('3e20777e-8b50-491c-8356-8d0f1af1d618','0337bc53-1ad5-47a5-a7a9-da3057226464','block',2,'TeamD','TeamC');
insert into basketballblocks(eventId,player) values ('3e20777e-8b50-491c-8356-8d0f1af1d618','Doppler');
insert into basketballgameevents(id,gameId,playType,period,teamFor,teamAgainst) values ('1ac70b5e-026a-42a8-afd7-272c7bf6a457','0337bc53-1ad5-47a5-a7a9-da3057226464','rebound',2,'TeamD','TeamC');
insert into basketballrebounds(eventId,player) values ('1ac70b5e-026a-42a8-afd7-272c7bf6a457','Dapper');
insert into basketballgameevents(id,gameId,playType,period,teamFor,teamAgainst) values ('afc0f750-357b-4316-9760-7f142bbb4da6','0337bc53-1ad5-47a5-a7a9-da3057226464','steal',2,'TeamC','TeamD');
insert into basketballsteals(eventId,player) values ('afc0f750-357b-4316-9760-7f142bbb4da6','Camel');
insert into basketballgameevents(id,gameId,playType,period,teamFor,teamAgainst) values ('2adacfb9-ffae-45d7-b3c0-298301c2a1b8','0337bc53-1ad5-47a5-a7a9-da3057226464','block',2,'TeamC','TeamD');
insert into basketballblocks(eventId,player) values ('2adacfb9-ffae-45d7-b3c0-298301c2a1b8','Caleb');
insert into basketballgameevents(id,gameId,playType,period,teamFor,teamAgainst) values ('98cb9bc4-4863-4638-888e-6e5a146f5046','0337bc53-1ad5-47a5-a7a9-da3057226464','turnover',2,'TeamC','TeamD');
insert into basketballturnovers(eventId,player) values ('98cb9bc4-4863-4638-888e-6e5a146f5046','Cameron');
insert into basketballgameevents(id,gameId,playType,period,teamFor,teamAgainst) values ('85541606-a1c7-4d51-80a8-b21d2dccd8a1','0337bc53-1ad5-47a5-a7a9-da3057226464','block',2,'TeamC','TeamD');
insert into basketballblocks(eventId,player) values ('85541606-a1c7-4d51-80a8-b21d2dccd8a1','Caleb');
insert into basketballgameevents(id,gameId,playType,period,teamFor,teamAgainst) values ('8fe26d57-8b71-42fc-bf61-50b794b3a69c','0337bc53-1ad5-47a5-a7a9-da3057226464','turnover',2,'TeamD','TeamC');
insert into basketballturnovers(eventId,player) values ('8fe26d57-8b71-42fc-bf61-50b794b3a69c','Denver');
insert into basketballgameevents(id,gameId,playType,period,teamFor,teamAgainst) values ('6d528925-8e20-4867-a759-1b03b35dcdd0','0337bc53-1ad5-47a5-a7a9-da3057226464','turnover',2,'TeamC','TeamD');
insert into basketballturnovers(eventId,player) values ('6d528925-8e20-4867-a759-1b03b35dcdd0','Caleb');
insert into basketballgameevents(id,gameId,playType,period,teamFor,teamAgainst) values ('ad785d38-5888-4609-a837-b7efaf55521d','0337bc53-1ad5-47a5-a7a9-da3057226464','point',2,'TeamD','TeamC');
insert into basketballpoints(eventId,player,assist,result,point) values ('ad785d38-5888-4609-a837-b7efaf55521d', 'Doppler', 'Dickson', 'made', 1);
insert into basketballgameevents(id,gameId,playType,period,teamFor,teamAgainst) values ('1579810b-27fb-45c5-8374-5cd8007469c7','0337bc53-1ad5-47a5-a7a9-da3057226464','foul',2,'TeamC','TeamD');
insert into basketballfouls(eventId,player,reason) values ('1579810b-27fb-45c5-8374-5cd8007469c7','Cauchy','Pushing');
insert into basketballgameevents(id,gameId,playType,period,teamFor,teamAgainst) values ('7ff06332-4963-4838-b5aa-2336b29179ec','0337bc53-1ad5-47a5-a7a9-da3057226464','block',2,'TeamC','TeamD');
insert into basketballblocks(eventId,player) values ('7ff06332-4963-4838-b5aa-2336b29179ec','Caleb');
insert into basketballgameevents(id,gameId,playType,period,teamFor,teamAgainst) values ('25817816-28b6-46bf-90f8-009821266f7b','0337bc53-1ad5-47a5-a7a9-da3057226464','point',2,'TeamD','TeamC');
insert into basketballpoints(eventId,player,result,point) values ('25817816-28b6-46bf-90f8-009821266f7b','Doppler','miss',2);
insert into basketballgameevents(id,gameId,playType,period,teamFor,teamAgainst) values ('e5ecacaf-4637-4c1e-9fad-0c20ecb469d5','0337bc53-1ad5-47a5-a7a9-da3057226464','foul',2,'TeamC','TeamD');
insert into basketballfouls(eventId,player,reason) values ('e5ecacaf-4637-4c1e-9fad-0c20ecb469d5','Cauchy','Holding');
insert into basketballgameevents(id,gameId,playType,period,teamFor,teamAgainst) values ('128fdbe0-3ac8-48e8-b7a9-c70c55a7cb56','0337bc53-1ad5-47a5-a7a9-da3057226464','rebound',2,'TeamC','TeamD');
insert into basketballrebounds(eventId,player) values ('128fdbe0-3ac8-48e8-b7a9-c70c55a7cb56','Caleb');
insert into basketballgameevents(id,gameId,playType,period,teamFor,teamAgainst) values ('1d08f6a1-2376-4c02-b6b4-5d5917df7cdc','0337bc53-1ad5-47a5-a7a9-da3057226464','point',2,'TeamD','TeamC');
insert into basketballpoints(eventId,player,result,point) values ('1d08f6a1-2376-4c02-b6b4-5d5917df7cdc','Dapper','made',1);
insert into basketballgameevents(id,gameId,playType,period,teamFor,teamAgainst) values ('208d3631-342c-463d-81d9-aebab5e73773','0337bc53-1ad5-47a5-a7a9-da3057226464','block',2,'TeamD','TeamC');
insert into basketballblocks(eventId,player) values ('208d3631-342c-463d-81d9-aebab5e73773','Denver');
insert into basketballgameevents(id,gameId,playType,period,teamFor,teamAgainst) values ('92c1bd88-1c10-41ca-a609-bfa7625483fd','0337bc53-1ad5-47a5-a7a9-da3057226464','block',2,'TeamD','TeamC');
insert into basketballblocks(eventId,player) values ('92c1bd88-1c10-41ca-a609-bfa7625483fd','Daniel');
insert into basketballgameevents(id,gameId,playType,period,teamFor,teamAgainst) values ('aa7899a6-8e4f-4f90-a0ad-62d2918b70fa','0337bc53-1ad5-47a5-a7a9-da3057226464','rebound',2,'TeamD','TeamC');
insert into basketballrebounds(eventId,player) values ('aa7899a6-8e4f-4f90-a0ad-62d2918b70fa','Denver');
insert into basketballgameevents(id,gameId,playType,period,teamFor,teamAgainst) values ('c3d4c99c-8dfb-4b62-871c-299090ae7659','0337bc53-1ad5-47a5-a7a9-da3057226464','block',2,'TeamC','TeamD');
insert into basketballblocks(eventId,player) values ('c3d4c99c-8dfb-4b62-871c-299090ae7659','Cauchy');
insert into basketballgameevents(id,gameId,playType,period,teamFor,teamAgainst) values ('253d67b4-0896-406b-9157-b64eaa80e50f','0337bc53-1ad5-47a5-a7a9-da3057226464','point',2,'TeamC','TeamD');
insert into basketballpoints(eventId,player,result,point) values ('253d67b4-0896-406b-9157-b64eaa80e50f','Cody','made',1);
insert into basketballgameevents(id,gameId,playType,period,teamFor,teamAgainst) values ('19fc8978-6c99-4ab0-b08e-294efa8a8f0a','0337bc53-1ad5-47a5-a7a9-da3057226464','foul',2,'TeamD','TeamC');
insert into basketballfouls(eventId,player,reason) values ('19fc8978-6c99-4ab0-b08e-294efa8a8f0a','Dickson','Holding');
insert into basketballgameevents(id,gameId,playType,period,teamFor,teamAgainst) values ('3e687400-6144-4390-bb06-f4b0d245820d','0337bc53-1ad5-47a5-a7a9-da3057226464','steal',2,'TeamD','TeamC');
insert into basketballsteals(eventId,player) values ('3e687400-6144-4390-bb06-f4b0d245820d','Dickson');
insert into basketballgameevents(id,gameId,playType,period,teamFor,teamAgainst) values ('f2b00713-4927-4d5a-a0bd-ffa80df663b5','0337bc53-1ad5-47a5-a7a9-da3057226464','rebound',2,'TeamC','TeamD');
insert into basketballrebounds(eventId,player) values ('f2b00713-4927-4d5a-a0bd-ffa80df663b5','Camel');
insert into basketballgameevents(id,gameId,playType,period,teamFor,teamAgainst) values ('b8a47354-b521-46a3-a538-3e04f55b89b8','0337bc53-1ad5-47a5-a7a9-da3057226464','turnover',3,'TeamC','TeamD');
insert into basketballturnovers(eventId,player) values ('b8a47354-b521-46a3-a538-3e04f55b89b8','Cauchy');
insert into basketballgameevents(id,gameId,playType,period,teamFor,teamAgainst) values ('a9cbe375-5cc5-4794-820c-7104dfb831fe','0337bc53-1ad5-47a5-a7a9-da3057226464','foul',3,'TeamD','TeamC');
insert into basketballfouls(eventId,player,reason) values ('a9cbe375-5cc5-4794-820c-7104dfb831fe','Doppler','Pushing');
insert into basketballgameevents(id,gameId,playType,period,teamFor,teamAgainst) values ('4bf622d4-e4e9-4032-b6e2-702dbf8cc64c','0337bc53-1ad5-47a5-a7a9-da3057226464','point',3,'TeamD','TeamC');
insert into basketballpoints(eventId,player,result,point) values ('4bf622d4-e4e9-4032-b6e2-702dbf8cc64c','Dickson','miss',2);
insert into basketballgameevents(id,gameId,playType,period,teamFor,teamAgainst) values ('d7e2d499-c288-498b-af46-b12e90af3cda','0337bc53-1ad5-47a5-a7a9-da3057226464','steal',3,'TeamD','TeamC');
insert into basketballsteals(eventId,player) values ('d7e2d499-c288-498b-af46-b12e90af3cda','Daniel');
insert into basketballgameevents(id,gameId,playType,period,teamFor,teamAgainst) values ('20b11927-3fdd-44b8-82c3-78d602d2f324','0337bc53-1ad5-47a5-a7a9-da3057226464','point',3,'TeamD','TeamC');
insert into basketballpoints(eventId,player,assist,result,point) values ('20b11927-3fdd-44b8-82c3-78d602d2f324', 'Doppler', 'Dapper', 'made', 3);
insert into basketballgameevents(id,gameId,playType,period,teamFor,teamAgainst) values ('0a24a3f4-c9f2-4cce-9a99-f0ef8b790e2c','0337bc53-1ad5-47a5-a7a9-da3057226464','block',3,'TeamD','TeamC');
insert into basketballblocks(eventId,player) values ('0a24a3f4-c9f2-4cce-9a99-f0ef8b790e2c','Dapper');
insert into basketballgameevents(id,gameId,playType,period,teamFor,teamAgainst) values ('1592bc82-b2b1-4a88-919d-ee10af5534c0','0337bc53-1ad5-47a5-a7a9-da3057226464','foul',3,'TeamC','TeamD');
insert into basketballfouls(eventId,player,reason) values ('1592bc82-b2b1-4a88-919d-ee10af5534c0','Camel','Holding');
insert into basketballgameevents(id,gameId,playType,period,teamFor,teamAgainst) values ('9654671f-a4bf-408b-8894-1be49e3707d2','0337bc53-1ad5-47a5-a7a9-da3057226464','turnover',3,'TeamD','TeamC');
insert into basketballturnovers(eventId,player) values ('9654671f-a4bf-408b-8894-1be49e3707d2','Dickson');
insert into basketballgameevents(id,gameId,playType,period,teamFor,teamAgainst) values ('efc81598-e0db-47df-a682-2d6611edddce','0337bc53-1ad5-47a5-a7a9-da3057226464','steal',3,'TeamC','TeamD');
insert into basketballsteals(eventId,player) values ('efc81598-e0db-47df-a682-2d6611edddce','Cameron');
insert into basketballgameevents(id,gameId,playType,period,teamFor,teamAgainst) values ('6b4e7c39-c6cb-484e-b2db-89b030b71385','0337bc53-1ad5-47a5-a7a9-da3057226464','foul',3,'TeamD','TeamC');
insert into basketballfouls(eventId,player,reason) values ('6b4e7c39-c6cb-484e-b2db-89b030b71385','Dickson','Holding');
insert into basketballgameevents(id,gameId,playType,period,teamFor,teamAgainst) values ('47963a50-c8c7-4c6c-9994-183a83b33eb3','0337bc53-1ad5-47a5-a7a9-da3057226464','rebound',3,'TeamD','TeamC');
insert into basketballrebounds(eventId,player) values ('47963a50-c8c7-4c6c-9994-183a83b33eb3','Denver');
insert into basketballgameevents(id,gameId,playType,period,teamFor,teamAgainst) values ('dddb1a44-52af-42ed-9b3f-ec6991e6ec55','0337bc53-1ad5-47a5-a7a9-da3057226464','steal',3,'TeamD','TeamC');
insert into basketballsteals(eventId,player) values ('dddb1a44-52af-42ed-9b3f-ec6991e6ec55','Doppler');
insert into basketballgameevents(id,gameId,playType,period,teamFor,teamAgainst) values ('e1791229-202f-4f07-9b7c-36d72c409171','0337bc53-1ad5-47a5-a7a9-da3057226464','block',3,'TeamD','TeamC');
insert into basketballblocks(eventId,player) values ('e1791229-202f-4f07-9b7c-36d72c409171','Denver');
insert into basketballgameevents(id,gameId,playType,period,teamFor,teamAgainst) values ('b80f1ee6-4bde-4075-b975-8f98cec31cb3','0337bc53-1ad5-47a5-a7a9-da3057226464','rebound',3,'TeamC','TeamD');
insert into basketballrebounds(eventId,player) values ('b80f1ee6-4bde-4075-b975-8f98cec31cb3','Cody');
insert into basketballgameevents(id,gameId,playType,period,teamFor,teamAgainst) values ('a3b2ce66-b6e2-49f0-8de2-d0688686eb96','0337bc53-1ad5-47a5-a7a9-da3057226464','turnover',3,'TeamC','TeamD');
insert into basketballturnovers(eventId,player) values ('a3b2ce66-b6e2-49f0-8de2-d0688686eb96','Camel');
insert into basketballgameevents(id,gameId,playType,period,teamFor,teamAgainst) values ('9404525b-70a2-4011-984d-4dd56c3f8f14','0337bc53-1ad5-47a5-a7a9-da3057226464','steal',3,'TeamD','TeamC');
insert into basketballsteals(eventId,player) values ('9404525b-70a2-4011-984d-4dd56c3f8f14','Daniel');
insert into basketballgameevents(id,gameId,playType,period,teamFor,teamAgainst) values ('7121df69-88c4-42b9-8bb4-c36b8aad0197','0337bc53-1ad5-47a5-a7a9-da3057226464','point',3,'TeamC','TeamD');
insert into basketballpoints(eventId,player,result,point) values ('7121df69-88c4-42b9-8bb4-c36b8aad0197','Camel','miss',3);
insert into basketballgameevents(id,gameId,playType,period,teamFor,teamAgainst) values ('408f09d7-9573-439c-8ae6-dd8f4ee7bb26','0337bc53-1ad5-47a5-a7a9-da3057226464','block',3,'TeamD','TeamC');
insert into basketballblocks(eventId,player) values ('408f09d7-9573-439c-8ae6-dd8f4ee7bb26','Dickson');
insert into basketballgameevents(id,gameId,playType,period,teamFor,teamAgainst) values ('cb3ed072-85bc-4dea-8e23-b6a38a029333','0337bc53-1ad5-47a5-a7a9-da3057226464','foul',3,'TeamC','TeamD');
insert into basketballfouls(eventId,player,reason) values ('cb3ed072-85bc-4dea-8e23-b6a38a029333','Cameron','Holding');
insert into basketballgameevents(id,gameId,playType,period,teamFor,teamAgainst) values ('d64d0da2-70e2-45e3-8957-3f504b1c7f57','0337bc53-1ad5-47a5-a7a9-da3057226464','steal',3,'TeamC','TeamD');
insert into basketballsteals(eventId,player) values ('d64d0da2-70e2-45e3-8957-3f504b1c7f57','Caleb');
insert into basketballgameevents(id,gameId,playType,period,teamFor,teamAgainst) values ('298917bf-e5ae-4d0a-92b5-89be1f654b32','0337bc53-1ad5-47a5-a7a9-da3057226464','turnover',3,'TeamC','TeamD');
insert into basketballturnovers(eventId,player) values ('298917bf-e5ae-4d0a-92b5-89be1f654b32','Cody');
insert into basketballgameevents(id,gameId,playType,period,teamFor,teamAgainst) values ('ea0d0f13-e95c-44d6-9759-77a185ae14b1','0337bc53-1ad5-47a5-a7a9-da3057226464','rebound',3,'TeamC','TeamD');
insert into basketballrebounds(eventId,player) values ('ea0d0f13-e95c-44d6-9759-77a185ae14b1','Cauchy');
insert into basketballgameevents(id,gameId,playType,period,teamFor,teamAgainst) values ('bf45aa4b-a496-40f6-a2dc-412bb26d683e','0337bc53-1ad5-47a5-a7a9-da3057226464','steal',3,'TeamC','TeamD');
insert into basketballsteals(eventId,player) values ('bf45aa4b-a496-40f6-a2dc-412bb26d683e','Cody');
insert into basketballgameevents(id,gameId,playType,period,teamFor,teamAgainst) values ('1943c07c-af80-46a5-9805-b11909182672','0337bc53-1ad5-47a5-a7a9-da3057226464','turnover',3,'TeamC','TeamD');
insert into basketballturnovers(eventId,player) values ('1943c07c-af80-46a5-9805-b11909182672','Caleb');
insert into basketballgameevents(id,gameId,playType,period,teamFor,teamAgainst) values ('279bf441-6c96-4e09-84fd-ad7c039315d2','0337bc53-1ad5-47a5-a7a9-da3057226464','block',3,'TeamC','TeamD');
insert into basketballblocks(eventId,player) values ('279bf441-6c96-4e09-84fd-ad7c039315d2','Cameron');
insert into basketballgameevents(id,gameId,playType,period,teamFor,teamAgainst) values ('e2bb5d01-2da0-4ffa-be73-b7d0a7237246','0337bc53-1ad5-47a5-a7a9-da3057226464','rebound',3,'TeamD','TeamC');
insert into basketballrebounds(eventId,player) values ('e2bb5d01-2da0-4ffa-be73-b7d0a7237246','Dickson');
insert into basketballgameevents(id,gameId,playType,period,teamFor,teamAgainst) values ('edc92b7e-7ffa-4574-867c-1d1ccc98bbe0','0337bc53-1ad5-47a5-a7a9-da3057226464','turnover',3,'TeamC','TeamD');
insert into basketballturnovers(eventId,player) values ('edc92b7e-7ffa-4574-867c-1d1ccc98bbe0','Cameron');
insert into basketballgameevents(id,gameId,playType,period,teamFor,teamAgainst) values ('46d5c08b-d84e-49c1-b2ee-fd02a57601bc','0337bc53-1ad5-47a5-a7a9-da3057226464','steal',3,'TeamC','TeamD');
insert into basketballsteals(eventId,player) values ('46d5c08b-d84e-49c1-b2ee-fd02a57601bc','Cameron');
insert into basketballgameevents(id,gameId,playType,period,teamFor,teamAgainst) values ('3895c000-b45a-4785-83f2-da977788ef9e','0337bc53-1ad5-47a5-a7a9-da3057226464','rebound',3,'TeamC','TeamD');
insert into basketballrebounds(eventId,player) values ('3895c000-b45a-4785-83f2-da977788ef9e','Camel');
insert into basketballgameevents(id,gameId,playType,period,teamFor,teamAgainst) values ('a93b4729-ad52-4604-9806-e57cde92fa5e','0337bc53-1ad5-47a5-a7a9-da3057226464','steal',3,'TeamD','TeamC');
insert into basketballsteals(eventId,player) values ('a93b4729-ad52-4604-9806-e57cde92fa5e','Dapper');
insert into basketballgameevents(id,gameId,playType,period,teamFor,teamAgainst) values ('c3e273ef-cdda-4af8-a345-a7c3dab5c699','0337bc53-1ad5-47a5-a7a9-da3057226464','block',3,'TeamD','TeamC');
insert into basketballblocks(eventId,player) values ('c3e273ef-cdda-4af8-a345-a7c3dab5c699','Daniel');
insert into basketballgameevents(id,gameId,playType,period,teamFor,teamAgainst) values ('4f4212da-beb5-4d48-b318-b776873f7d86','0337bc53-1ad5-47a5-a7a9-da3057226464','rebound',3,'TeamD','TeamC');
insert into basketballrebounds(eventId,player) values ('4f4212da-beb5-4d48-b318-b776873f7d86','Dapper');
insert into basketballgameevents(id,gameId,playType,period,teamFor,teamAgainst) values ('0abe81ad-da57-47bb-8af6-6196303cbefa','0337bc53-1ad5-47a5-a7a9-da3057226464','block',3,'TeamC','TeamD');
insert into basketballblocks(eventId,player) values ('0abe81ad-da57-47bb-8af6-6196303cbefa','Caleb');
insert into basketballgameevents(id,gameId,playType,period,teamFor,teamAgainst) values ('805609d4-7cbd-4998-a80b-67ff59d02fb5','0337bc53-1ad5-47a5-a7a9-da3057226464','turnover',3,'TeamC','TeamD');
insert into basketballturnovers(eventId,player) values ('805609d4-7cbd-4998-a80b-67ff59d02fb5','Cody');
insert into basketballgameevents(id,gameId,playType,period,teamFor,teamAgainst) values ('0512f818-f46b-4489-99b1-8c7a903bc384','0337bc53-1ad5-47a5-a7a9-da3057226464','point',3,'TeamD','TeamC');
insert into basketballpoints(eventId,player,result,point) values ('0512f818-f46b-4489-99b1-8c7a903bc384','Denver','miss',3);
insert into basketballgameevents(id,gameId,playType,period,teamFor,teamAgainst) values ('2e48db8d-85dc-4bc3-a617-966621f6598b','0337bc53-1ad5-47a5-a7a9-da3057226464','rebound',3,'TeamD','TeamC');
insert into basketballrebounds(eventId,player) values ('2e48db8d-85dc-4bc3-a617-966621f6598b','Denver');
insert into basketballgameevents(id,gameId,playType,period,teamFor,teamAgainst) values ('3e1a6de0-08ae-430c-8076-c8e23153c42b','0337bc53-1ad5-47a5-a7a9-da3057226464','point',3,'TeamC','TeamD');
insert into basketballpoints(eventId,player,result,point) values ('3e1a6de0-08ae-430c-8076-c8e23153c42b','Cameron','made',3);
insert into basketballgameevents(id,gameId,playType,period,teamFor,teamAgainst) values ('e3e04f4d-6649-42a8-9eba-f135252d78fb','0337bc53-1ad5-47a5-a7a9-da3057226464','rebound',3,'TeamD','TeamC');
insert into basketballrebounds(eventId,player) values ('e3e04f4d-6649-42a8-9eba-f135252d78fb','Doppler');
insert into basketballgameevents(id,gameId,playType,period,teamFor,teamAgainst) values ('70632791-6b47-4813-9fd6-ba5c787c1288','0337bc53-1ad5-47a5-a7a9-da3057226464','steal',3,'TeamC','TeamD');
insert into basketballsteals(eventId,player) values ('70632791-6b47-4813-9fd6-ba5c787c1288','Cody');
insert into basketballgameevents(id,gameId,playType,period,teamFor,teamAgainst) values ('c87b7876-d6bf-45d4-8072-4b036c0090a4','0337bc53-1ad5-47a5-a7a9-da3057226464','foul',3,'TeamD','TeamC');
insert into basketballfouls(eventId,player,reason) values ('c87b7876-d6bf-45d4-8072-4b036c0090a4','Dickson','Holding');
insert into basketballgameevents(id,gameId,playType,period,teamFor,teamAgainst) values ('c4d827df-fcca-40a8-b99c-151fc156f503','0337bc53-1ad5-47a5-a7a9-da3057226464','point',3,'TeamD','TeamC');
insert into basketballpoints(eventId,player,result,point) values ('c4d827df-fcca-40a8-b99c-151fc156f503','Dickson','made',3);
insert into basketballgameevents(id,gameId,playType,period,teamFor,teamAgainst) values ('09004e9d-251a-43b6-9c5a-3ddd49a23f64','0337bc53-1ad5-47a5-a7a9-da3057226464','foul',3,'TeamD','TeamC');
insert into basketballfouls(eventId,player,reason) values ('09004e9d-251a-43b6-9c5a-3ddd49a23f64','Doppler','Pushing');
insert into basketballgameevents(id,gameId,playType,period,teamFor,teamAgainst) values ('329899e4-7519-44ae-b8d4-c4d8deb45560','0337bc53-1ad5-47a5-a7a9-da3057226464','turnover',3,'TeamD','TeamC');
insert into basketballturnovers(eventId,player) values ('329899e4-7519-44ae-b8d4-c4d8deb45560','Dickson');
insert into basketballgameevents(id,gameId,playType,period,teamFor,teamAgainst) values ('7b623252-e797-48c4-9d02-5a9714c19412','0337bc53-1ad5-47a5-a7a9-da3057226464','turnover',3,'TeamD','TeamC');
insert into basketballturnovers(eventId,player) values ('7b623252-e797-48c4-9d02-5a9714c19412','Dapper');
insert into basketballgameevents(id,gameId,playType,period,teamFor,teamAgainst) values ('3ed5e887-b479-4a7e-88da-db3284c98f4a','0337bc53-1ad5-47a5-a7a9-da3057226464','steal',3,'TeamC','TeamD');
insert into basketballsteals(eventId,player) values ('3ed5e887-b479-4a7e-88da-db3284c98f4a','Cameron');
insert into basketballgameevents(id,gameId,playType,period,teamFor,teamAgainst) values ('6788cf41-252f-4317-ac9a-614e4c3b7cbc','0337bc53-1ad5-47a5-a7a9-da3057226464','block',3,'TeamD','TeamC');
insert into basketballblocks(eventId,player) values ('6788cf41-252f-4317-ac9a-614e4c3b7cbc','Denver');
insert into basketballgameevents(id,gameId,playType,period,teamFor,teamAgainst) values ('f407b136-c5a9-4156-875b-aeb614f78b3f','0337bc53-1ad5-47a5-a7a9-da3057226464','point',3,'TeamC','TeamD');
insert into basketballpoints(eventId,player,result,point) values ('f407b136-c5a9-4156-875b-aeb614f78b3f','Cauchy','miss',1);
insert into basketballgameevents(id,gameId,playType,period,teamFor,teamAgainst) values ('9e438d49-a527-436b-98df-dcda91f78efc','0337bc53-1ad5-47a5-a7a9-da3057226464','point',3,'TeamD','TeamC');
insert into basketballpoints(eventId,player,result,point) values ('9e438d49-a527-436b-98df-dcda91f78efc','Denver','made',1);
insert into basketballgameevents(id,gameId,playType,period,teamFor,teamAgainst) values ('d87ae6ae-9b3d-46e6-a9c8-72f26ab6ef6d','0337bc53-1ad5-47a5-a7a9-da3057226464','steal',3,'TeamC','TeamD');
insert into basketballsteals(eventId,player) values ('d87ae6ae-9b3d-46e6-a9c8-72f26ab6ef6d','Cameron');
insert into basketballgameevents(id,gameId,playType,period,teamFor,teamAgainst) values ('3547b40a-3eef-47b6-b64d-334d17b1a921','0337bc53-1ad5-47a5-a7a9-da3057226464','steal',3,'TeamC','TeamD');
insert into basketballsteals(eventId,player) values ('3547b40a-3eef-47b6-b64d-334d17b1a921','Camel');
insert into basketballgameevents(id,gameId,playType,period,teamFor,teamAgainst) values ('8d621151-1c11-41df-8db2-189d78b28be1','0337bc53-1ad5-47a5-a7a9-da3057226464','steal',3,'TeamD','TeamC');
insert into basketballsteals(eventId,player) values ('8d621151-1c11-41df-8db2-189d78b28be1','Daniel');
insert into basketballgameevents(id,gameId,playType,period,teamFor,teamAgainst) values ('1ee76a1b-a73b-4467-bf8e-bde3bf91d628','0337bc53-1ad5-47a5-a7a9-da3057226464','foul',3,'TeamD','TeamC');
insert into basketballfouls(eventId,player,reason) values ('1ee76a1b-a73b-4467-bf8e-bde3bf91d628','Dickson','Pushing');
insert into basketballgameevents(id,gameId,playType,period,teamFor,teamAgainst) values ('fc7cbee1-a281-49ba-a438-0ad7074d3860','0337bc53-1ad5-47a5-a7a9-da3057226464','turnover',3,'TeamC','TeamD');
insert into basketballturnovers(eventId,player) values ('fc7cbee1-a281-49ba-a438-0ad7074d3860','Cauchy');
insert into basketballgameevents(id,gameId,playType,period,teamFor,teamAgainst) values ('807616fc-2eaf-4c07-976d-7c4425a7fbc5','0337bc53-1ad5-47a5-a7a9-da3057226464','foul',3,'TeamC','TeamD');
insert into basketballfouls(eventId,player,reason) values ('807616fc-2eaf-4c07-976d-7c4425a7fbc5','Cody','Pushing');
insert into basketballgameevents(id,gameId,playType,period,teamFor,teamAgainst) values ('a2737113-965e-40c5-8122-17d20f56542c','0337bc53-1ad5-47a5-a7a9-da3057226464','foul',3,'TeamC','TeamD');
insert into basketballfouls(eventId,player,reason) values ('a2737113-965e-40c5-8122-17d20f56542c','Caleb','Pushing');
insert into basketballgameevents(id,gameId,playType,period,teamFor,teamAgainst) values ('94b2aa6c-8499-4e96-baed-c33d198af7a7','0337bc53-1ad5-47a5-a7a9-da3057226464','point',3,'TeamC','TeamD');
insert into basketballpoints(eventId,player,result,point) values ('94b2aa6c-8499-4e96-baed-c33d198af7a7','Caleb','made',1);
insert into basketballgameevents(id,gameId,playType,period,teamFor,teamAgainst) values ('7fa57889-1e2d-4296-88e6-53cc8bf5b586','0337bc53-1ad5-47a5-a7a9-da3057226464','steal',3,'TeamC','TeamD');
insert into basketballsteals(eventId,player) values ('7fa57889-1e2d-4296-88e6-53cc8bf5b586','Caleb');
insert into basketballgameevents(id,gameId,playType,period,teamFor,teamAgainst) values ('44d1aa5b-e1b2-435c-b67b-3f46e62d92fb','0337bc53-1ad5-47a5-a7a9-da3057226464','turnover',3,'TeamD','TeamC');
insert into basketballturnovers(eventId,player) values ('44d1aa5b-e1b2-435c-b67b-3f46e62d92fb','Dickson');
insert into basketballgameevents(id,gameId,playType,period,teamFor,teamAgainst) values ('62272e8e-331f-4ec6-8a8d-3ba905a579e2','0337bc53-1ad5-47a5-a7a9-da3057226464','turnover',3,'TeamC','TeamD');
insert into basketballturnovers(eventId,player) values ('62272e8e-331f-4ec6-8a8d-3ba905a579e2','Camel');
insert into basketballgameevents(id,gameId,playType,period,teamFor,teamAgainst) values ('6d2d1198-205e-4ba1-b6f1-6ca1e18e3b5d','0337bc53-1ad5-47a5-a7a9-da3057226464','steal',3,'TeamD','TeamC');
insert into basketballsteals(eventId,player) values ('6d2d1198-205e-4ba1-b6f1-6ca1e18e3b5d','Dickson');
insert into basketballgameevents(id,gameId,playType,period,teamFor,teamAgainst) values ('d8a86a80-84da-4682-baf5-007d3413e08e','0337bc53-1ad5-47a5-a7a9-da3057226464','rebound',3,'TeamC','TeamD');
insert into basketballrebounds(eventId,player) values ('d8a86a80-84da-4682-baf5-007d3413e08e','Caleb');
insert into basketballgameevents(id,gameId,playType,period,teamFor,teamAgainst) values ('61a9c473-821f-4989-a0f8-f86256246c57','0337bc53-1ad5-47a5-a7a9-da3057226464','foul',3,'TeamC','TeamD');
insert into basketballfouls(eventId,player,reason) values ('61a9c473-821f-4989-a0f8-f86256246c57','Cody','Holding');
insert into basketballgameevents(id,gameId,playType,period,teamFor,teamAgainst) values ('375bedba-f59b-4d9f-a8c0-9a593b8cce35','0337bc53-1ad5-47a5-a7a9-da3057226464','point',3,'TeamC','TeamD');
insert into basketballpoints(eventId,player,assist,result,point) values ('375bedba-f59b-4d9f-a8c0-9a593b8cce35', 'Camel', 'Cody', 'made', 3);
insert into basketballgameevents(id,gameId,playType,period,teamFor,teamAgainst) values ('c819b32f-a3a4-4fa6-8660-292ef6e80d46','0337bc53-1ad5-47a5-a7a9-da3057226464','rebound',3,'TeamC','TeamD');
insert into basketballrebounds(eventId,player) values ('c819b32f-a3a4-4fa6-8660-292ef6e80d46','Cody');
insert into basketballgameevents(id,gameId,playType,period,teamFor,teamAgainst) values ('f914da46-2626-4a4f-993e-0d9b07121ef3','0337bc53-1ad5-47a5-a7a9-da3057226464','point',3,'TeamD','TeamC');
insert into basketballpoints(eventId,player,result,point) values ('f914da46-2626-4a4f-993e-0d9b07121ef3','Dickson','miss',3);
insert into basketballgameevents(id,gameId,playType,period,teamFor,teamAgainst) values ('0c8e7274-9ee2-4b40-be81-bf69328aea69','0337bc53-1ad5-47a5-a7a9-da3057226464','rebound',3,'TeamD','TeamC');
insert into basketballrebounds(eventId,player) values ('0c8e7274-9ee2-4b40-be81-bf69328aea69','Dapper');
insert into basketballgameevents(id,gameId,playType,period,teamFor,teamAgainst) values ('309fe05d-05c0-4115-addc-fdc2cc845089','0337bc53-1ad5-47a5-a7a9-da3057226464','foul',3,'TeamD','TeamC');
insert into basketballfouls(eventId,player,reason) values ('309fe05d-05c0-4115-addc-fdc2cc845089','Dickson','Holding');
insert into basketballgameevents(id,gameId,playType,period,teamFor,teamAgainst) values ('d3657dae-1cf6-4d68-82df-85c340aa019f','0337bc53-1ad5-47a5-a7a9-da3057226464','rebound',3,'TeamC','TeamD');
insert into basketballrebounds(eventId,player) values ('d3657dae-1cf6-4d68-82df-85c340aa019f','Cody');
insert into basketballgameevents(id,gameId,playType,period,teamFor,teamAgainst) values ('883ed3c7-0529-4949-990d-b18f88b94159','0337bc53-1ad5-47a5-a7a9-da3057226464','rebound',3,'TeamC','TeamD');
insert into basketballrebounds(eventId,player) values ('883ed3c7-0529-4949-990d-b18f88b94159','Caleb');
insert into basketballgameevents(id,gameId,playType,period,teamFor,teamAgainst) values ('05ade003-231d-4d85-b2be-814da2d7410e','0337bc53-1ad5-47a5-a7a9-da3057226464','steal',3,'TeamD','TeamC');
insert into basketballsteals(eventId,player) values ('05ade003-231d-4d85-b2be-814da2d7410e','Daniel');
insert into basketballgameevents(id,gameId,playType,period,teamFor,teamAgainst) values ('2bcb912c-992f-4f58-9fb5-ca055b9d4a53','0337bc53-1ad5-47a5-a7a9-da3057226464','point',3,'TeamD','TeamC');
insert into basketballpoints(eventId,player,assist,result,point) values ('2bcb912c-992f-4f58-9fb5-ca055b9d4a53', 'Dickson', 'Denver', 'made', 3);
insert into basketballgameevents(id,gameId,playType,period,teamFor,teamAgainst) values ('00dab08d-233d-43ad-8c77-7072392c82e3','0337bc53-1ad5-47a5-a7a9-da3057226464','foul',3,'TeamD','TeamC');
insert into basketballfouls(eventId,player,reason) values ('00dab08d-233d-43ad-8c77-7072392c82e3','Dapper','Holding');
insert into basketballgameevents(id,gameId,playType,period,teamFor,teamAgainst) values ('7080c566-587b-4485-98ce-7184457eaec4','0337bc53-1ad5-47a5-a7a9-da3057226464','block',3,'TeamD','TeamC');
insert into basketballblocks(eventId,player) values ('7080c566-587b-4485-98ce-7184457eaec4','Denver');
insert into basketballgameevents(id,gameId,playType,period,teamFor,teamAgainst) values ('8e18af95-0250-4bc3-995d-79ef8597f4a5','0337bc53-1ad5-47a5-a7a9-da3057226464','block',3,'TeamC','TeamD');
insert into basketballblocks(eventId,player) values ('8e18af95-0250-4bc3-995d-79ef8597f4a5','Cody');
insert into basketballgameevents(id,gameId,playType,period,teamFor,teamAgainst) values ('62e1e93f-19e4-4429-bbf8-818a808c1aeb','0337bc53-1ad5-47a5-a7a9-da3057226464','rebound',3,'TeamC','TeamD');
insert into basketballrebounds(eventId,player) values ('62e1e93f-19e4-4429-bbf8-818a808c1aeb','Caleb');
insert into basketballgameevents(id,gameId,playType,period,teamFor,teamAgainst) values ('4454bcbd-96d2-4b82-b9fe-9668e6810799','0337bc53-1ad5-47a5-a7a9-da3057226464','point',3,'TeamC','TeamD');
insert into basketballpoints(eventId,player,assist,result,point) values ('4454bcbd-96d2-4b82-b9fe-9668e6810799', 'Cauchy', 'Caleb', 'made', 1);
insert into basketballgameevents(id,gameId,playType,period,teamFor,teamAgainst) values ('e4d9c9b8-4208-4ce0-8c1d-f5e2fa40c6fc','0337bc53-1ad5-47a5-a7a9-da3057226464','rebound',3,'TeamC','TeamD');
insert into basketballrebounds(eventId,player) values ('e4d9c9b8-4208-4ce0-8c1d-f5e2fa40c6fc','Cody');
insert into basketballgameevents(id,gameId,playType,period,teamFor,teamAgainst) values ('017e45d4-09bd-4190-b0b9-771c511dc118','0337bc53-1ad5-47a5-a7a9-da3057226464','steal',3,'TeamD','TeamC');
insert into basketballsteals(eventId,player) values ('017e45d4-09bd-4190-b0b9-771c511dc118','Denver');
insert into basketballgameevents(id,gameId,playType,period,teamFor,teamAgainst) values ('36eddce8-7016-465c-9a3a-ee800edcd8ed','0337bc53-1ad5-47a5-a7a9-da3057226464','rebound',3,'TeamC','TeamD');
insert into basketballrebounds(eventId,player) values ('36eddce8-7016-465c-9a3a-ee800edcd8ed','Cody');
insert into basketballgameevents(id,gameId,playType,period,teamFor,teamAgainst) values ('6f36c81d-aa72-494c-bd0c-fc73414f2f42','0337bc53-1ad5-47a5-a7a9-da3057226464','rebound',3,'TeamD','TeamC');
insert into basketballrebounds(eventId,player) values ('6f36c81d-aa72-494c-bd0c-fc73414f2f42','Denver');
insert into basketballgameevents(id,gameId,playType,period,teamFor,teamAgainst) values ('85d69565-24bc-4900-8ef6-f1703991e4b5','0337bc53-1ad5-47a5-a7a9-da3057226464','foul',3,'TeamD','TeamC');
insert into basketballfouls(eventId,player,reason) values ('85d69565-24bc-4900-8ef6-f1703991e4b5','Doppler','Pushing');
insert into basketballgameevents(id,gameId,playType,period,teamFor,teamAgainst) values ('f55c3ffb-0cd1-47aa-8531-acc379076c52','0337bc53-1ad5-47a5-a7a9-da3057226464','point',3,'TeamD','TeamC');
insert into basketballpoints(eventId,player,assist,result,point) values ('f55c3ffb-0cd1-47aa-8531-acc379076c52', 'Denver', 'Dickson', 'made', 3);
insert into basketballgameevents(id,gameId,playType,period,teamFor,teamAgainst) values ('4a411fd3-236f-4992-bd87-8f256759ca9b','0337bc53-1ad5-47a5-a7a9-da3057226464','steal',3,'TeamD','TeamC');
insert into basketballsteals(eventId,player) values ('4a411fd3-236f-4992-bd87-8f256759ca9b','Dickson');
insert into basketballgameevents(id,gameId,playType,period,teamFor,teamAgainst) values ('4314945a-4fe3-4a37-9d6b-0452bbf3882a','0337bc53-1ad5-47a5-a7a9-da3057226464','rebound',3,'TeamD','TeamC');
insert into basketballrebounds(eventId,player) values ('4314945a-4fe3-4a37-9d6b-0452bbf3882a','Daniel');
insert into basketballgameevents(id,gameId,playType,period,teamFor,teamAgainst) values ('77e19048-fea4-4459-9d81-a7bc32de44d2','0337bc53-1ad5-47a5-a7a9-da3057226464','rebound',3,'TeamC','TeamD');
insert into basketballrebounds(eventId,player) values ('77e19048-fea4-4459-9d81-a7bc32de44d2','Caleb');
insert into basketballgameevents(id,gameId,playType,period,teamFor,teamAgainst) values ('d1d2b0de-a538-4451-8e6a-6217daf2a3d0','0337bc53-1ad5-47a5-a7a9-da3057226464','rebound',3,'TeamD','TeamC');
insert into basketballrebounds(eventId,player) values ('d1d2b0de-a538-4451-8e6a-6217daf2a3d0','Denver');
insert into basketballgameevents(id,gameId,playType,period,teamFor,teamAgainst) values ('7a31eba0-d062-4e63-a49a-98c534546192','0337bc53-1ad5-47a5-a7a9-da3057226464','block',3,'TeamC','TeamD');
insert into basketballblocks(eventId,player) values ('7a31eba0-d062-4e63-a49a-98c534546192','Caleb');
insert into basketballgameevents(id,gameId,playType,period,teamFor,teamAgainst) values ('209e4bd9-1a12-43dd-b563-59587a6ee089','0337bc53-1ad5-47a5-a7a9-da3057226464','turnover',3,'TeamD','TeamC');
insert into basketballturnovers(eventId,player) values ('209e4bd9-1a12-43dd-b563-59587a6ee089','Dapper');
insert into basketballgameevents(id,gameId,playType,period,teamFor,teamAgainst) values ('fe85dbb2-e4f4-48e4-836b-b3c5618367bc','0337bc53-1ad5-47a5-a7a9-da3057226464','foul',3,'TeamD','TeamC');
insert into basketballfouls(eventId,player,reason) values ('fe85dbb2-e4f4-48e4-836b-b3c5618367bc','Dickson','Pushing');
insert into basketballgameevents(id,gameId,playType,period,teamFor,teamAgainst) values ('50295f79-4589-48c2-81b4-ed6c9bec7e21','0337bc53-1ad5-47a5-a7a9-da3057226464','foul',3,'TeamC','TeamD');
insert into basketballfouls(eventId,player,reason) values ('50295f79-4589-48c2-81b4-ed6c9bec7e21','Cameron','Holding');
insert into basketballgameevents(id,gameId,playType,period,teamFor,teamAgainst) values ('d8cd9623-32d1-45df-b1f4-b8ff309a608d','0337bc53-1ad5-47a5-a7a9-da3057226464','point',3,'TeamC','TeamD');
insert into basketballpoints(eventId,player,result,point) values ('d8cd9623-32d1-45df-b1f4-b8ff309a608d','Camel','miss',2);
insert into basketballgameevents(id,gameId,playType,period,teamFor,teamAgainst) values ('f70775e8-dd1e-4a45-b23a-88eaa4cc303a','0337bc53-1ad5-47a5-a7a9-da3057226464','point',3,'TeamD','TeamC');
insert into basketballpoints(eventId,player,result,point) values ('f70775e8-dd1e-4a45-b23a-88eaa4cc303a','Dapper','made',3);
insert into basketballgameevents(id,gameId,playType,period,teamFor,teamAgainst) values ('4594bdcd-7c68-4387-8f24-35614924cbb4','0337bc53-1ad5-47a5-a7a9-da3057226464','point',3,'TeamD','TeamC');
insert into basketballpoints(eventId,player,result,point) values ('4594bdcd-7c68-4387-8f24-35614924cbb4','Dickson','miss',3);
insert into basketballgameevents(id,gameId,playType,period,teamFor,teamAgainst) values ('1c4edde0-db3d-4a93-b4c5-0081a2ec9392','0337bc53-1ad5-47a5-a7a9-da3057226464','block',3,'TeamD','TeamC');
insert into basketballblocks(eventId,player) values ('1c4edde0-db3d-4a93-b4c5-0081a2ec9392','Dickson');
insert into basketballgameevents(id,gameId,playType,period,teamFor,teamAgainst) values ('2f8c6040-6bd8-49ee-90d2-b4db0f841e66','0337bc53-1ad5-47a5-a7a9-da3057226464','steal',3,'TeamC','TeamD');
insert into basketballsteals(eventId,player) values ('2f8c6040-6bd8-49ee-90d2-b4db0f841e66','Cauchy');
insert into basketballgameevents(id,gameId,playType,period,teamFor,teamAgainst) values ('3f3250c2-1cd1-461c-94e8-5c4f0c7475ab','0337bc53-1ad5-47a5-a7a9-da3057226464','steal',3,'TeamC','TeamD');
insert into basketballsteals(eventId,player) values ('3f3250c2-1cd1-461c-94e8-5c4f0c7475ab','Cameron');
insert into basketballgameevents(id,gameId,playType,period,teamFor,teamAgainst) values ('7467453c-ff94-4bad-bba9-3a755d7cb498','0337bc53-1ad5-47a5-a7a9-da3057226464','foul',3,'TeamD','TeamC');
insert into basketballfouls(eventId,player,reason) values ('7467453c-ff94-4bad-bba9-3a755d7cb498','Dapper','Holding');
insert into basketballgameevents(id,gameId,playType,period,teamFor,teamAgainst) values ('1d71a0b8-46f1-42a3-aed9-da684910b0ef','0337bc53-1ad5-47a5-a7a9-da3057226464','turnover',3,'TeamD','TeamC');
insert into basketballturnovers(eventId,player) values ('1d71a0b8-46f1-42a3-aed9-da684910b0ef','Doppler');
insert into basketballgameevents(id,gameId,playType,period,teamFor,teamAgainst) values ('bedccfa6-f5e2-4af8-91f6-f457f4ec79ab','0337bc53-1ad5-47a5-a7a9-da3057226464','point',3,'TeamC','TeamD');
insert into basketballpoints(eventId,player,result,point) values ('bedccfa6-f5e2-4af8-91f6-f457f4ec79ab','Camel','made',1);
insert into basketballgameevents(id,gameId,playType,period,teamFor,teamAgainst) values ('19add7d3-5ce6-4802-bd9f-9b8983a111d1','0337bc53-1ad5-47a5-a7a9-da3057226464','foul',3,'TeamD','TeamC');
insert into basketballfouls(eventId,player,reason) values ('19add7d3-5ce6-4802-bd9f-9b8983a111d1','Denver','Pushing');
insert into basketballgameevents(id,gameId,playType,period,teamFor,teamAgainst) values ('5bb27b2b-1212-463d-93a0-33d0fe741364','0337bc53-1ad5-47a5-a7a9-da3057226464','block',4,'TeamD','TeamC');
insert into basketballblocks(eventId,player) values ('5bb27b2b-1212-463d-93a0-33d0fe741364','Denver');
insert into basketballgameevents(id,gameId,playType,period,teamFor,teamAgainst) values ('6bff5f77-54da-4a10-947b-661bf22940af','0337bc53-1ad5-47a5-a7a9-da3057226464','block',4,'TeamC','TeamD');
insert into basketballblocks(eventId,player) values ('6bff5f77-54da-4a10-947b-661bf22940af','Cauchy');
insert into basketballgameevents(id,gameId,playType,period,teamFor,teamAgainst) values ('72113056-4870-4c36-905b-022752c57014','0337bc53-1ad5-47a5-a7a9-da3057226464','foul',4,'TeamC','TeamD');
insert into basketballfouls(eventId,player,reason) values ('72113056-4870-4c36-905b-022752c57014','Cody','Pushing');
insert into basketballgameevents(id,gameId,playType,period,teamFor,teamAgainst) values ('26689156-2203-494c-a703-4713c9b2eb43','0337bc53-1ad5-47a5-a7a9-da3057226464','block',4,'TeamC','TeamD');
insert into basketballblocks(eventId,player) values ('26689156-2203-494c-a703-4713c9b2eb43','Cameron');
insert into basketballgameevents(id,gameId,playType,period,teamFor,teamAgainst) values ('493d1978-54e2-4703-98eb-0f1a5fd07b76','0337bc53-1ad5-47a5-a7a9-da3057226464','point',4,'TeamD','TeamC');
insert into basketballpoints(eventId,player,result,point) values ('493d1978-54e2-4703-98eb-0f1a5fd07b76','Daniel','miss',1);
insert into basketballgameevents(id,gameId,playType,period,teamFor,teamAgainst) values ('8f1dddd5-d030-49f8-8e74-97f4e3d0af7b','0337bc53-1ad5-47a5-a7a9-da3057226464','turnover',4,'TeamC','TeamD');
insert into basketballturnovers(eventId,player) values ('8f1dddd5-d030-49f8-8e74-97f4e3d0af7b','Cauchy');
insert into basketballgameevents(id,gameId,playType,period,teamFor,teamAgainst) values ('59ccdc9b-be6c-45c0-8fe7-d5b47da08b56','0337bc53-1ad5-47a5-a7a9-da3057226464','foul',4,'TeamC','TeamD');
insert into basketballfouls(eventId,player,reason) values ('59ccdc9b-be6c-45c0-8fe7-d5b47da08b56','Camel','Holding');
insert into basketballgameevents(id,gameId,playType,period,teamFor,teamAgainst) values ('5ce01e49-6312-4604-9915-fffb059c1694','0337bc53-1ad5-47a5-a7a9-da3057226464','rebound',4,'TeamC','TeamD');
insert into basketballrebounds(eventId,player) values ('5ce01e49-6312-4604-9915-fffb059c1694','Caleb');
insert into basketballgameevents(id,gameId,playType,period,teamFor,teamAgainst) values ('12fb5623-b722-42be-9b00-231824bc1c72','0337bc53-1ad5-47a5-a7a9-da3057226464','point',4,'TeamC','TeamD');
insert into basketballpoints(eventId,player,assist,result,point) values ('12fb5623-b722-42be-9b00-231824bc1c72', 'Cauchy', 'Cody', 'made', 1);
insert into basketballgameevents(id,gameId,playType,period,teamFor,teamAgainst) values ('f0ccfc43-6e15-496a-9abd-79ef4807b17a','0337bc53-1ad5-47a5-a7a9-da3057226464','turnover',4,'TeamC','TeamD');
insert into basketballturnovers(eventId,player) values ('f0ccfc43-6e15-496a-9abd-79ef4807b17a','Cameron');
insert into basketballgameevents(id,gameId,playType,period,teamFor,teamAgainst) values ('5897389c-5460-465c-9dc8-a648840cc759','0337bc53-1ad5-47a5-a7a9-da3057226464','foul',4,'TeamD','TeamC');
insert into basketballfouls(eventId,player,reason) values ('5897389c-5460-465c-9dc8-a648840cc759','Daniel','Pushing');
insert into basketballgameevents(id,gameId,playType,period,teamFor,teamAgainst) values ('c8baf6ad-b615-4b4d-8cbc-5f842da9bce6','0337bc53-1ad5-47a5-a7a9-da3057226464','steal',4,'TeamD','TeamC');
insert into basketballsteals(eventId,player) values ('c8baf6ad-b615-4b4d-8cbc-5f842da9bce6','Doppler');
insert into basketballgameevents(id,gameId,playType,period,teamFor,teamAgainst) values ('4b2e7c1b-be57-4c76-bdec-f8f276070964','0337bc53-1ad5-47a5-a7a9-da3057226464','point',4,'TeamD','TeamC');
insert into basketballpoints(eventId,player,assist,result,point) values ('4b2e7c1b-be57-4c76-bdec-f8f276070964', 'Dapper', 'Daniel', 'made', 1);
insert into basketballgameevents(id,gameId,playType,period,teamFor,teamAgainst) values ('ade5113d-6446-4e5e-9601-9943270f345e','0337bc53-1ad5-47a5-a7a9-da3057226464','rebound',4,'TeamD','TeamC');
insert into basketballrebounds(eventId,player) values ('ade5113d-6446-4e5e-9601-9943270f345e','Dapper');
insert into basketballgameevents(id,gameId,playType,period,teamFor,teamAgainst) values ('e4fff987-73c7-4b50-a445-31e5ffdaa2cb','0337bc53-1ad5-47a5-a7a9-da3057226464','foul',4,'TeamD','TeamC');
insert into basketballfouls(eventId,player,reason) values ('e4fff987-73c7-4b50-a445-31e5ffdaa2cb','Doppler','Pushing');
insert into basketballgameevents(id,gameId,playType,period,teamFor,teamAgainst) values ('01ff3140-53c6-4e36-8740-129c15681016','0337bc53-1ad5-47a5-a7a9-da3057226464','block',4,'TeamD','TeamC');
insert into basketballblocks(eventId,player) values ('01ff3140-53c6-4e36-8740-129c15681016','Dickson');
insert into basketballgameevents(id,gameId,playType,period,teamFor,teamAgainst) values ('768bfd15-5758-4a93-90e2-44e4fb6e6f02','0337bc53-1ad5-47a5-a7a9-da3057226464','point',4,'TeamC','TeamD');
insert into basketballpoints(eventId,player,result,point) values ('768bfd15-5758-4a93-90e2-44e4fb6e6f02','Cody','miss',1);
insert into basketballgameevents(id,gameId,playType,period,teamFor,teamAgainst) values ('7b02d9f7-317b-4689-ba52-fce4b40a8b24','0337bc53-1ad5-47a5-a7a9-da3057226464','foul',4,'TeamC','TeamD');
insert into basketballfouls(eventId,player,reason) values ('7b02d9f7-317b-4689-ba52-fce4b40a8b24','Cauchy','Holding');
insert into basketballgameevents(id,gameId,playType,period,teamFor,teamAgainst) values ('bd0c2f70-0c92-4414-9b00-5168a23fc4a1','0337bc53-1ad5-47a5-a7a9-da3057226464','block',4,'TeamD','TeamC');
insert into basketballblocks(eventId,player) values ('bd0c2f70-0c92-4414-9b00-5168a23fc4a1','Daniel');
insert into basketballgameevents(id,gameId,playType,period,teamFor,teamAgainst) values ('70e259b4-f484-4332-ae25-b65809545eda','0337bc53-1ad5-47a5-a7a9-da3057226464','foul',4,'TeamC','TeamD');
insert into basketballfouls(eventId,player,reason) values ('70e259b4-f484-4332-ae25-b65809545eda','Cauchy','Holding');
insert into basketballgameevents(id,gameId,playType,period,teamFor,teamAgainst) values ('519ce1df-c6bd-44ba-ac0e-d58855fa9fff','0337bc53-1ad5-47a5-a7a9-da3057226464','point',4,'TeamD','TeamC');
insert into basketballpoints(eventId,player,result,point) values ('519ce1df-c6bd-44ba-ac0e-d58855fa9fff','Dapper','miss',3);
insert into basketballgameevents(id,gameId,playType,period,teamFor,teamAgainst) values ('bb2dca82-c5b0-48ff-a69e-8fa957d9f681','0337bc53-1ad5-47a5-a7a9-da3057226464','foul',4,'TeamC','TeamD');
insert into basketballfouls(eventId,player,reason) values ('bb2dca82-c5b0-48ff-a69e-8fa957d9f681','Caleb','Holding');
insert into basketballgameevents(id,gameId,playType,period,teamFor,teamAgainst) values ('cce6f54b-04ca-42e0-a125-106e43961eda','0337bc53-1ad5-47a5-a7a9-da3057226464','rebound',4,'TeamD','TeamC');
insert into basketballrebounds(eventId,player) values ('cce6f54b-04ca-42e0-a125-106e43961eda','Denver');
insert into basketballgameevents(id,gameId,playType,period,teamFor,teamAgainst) values ('f4ccf508-5e27-48c3-8ea5-b5b3818dc100','0337bc53-1ad5-47a5-a7a9-da3057226464','rebound',4,'TeamC','TeamD');
insert into basketballrebounds(eventId,player) values ('f4ccf508-5e27-48c3-8ea5-b5b3818dc100','Cody');
insert into basketballgameevents(id,gameId,playType,period,teamFor,teamAgainst) values ('f992b605-6841-4890-b5ab-cec1349f7653','0337bc53-1ad5-47a5-a7a9-da3057226464','foul',4,'TeamD','TeamC');
insert into basketballfouls(eventId,player,reason) values ('f992b605-6841-4890-b5ab-cec1349f7653','Doppler','Holding');
insert into basketballgameevents(id,gameId,playType,period,teamFor,teamAgainst) values ('e7628202-9466-45e0-8f21-e04ae0bddd47','0337bc53-1ad5-47a5-a7a9-da3057226464','rebound',4,'TeamC','TeamD');
insert into basketballrebounds(eventId,player) values ('e7628202-9466-45e0-8f21-e04ae0bddd47','Camel');
insert into basketballgameevents(id,gameId,playType,period,teamFor,teamAgainst) values ('c1212b61-c272-45f6-a613-9af896ce464c','0337bc53-1ad5-47a5-a7a9-da3057226464','turnover',4,'TeamC','TeamD');
insert into basketballturnovers(eventId,player) values ('c1212b61-c272-45f6-a613-9af896ce464c','Cameron');
insert into basketballgameevents(id,gameId,playType,period,teamFor,teamAgainst) values ('58c56b96-5e75-4658-9358-295703b9790c','0337bc53-1ad5-47a5-a7a9-da3057226464','point',4,'TeamC','TeamD');
insert into basketballpoints(eventId,player,result,point) values ('58c56b96-5e75-4658-9358-295703b9790c','Cauchy','miss',3);
insert into basketballgameevents(id,gameId,playType,period,teamFor,teamAgainst) values ('ebd239d7-5362-45cb-93be-8b9461e442a4','0337bc53-1ad5-47a5-a7a9-da3057226464','point',4,'TeamC','TeamD');
insert into basketballpoints(eventId,player,assist,result,point) values ('ebd239d7-5362-45cb-93be-8b9461e442a4', 'Cauchy', 'Caleb', 'made', 3);
insert into basketballgameevents(id,gameId,playType,period,teamFor,teamAgainst) values ('8f7115fb-99d7-4427-8bc2-8e0b97d54dcc','0337bc53-1ad5-47a5-a7a9-da3057226464','foul',4,'TeamD','TeamC');
insert into basketballfouls(eventId,player,reason) values ('8f7115fb-99d7-4427-8bc2-8e0b97d54dcc','Dickson','Pushing');
insert into basketballgameevents(id,gameId,playType,period,teamFor,teamAgainst) values ('f143515b-fb12-47ae-a902-55ec857d5630','0337bc53-1ad5-47a5-a7a9-da3057226464','foul',4,'TeamC','TeamD');
insert into basketballfouls(eventId,player,reason) values ('f143515b-fb12-47ae-a902-55ec857d5630','Caleb','Holding');
insert into basketballgameevents(id,gameId,playType,period,teamFor,teamAgainst) values ('f6bde199-ef9f-4091-97b1-b8f8356708ef','0337bc53-1ad5-47a5-a7a9-da3057226464','foul',4,'TeamD','TeamC');
insert into basketballfouls(eventId,player,reason) values ('f6bde199-ef9f-4091-97b1-b8f8356708ef','Dickson','Holding');
insert into basketballgameevents(id,gameId,playType,period,teamFor,teamAgainst) values ('da1169f1-5e90-4183-96bf-21ef3ee0db8b','0337bc53-1ad5-47a5-a7a9-da3057226464','rebound',4,'TeamD','TeamC');
insert into basketballrebounds(eventId,player) values ('da1169f1-5e90-4183-96bf-21ef3ee0db8b','Doppler');
insert into basketballgameevents(id,gameId,playType,period,teamFor,teamAgainst) values ('ef87efa0-cb28-4764-aa31-13e86ac156a3','0337bc53-1ad5-47a5-a7a9-da3057226464','foul',4,'TeamC','TeamD');
insert into basketballfouls(eventId,player,reason) values ('ef87efa0-cb28-4764-aa31-13e86ac156a3','Cody','Holding');
insert into basketballgameevents(id,gameId,playType,period,teamFor,teamAgainst) values ('112080e3-43c1-4a4b-81bd-43ad25a2b983','0337bc53-1ad5-47a5-a7a9-da3057226464','point',4,'TeamC','TeamD');
insert into basketballpoints(eventId,player,result,point) values ('112080e3-43c1-4a4b-81bd-43ad25a2b983','Camel','miss',3);
insert into basketballgameevents(id,gameId,playType,period,teamFor,teamAgainst) values ('6573b5e9-4f3a-44ed-864e-8a1071deb1ca','0337bc53-1ad5-47a5-a7a9-da3057226464','point',4,'TeamC','TeamD');
insert into basketballpoints(eventId,player,result,point) values ('6573b5e9-4f3a-44ed-864e-8a1071deb1ca','Cauchy','miss',1);
insert into basketballgameevents(id,gameId,playType,period,teamFor,teamAgainst) values ('32ba4e50-2640-40ac-b164-0825367ad70c','0337bc53-1ad5-47a5-a7a9-da3057226464','block',4,'TeamC','TeamD');
insert into basketballblocks(eventId,player) values ('32ba4e50-2640-40ac-b164-0825367ad70c','Camel');
insert into basketballgameevents(id,gameId,playType,period,teamFor,teamAgainst) values ('04049753-5bb5-4da9-bf69-a76460caa104','0337bc53-1ad5-47a5-a7a9-da3057226464','steal',4,'TeamC','TeamD');
insert into basketballsteals(eventId,player) values ('04049753-5bb5-4da9-bf69-a76460caa104','Cauchy');
insert into basketballgameevents(id,gameId,playType,period,teamFor,teamAgainst) values ('377f4cfa-699d-4445-adb9-3f11e9abef35','0337bc53-1ad5-47a5-a7a9-da3057226464','turnover',4,'TeamD','TeamC');
insert into basketballturnovers(eventId,player) values ('377f4cfa-699d-4445-adb9-3f11e9abef35','Dickson');
insert into basketballgameevents(id,gameId,playType,period,teamFor,teamAgainst) values ('1a99b01b-7c21-42e2-ae2f-5e07d61a1964','0337bc53-1ad5-47a5-a7a9-da3057226464','point',4,'TeamC','TeamD');
insert into basketballpoints(eventId,player,result,point) values ('1a99b01b-7c21-42e2-ae2f-5e07d61a1964','Cameron','miss',3);
insert into basketballgameevents(id,gameId,playType,period,teamFor,teamAgainst) values ('d55ef4d7-bf8f-4138-9aff-cdca9aaacd85','0337bc53-1ad5-47a5-a7a9-da3057226464','foul',4,'TeamD','TeamC');
insert into basketballfouls(eventId,player,reason) values ('d55ef4d7-bf8f-4138-9aff-cdca9aaacd85','Dapper','Pushing');
insert into basketballgameevents(id,gameId,playType,period,teamFor,teamAgainst) values ('40b4ac4d-4d5d-41e7-b5de-f18f3d1b8a24','0337bc53-1ad5-47a5-a7a9-da3057226464','rebound',4,'TeamC','TeamD');
insert into basketballrebounds(eventId,player) values ('40b4ac4d-4d5d-41e7-b5de-f18f3d1b8a24','Camel');
insert into basketballgameevents(id,gameId,playType,period,teamFor,teamAgainst) values ('df31e75c-32af-49fd-ad36-2547da5657a0','0337bc53-1ad5-47a5-a7a9-da3057226464','point',4,'TeamD','TeamC');
insert into basketballpoints(eventId,player,result,point) values ('df31e75c-32af-49fd-ad36-2547da5657a0','Daniel','miss',1);
insert into basketballgameevents(id,gameId,playType,period,teamFor,teamAgainst) values ('14df21d5-7657-449a-8c1a-2fbb37c7d854','0337bc53-1ad5-47a5-a7a9-da3057226464','turnover',4,'TeamC','TeamD');
insert into basketballturnovers(eventId,player) values ('14df21d5-7657-449a-8c1a-2fbb37c7d854','Cauchy');
insert into basketballgameevents(id,gameId,playType,period,teamFor,teamAgainst) values ('63db17a0-7b78-4fa8-8742-6fb8f5cd71b5','0337bc53-1ad5-47a5-a7a9-da3057226464','block',4,'TeamC','TeamD');
insert into basketballblocks(eventId,player) values ('63db17a0-7b78-4fa8-8742-6fb8f5cd71b5','Cameron');
insert into basketballgameevents(id,gameId,playType,period,teamFor,teamAgainst) values ('1b52db6b-1fd3-44ec-8609-b18a09b2dbe3','0337bc53-1ad5-47a5-a7a9-da3057226464','point',4,'TeamC','TeamD');
insert into basketballpoints(eventId,player,assist,result,point) values ('1b52db6b-1fd3-44ec-8609-b18a09b2dbe3', 'Cameron', 'Caleb', 'made', 3);
insert into basketballgameevents(id,gameId,playType,period,teamFor,teamAgainst) values ('42066d8d-2462-4ffa-ae0e-c62e8f9da048','0337bc53-1ad5-47a5-a7a9-da3057226464','block',4,'TeamD','TeamC');
insert into basketballblocks(eventId,player) values ('42066d8d-2462-4ffa-ae0e-c62e8f9da048','Dapper');
insert into basketballgameevents(id,gameId,playType,period,teamFor,teamAgainst) values ('f6b2b612-7298-4536-a459-b472c6b7c66e','0337bc53-1ad5-47a5-a7a9-da3057226464','rebound',4,'TeamD','TeamC');
insert into basketballrebounds(eventId,player) values ('f6b2b612-7298-4536-a459-b472c6b7c66e','Dickson');
insert into basketballgameevents(id,gameId,playType,period,teamFor,teamAgainst) values ('6ac737eb-9a3e-429c-9362-89ec28ca65db','0337bc53-1ad5-47a5-a7a9-da3057226464','turnover',4,'TeamC','TeamD');
insert into basketballturnovers(eventId,player) values ('6ac737eb-9a3e-429c-9362-89ec28ca65db','Cameron');
insert into basketballgameevents(id,gameId,playType,period,teamFor,teamAgainst) values ('9340c54f-e913-4f6b-9271-a142bc595d3b','0337bc53-1ad5-47a5-a7a9-da3057226464','foul',4,'TeamD','TeamC');
insert into basketballfouls(eventId,player,reason) values ('9340c54f-e913-4f6b-9271-a142bc595d3b','Daniel','Holding');
insert into basketballgameevents(id,gameId,playType,period,teamFor,teamAgainst) values ('efee8968-eef5-425d-81e0-72b659828327','0337bc53-1ad5-47a5-a7a9-da3057226464','turnover',4,'TeamD','TeamC');
insert into basketballturnovers(eventId,player) values ('efee8968-eef5-425d-81e0-72b659828327','Dickson');
insert into basketballgameevents(id,gameId,playType,period,teamFor,teamAgainst) values ('ac5dce7c-4346-44ec-abb1-f5fc3c379315','0337bc53-1ad5-47a5-a7a9-da3057226464','block',4,'TeamD','TeamC');
insert into basketballblocks(eventId,player) values ('ac5dce7c-4346-44ec-abb1-f5fc3c379315','Daniel');
insert into basketballgameevents(id,gameId,playType,period,teamFor,teamAgainst) values ('c6f81876-e385-4d5e-bf05-75b7d8fa24a8','0337bc53-1ad5-47a5-a7a9-da3057226464','point',4,'TeamD','TeamC');
insert into basketballpoints(eventId,player,result,point) values ('c6f81876-e385-4d5e-bf05-75b7d8fa24a8','Daniel','miss',2);
insert into basketballgameevents(id,gameId,playType,period,teamFor,teamAgainst) values ('0a0b6572-700f-4e0d-8ff5-5676ccbe6703','0337bc53-1ad5-47a5-a7a9-da3057226464','turnover',4,'TeamD','TeamC');
insert into basketballturnovers(eventId,player) values ('0a0b6572-700f-4e0d-8ff5-5676ccbe6703','Daniel');
insert into basketballgameevents(id,gameId,playType,period,teamFor,teamAgainst) values ('8b72172f-cb07-4c8b-bac9-40109d631a6c','0337bc53-1ad5-47a5-a7a9-da3057226464','point',4,'TeamC','TeamD');
insert into basketballpoints(eventId,player,result,point) values ('8b72172f-cb07-4c8b-bac9-40109d631a6c','Cameron','miss',3);
insert into basketballgameevents(id,gameId,playType,period,teamFor,teamAgainst) values ('37c9c6cb-0a42-43e7-a4ca-904736daf534','0337bc53-1ad5-47a5-a7a9-da3057226464','steal',4,'TeamD','TeamC');
insert into basketballsteals(eventId,player) values ('37c9c6cb-0a42-43e7-a4ca-904736daf534','Daniel');
insert into basketballgameevents(id,gameId,playType,period,teamFor,teamAgainst) values ('7d054343-bf38-4553-a9df-8f300506bd1f','0337bc53-1ad5-47a5-a7a9-da3057226464','rebound',4,'TeamC','TeamD');
insert into basketballrebounds(eventId,player) values ('7d054343-bf38-4553-a9df-8f300506bd1f','Camel');
insert into basketballgameevents(id,gameId,playType,period,teamFor,teamAgainst) values ('779adcd6-f3b7-4a51-b8d0-06c46ca32b86','0337bc53-1ad5-47a5-a7a9-da3057226464','block',4,'TeamD','TeamC');
insert into basketballblocks(eventId,player) values ('779adcd6-f3b7-4a51-b8d0-06c46ca32b86','Doppler');
insert into basketballgameevents(id,gameId,playType,period,teamFor,teamAgainst) values ('3214edbd-e713-48f7-ab5d-d0b9179987b2','0337bc53-1ad5-47a5-a7a9-da3057226464','foul',4,'TeamD','TeamC');
insert into basketballfouls(eventId,player,reason) values ('3214edbd-e713-48f7-ab5d-d0b9179987b2','Dapper','Holding');
insert into basketballgameevents(id,gameId,playType,period,teamFor,teamAgainst) values ('ab918fb3-d1c7-4d4a-bdd3-cef49390b98b','0337bc53-1ad5-47a5-a7a9-da3057226464','turnover',4,'TeamC','TeamD');
insert into basketballturnovers(eventId,player) values ('ab918fb3-d1c7-4d4a-bdd3-cef49390b98b','Cody');
insert into basketballgameevents(id,gameId,playType,period,teamFor,teamAgainst) values ('c9b284c8-223a-49aa-afaa-6accc6c85b4f','0337bc53-1ad5-47a5-a7a9-da3057226464','point',4,'TeamD','TeamC');
insert into basketballpoints(eventId,player,result,point) values ('c9b284c8-223a-49aa-afaa-6accc6c85b4f','Dickson','miss',2);
insert into basketballgameevents(id,gameId,playType,period,teamFor,teamAgainst) values ('e121efcc-91dc-418e-ac18-ecc4f018da25','0337bc53-1ad5-47a5-a7a9-da3057226464','turnover',4,'TeamD','TeamC');
insert into basketballturnovers(eventId,player) values ('e121efcc-91dc-418e-ac18-ecc4f018da25','Denver');
insert into basketballgameevents(id,gameId,playType,period,teamFor,teamAgainst) values ('1b28b3d5-fad3-46aa-9570-e30d1ef400cd','0337bc53-1ad5-47a5-a7a9-da3057226464','foul',4,'TeamC','TeamD');
insert into basketballfouls(eventId,player,reason) values ('1b28b3d5-fad3-46aa-9570-e30d1ef400cd','Caleb','Pushing');
insert into basketballgameevents(id,gameId,playType,period,teamFor,teamAgainst) values ('7e114d9a-b9f5-4af7-8444-1e366b7a2f95','0337bc53-1ad5-47a5-a7a9-da3057226464','steal',4,'TeamD','TeamC');
insert into basketballsteals(eventId,player) values ('7e114d9a-b9f5-4af7-8444-1e366b7a2f95','Dapper');
insert into basketballgameevents(id,gameId,playType,period,teamFor,teamAgainst) values ('7ddb38b8-3fdd-4f88-a176-7d2991452b1e','0337bc53-1ad5-47a5-a7a9-da3057226464','point',4,'TeamC','TeamD');
insert into basketballpoints(eventId,player,assist,result,point) values ('7ddb38b8-3fdd-4f88-a176-7d2991452b1e', 'Cody', 'Caleb', 'made', 3);
insert into basketballgameevents(id,gameId,playType,period,teamFor,teamAgainst) values ('e497772c-52a8-4a71-b39c-5e1ea03386c7','0337bc53-1ad5-47a5-a7a9-da3057226464','turnover',4,'TeamD','TeamC');
insert into basketballturnovers(eventId,player) values ('e497772c-52a8-4a71-b39c-5e1ea03386c7','Dapper');
insert into basketballgameevents(id,gameId,playType,period,teamFor,teamAgainst) values ('179710f4-98ae-4295-8ac8-14b90a8bc250','0337bc53-1ad5-47a5-a7a9-da3057226464','foul',4,'TeamC','TeamD');
insert into basketballfouls(eventId,player,reason) values ('179710f4-98ae-4295-8ac8-14b90a8bc250','Cody','Holding');
insert into basketballgameevents(id,gameId,playType,period,teamFor,teamAgainst) values ('3c4439c2-f233-4f2a-bfbf-403c6aa69a3b','0337bc53-1ad5-47a5-a7a9-da3057226464','foul',4,'TeamD','TeamC');
insert into basketballfouls(eventId,player,reason) values ('3c4439c2-f233-4f2a-bfbf-403c6aa69a3b','Dapper','Pushing');
insert into basketballgameevents(id,gameId,playType,period,teamFor,teamAgainst) values ('eb3326b8-b93d-49d7-9947-2a54330ec796','0337bc53-1ad5-47a5-a7a9-da3057226464','rebound',4,'TeamC','TeamD');
insert into basketballrebounds(eventId,player) values ('eb3326b8-b93d-49d7-9947-2a54330ec796','Cameron');
insert into basketballgameevents(id,gameId,playType,period,teamFor,teamAgainst) values ('26b0c470-b919-42c4-8c5a-aee284f02fed','0337bc53-1ad5-47a5-a7a9-da3057226464','steal',4,'TeamC','TeamD');
insert into basketballsteals(eventId,player) values ('26b0c470-b919-42c4-8c5a-aee284f02fed','Cameron');
insert into basketballgameevents(id,gameId,playType,period,teamFor,teamAgainst) values ('4ec1003b-dcc2-47ac-8d2e-e48bd23334bb','0337bc53-1ad5-47a5-a7a9-da3057226464','foul',4,'TeamC','TeamD');
insert into basketballfouls(eventId,player,reason) values ('4ec1003b-dcc2-47ac-8d2e-e48bd23334bb','Camel','Holding');
insert into basketballgameevents(id,gameId,playType,period,teamFor,teamAgainst) values ('e978c65a-8f28-402e-9024-23545f650e89','0337bc53-1ad5-47a5-a7a9-da3057226464','steal',4,'TeamC','TeamD');
insert into basketballsteals(eventId,player) values ('e978c65a-8f28-402e-9024-23545f650e89','Caleb');
insert into basketballgameevents(id,gameId,playType,period,teamFor,teamAgainst) values ('d1874de3-69da-4874-8893-0ac0f1c7a72e','0337bc53-1ad5-47a5-a7a9-da3057226464','foul',4,'TeamD','TeamC');
insert into basketballfouls(eventId,player,reason) values ('d1874de3-69da-4874-8893-0ac0f1c7a72e','Denver','Pushing');
insert into basketballgameevents(id,gameId,playType,period,teamFor,teamAgainst) values ('53cff852-6e29-47f8-9103-02d048de34d6','0337bc53-1ad5-47a5-a7a9-da3057226464','rebound',4,'TeamC','TeamD');
insert into basketballrebounds(eventId,player) values ('53cff852-6e29-47f8-9103-02d048de34d6','Cauchy');
insert into basketballgameevents(id,gameId,playType,period,teamFor,teamAgainst) values ('c8cec6d1-37b0-4648-af2e-1b5b5ba5096f','0337bc53-1ad5-47a5-a7a9-da3057226464','foul',4,'TeamC','TeamD');
insert into basketballfouls(eventId,player,reason) values ('c8cec6d1-37b0-4648-af2e-1b5b5ba5096f','Camel','Holding');
insert into basketballgameevents(id,gameId,playType,period,teamFor,teamAgainst) values ('1fe96479-03c7-43b9-9e47-285219b781e9','0337bc53-1ad5-47a5-a7a9-da3057226464','block',4,'TeamD','TeamC');
insert into basketballblocks(eventId,player) values ('1fe96479-03c7-43b9-9e47-285219b781e9','Daniel');
insert into basketballgameevents(id,gameId,playType,period,teamFor,teamAgainst) values ('b4742178-2648-46cf-b3ad-3b23a41febe3','0337bc53-1ad5-47a5-a7a9-da3057226464','block',4,'TeamD','TeamC');
insert into basketballblocks(eventId,player) values ('b4742178-2648-46cf-b3ad-3b23a41febe3','Dickson');
insert into basketballgameevents(id,gameId,playType,period,teamFor,teamAgainst) values ('2ada31b9-fac5-4f25-b838-32ea616da196','0337bc53-1ad5-47a5-a7a9-da3057226464','foul',4,'TeamC','TeamD');
insert into basketballfouls(eventId,player,reason) values ('2ada31b9-fac5-4f25-b838-32ea616da196','Caleb','Pushing');
insert into basketballgameevents(id,gameId,playType,period,teamFor,teamAgainst) values ('55fd4d07-46e1-4a0f-8a63-4d39316ead9c','0337bc53-1ad5-47a5-a7a9-da3057226464','steal',4,'TeamD','TeamC');
insert into basketballsteals(eventId,player) values ('55fd4d07-46e1-4a0f-8a63-4d39316ead9c','Dickson');
insert into basketballgameevents(id,gameId,playType,period,teamFor,teamAgainst) values ('abe489c0-0979-4183-81e3-9fdcc68a3b13','0337bc53-1ad5-47a5-a7a9-da3057226464','steal',4,'TeamC','TeamD');
insert into basketballsteals(eventId,player) values ('abe489c0-0979-4183-81e3-9fdcc68a3b13','Camel');
insert into basketballgameevents(id,gameId,playType,period,teamFor,teamAgainst) values ('0e1dff08-f502-4a6d-9aaf-3401785bda41','0337bc53-1ad5-47a5-a7a9-da3057226464','rebound',4,'TeamC','TeamD');
insert into basketballrebounds(eventId,player) values ('0e1dff08-f502-4a6d-9aaf-3401785bda41','Caleb');
insert into basketballgameevents(id,gameId,playType,period,teamFor,teamAgainst) values ('24bb4fe9-6f56-4f33-9488-b17adc61d49d','0337bc53-1ad5-47a5-a7a9-da3057226464','foul',4,'TeamD','TeamC');
insert into basketballfouls(eventId,player,reason) values ('24bb4fe9-6f56-4f33-9488-b17adc61d49d','Dickson','Pushing');
insert into basketballgameevents(id,gameId,playType,period,teamFor,teamAgainst) values ('a0c58c4b-b6b4-4e22-bafe-dd3ef2c23897','0337bc53-1ad5-47a5-a7a9-da3057226464','foul',4,'TeamD','TeamC');
insert into basketballfouls(eventId,player,reason) values ('a0c58c4b-b6b4-4e22-bafe-dd3ef2c23897','Dickson','Pushing');
insert into basketballgameevents(id,gameId,playType,period,teamFor,teamAgainst) values ('cfede555-688f-40d6-bba0-19d3974cae10','0337bc53-1ad5-47a5-a7a9-da3057226464','point',4,'TeamD','TeamC');
insert into basketballpoints(eventId,player,result,point) values ('cfede555-688f-40d6-bba0-19d3974cae10','Dapper','miss',2);
insert into basketballgameevents(id,gameId,playType,period,teamFor,teamAgainst) values ('68c30609-7b9b-4c96-88c4-e138ff6d8021','0337bc53-1ad5-47a5-a7a9-da3057226464','turnover',4,'TeamD','TeamC');
insert into basketballturnovers(eventId,player) values ('68c30609-7b9b-4c96-88c4-e138ff6d8021','Dapper');
insert into basketballgameevents(id,gameId,playType,period,teamFor,teamAgainst) values ('b3786d41-23d2-4d08-ab78-efe7c50955a1','0337bc53-1ad5-47a5-a7a9-da3057226464','rebound',4,'TeamD','TeamC');
insert into basketballrebounds(eventId,player) values ('b3786d41-23d2-4d08-ab78-efe7c50955a1','Doppler');
insert into basketballgameevents(id,gameId,playType,period,teamFor,teamAgainst) values ('96b538b9-7418-4145-9e24-b03d67c5febf','0337bc53-1ad5-47a5-a7a9-da3057226464','point',4,'TeamC','TeamD');
insert into basketballpoints(eventId,player,result,point) values ('96b538b9-7418-4145-9e24-b03d67c5febf','Cody','made',2);
insert into basketballgameevents(id,gameId,playType,period,teamFor,teamAgainst) values ('bfbbf404-06c6-4e9b-bb5e-571ddd23e8f1','0337bc53-1ad5-47a5-a7a9-da3057226464','point',4,'TeamD','TeamC');
insert into basketballpoints(eventId,player,result,point) values ('bfbbf404-06c6-4e9b-bb5e-571ddd23e8f1','Daniel','miss',1);
insert into basketballgameevents(id,gameId,playType,period,teamFor,teamAgainst) values ('ccdd2535-1513-4cd1-97c6-283b6f656f73','0337bc53-1ad5-47a5-a7a9-da3057226464','point',4,'TeamD','TeamC');
insert into basketballpoints(eventId,player,result,point) values ('ccdd2535-1513-4cd1-97c6-283b6f656f73','Daniel','made',3);
insert into basketballgameevents(id,gameId,playType,period,teamFor,teamAgainst) values ('aa81485b-59a3-4995-a206-abd3b18de6a2','0337bc53-1ad5-47a5-a7a9-da3057226464','point',4,'TeamC','TeamD');
insert into basketballpoints(eventId,player,result,point) values ('aa81485b-59a3-4995-a206-abd3b18de6a2','Cameron','made',1);
insert into basketballgameevents(id,gameId,playType,period,teamFor,teamAgainst) values ('30b8bf86-da6d-4310-8352-837a98ee3296','0337bc53-1ad5-47a5-a7a9-da3057226464','turnover',4,'TeamD','TeamC');
insert into basketballturnovers(eventId,player) values ('30b8bf86-da6d-4310-8352-837a98ee3296','Daniel');
insert into basketballgameevents(id,gameId,playType,period,teamFor,teamAgainst) values ('b8db9169-9e5b-4a17-aeb7-182602f1b01d','0337bc53-1ad5-47a5-a7a9-da3057226464','point',4,'TeamD','TeamC');
insert into basketballpoints(eventId,player,result,point) values ('b8db9169-9e5b-4a17-aeb7-182602f1b01d','Daniel','miss',1);
insert into basketballgameevents(id,gameId,playType,period,teamFor,teamAgainst) values ('ac445c42-b1ad-4973-9ad7-5cec28e8a999','0337bc53-1ad5-47a5-a7a9-da3057226464','block',4,'TeamC','TeamD');
insert into basketballblocks(eventId,player) values ('ac445c42-b1ad-4973-9ad7-5cec28e8a999','Caleb');
insert into basketballgameevents(id,gameId,playType,period,teamFor,teamAgainst) values ('ea7dd367-0a3a-4d29-ab8d-1e27e219a943','0337bc53-1ad5-47a5-a7a9-da3057226464','foul',4,'TeamD','TeamC');
insert into basketballfouls(eventId,player,reason) values ('ea7dd367-0a3a-4d29-ab8d-1e27e219a943','Dapper','Holding');
insert into basketballgameevents(id,gameId,playType,period,teamFor,teamAgainst) values ('cd1f1f9b-568e-4ec4-b962-bad29aa8ba86','0337bc53-1ad5-47a5-a7a9-da3057226464','point',4,'TeamD','TeamC');
insert into basketballpoints(eventId,player,result,point) values ('cd1f1f9b-568e-4ec4-b962-bad29aa8ba86','Denver','miss',2);
insert into basketballgameevents(id,gameId,playType,period,teamFor,teamAgainst) values ('429c8fc7-5c8d-4422-8d65-92d2eebd31e5','0337bc53-1ad5-47a5-a7a9-da3057226464','foul',4,'TeamC','TeamD');
insert into basketballfouls(eventId,player,reason) values ('429c8fc7-5c8d-4422-8d65-92d2eebd31e5','Caleb','Pushing');
insert into basketballgameevents(id,gameId,playType,period,teamFor,teamAgainst) values ('dc14b209-8cf7-42e8-a5b5-737462e04f78','0337bc53-1ad5-47a5-a7a9-da3057226464','block',4,'TeamC','TeamD');
insert into basketballblocks(eventId,player) values ('dc14b209-8cf7-42e8-a5b5-737462e04f78','Caleb');
insert into basketballgameevents(id,gameId,playType,period,teamFor,teamAgainst) values ('484c8f3b-6940-4999-a1f9-b288a65cdcf5','0337bc53-1ad5-47a5-a7a9-da3057226464','point',4,'TeamD','TeamC');
insert into basketballpoints(eventId,player,assist,result,point) values ('484c8f3b-6940-4999-a1f9-b288a65cdcf5', 'Doppler', 'Denver', 'made', 1);
insert into basketballgameevents(id,gameId,playType,period,teamFor,teamAgainst) values ('94e82965-d6bc-46f4-ad7b-5d9ecd6e9589','0337bc53-1ad5-47a5-a7a9-da3057226464','block',4,'TeamD','TeamC');
insert into basketballblocks(eventId,player) values ('94e82965-d6bc-46f4-ad7b-5d9ecd6e9589','Dapper');
insert into basketballgameevents(id,gameId,playType,period,teamFor,teamAgainst) values ('d5a9d5ba-bbbd-4d43-b3a4-e516bc1c5f22','0337bc53-1ad5-47a5-a7a9-da3057226464','point',4,'TeamD','TeamC');
insert into basketballpoints(eventId,player,result,point) values ('d5a9d5ba-bbbd-4d43-b3a4-e516bc1c5f22','Doppler','miss',2);
insert into basketballgames(id,leagueId,home,away,starttime) values ('9929b1a8-3ca8-4422-a9a2-e7e1c0094af0','890efb7f-a729-4c81-9b67-4b1d605a99ba','TeamA','TeamC','2023-02-23T22:42:43+00:00');
insert into basketballgameevents(id,gameId,playType,period,teamFor,teamAgainst) values ('93d1b36d-5c8d-4012-9d32-c033cef7d4b7','9929b1a8-3ca8-4422-a9a2-e7e1c0094af0','steal',1,'TeamC','TeamA');
insert into basketballsteals(eventId,player) values ('93d1b36d-5c8d-4012-9d32-c033cef7d4b7','Dapper');
insert into basketballgameevents(id,gameId,playType,period,teamFor,teamAgainst) values ('026676af-940f-4a46-be2a-823c305f0f17','9929b1a8-3ca8-4422-a9a2-e7e1c0094af0','block',1,'TeamC','TeamA');
insert into basketballblocks(eventId,player) values ('026676af-940f-4a46-be2a-823c305f0f17','Denver');
insert into basketballgameevents(id,gameId,playType,period,teamFor,teamAgainst) values ('17a69a28-3db5-4a27-b55e-3c852a45d6dd','9929b1a8-3ca8-4422-a9a2-e7e1c0094af0','turnover',1,'TeamC','TeamA');
insert into basketballturnovers(eventId,player) values ('17a69a28-3db5-4a27-b55e-3c852a45d6dd','Doppler');
insert into basketballgameevents(id,gameId,playType,period,teamFor,teamAgainst) values ('6de1b4aa-5020-4804-b4d3-bf4768571e37','9929b1a8-3ca8-4422-a9a2-e7e1c0094af0','steal',1,'TeamA','TeamC');
insert into basketballsteals(eventId,player) values ('6de1b4aa-5020-4804-b4d3-bf4768571e37','Cameron');
insert into basketballgameevents(id,gameId,playType,period,teamFor,teamAgainst) values ('0164c7ed-bf0c-4a98-8806-08dbd14d21a8','9929b1a8-3ca8-4422-a9a2-e7e1c0094af0','steal',1,'TeamC','TeamA');
insert into basketballsteals(eventId,player) values ('0164c7ed-bf0c-4a98-8806-08dbd14d21a8','Denver');
insert into basketballgameevents(id,gameId,playType,period,teamFor,teamAgainst) values ('c5c6bb98-1f29-48ee-a6ab-9fed1e57c435','9929b1a8-3ca8-4422-a9a2-e7e1c0094af0','turnover',1,'TeamC','TeamA');
insert into basketballturnovers(eventId,player) values ('c5c6bb98-1f29-48ee-a6ab-9fed1e57c435','Dickson');
insert into basketballgameevents(id,gameId,playType,period,teamFor,teamAgainst) values ('23a14395-82c0-4dbb-ab66-c91da4134e2e','9929b1a8-3ca8-4422-a9a2-e7e1c0094af0','rebound',1,'TeamA','TeamC');
insert into basketballrebounds(eventId,player) values ('23a14395-82c0-4dbb-ab66-c91da4134e2e','Cody');
insert into basketballgameevents(id,gameId,playType,period,teamFor,teamAgainst) values ('6961e64b-4b7c-4a88-bfec-c0309fbad403','9929b1a8-3ca8-4422-a9a2-e7e1c0094af0','foul',1,'TeamC','TeamA');
insert into basketballfouls(eventId,player,reason) values ('6961e64b-4b7c-4a88-bfec-c0309fbad403','Doppler','Pushing');
insert into basketballgameevents(id,gameId,playType,period,teamFor,teamAgainst) values ('197f9b28-744d-4fa7-a9f4-6bc5ee5d3328','9929b1a8-3ca8-4422-a9a2-e7e1c0094af0','rebound',1,'TeamC','TeamA');
insert into basketballrebounds(eventId,player) values ('197f9b28-744d-4fa7-a9f4-6bc5ee5d3328','Dapper');
insert into basketballgameevents(id,gameId,playType,period,teamFor,teamAgainst) values ('f3a1bd69-ced0-4ae6-a358-73e5850cc982','9929b1a8-3ca8-4422-a9a2-e7e1c0094af0','point',1,'TeamA','TeamC');
insert into basketballpoints(eventId,player,result,point) values ('f3a1bd69-ced0-4ae6-a358-73e5850cc982','Cauchy','miss',3);
insert into basketballgameevents(id,gameId,playType,period,teamFor,teamAgainst) values ('d08ecc3c-0a3a-4b03-93ff-2bd9effd5c0e','9929b1a8-3ca8-4422-a9a2-e7e1c0094af0','block',1,'TeamA','TeamC');
insert into basketballblocks(eventId,player) values ('d08ecc3c-0a3a-4b03-93ff-2bd9effd5c0e','Cody');
insert into basketballgameevents(id,gameId,playType,period,teamFor,teamAgainst) values ('a6999ddc-b08a-4fd7-83ba-33c33031e5b5','9929b1a8-3ca8-4422-a9a2-e7e1c0094af0','foul',1,'TeamA','TeamC');
insert into basketballfouls(eventId,player,reason) values ('a6999ddc-b08a-4fd7-83ba-33c33031e5b5','Cauchy','Holding');
insert into basketballgameevents(id,gameId,playType,period,teamFor,teamAgainst) values ('4ac34cf5-c4f2-47d8-9bdc-c709d8e0160f','9929b1a8-3ca8-4422-a9a2-e7e1c0094af0','point',1,'TeamA','TeamC');
insert into basketballpoints(eventId,player,result,point) values ('4ac34cf5-c4f2-47d8-9bdc-c709d8e0160f','Caleb','miss',3);
insert into basketballgameevents(id,gameId,playType,period,teamFor,teamAgainst) values ('0d86b243-9944-4258-8bba-1a709edae545','9929b1a8-3ca8-4422-a9a2-e7e1c0094af0','steal',1,'TeamA','TeamC');
insert into basketballsteals(eventId,player) values ('0d86b243-9944-4258-8bba-1a709edae545','Caleb');
insert into basketballgameevents(id,gameId,playType,period,teamFor,teamAgainst) values ('878f3f67-3cfc-4e50-aa35-e2da8c42ab15','9929b1a8-3ca8-4422-a9a2-e7e1c0094af0','steal',1,'TeamC','TeamA');
insert into basketballsteals(eventId,player) values ('878f3f67-3cfc-4e50-aa35-e2da8c42ab15','Dickson');
insert into basketballgameevents(id,gameId,playType,period,teamFor,teamAgainst) values ('caa480b2-7d37-4a49-8f67-d8b6b6211738','9929b1a8-3ca8-4422-a9a2-e7e1c0094af0','foul',1,'TeamA','TeamC');
insert into basketballfouls(eventId,player,reason) values ('caa480b2-7d37-4a49-8f67-d8b6b6211738','Camel','Pushing');
insert into basketballgameevents(id,gameId,playType,period,teamFor,teamAgainst) values ('caa25c70-6bfc-4848-91d8-9ede322fe7a6','9929b1a8-3ca8-4422-a9a2-e7e1c0094af0','block',1,'TeamA','TeamC');
insert into basketballblocks(eventId,player) values ('caa25c70-6bfc-4848-91d8-9ede322fe7a6','Caleb');
insert into basketballgameevents(id,gameId,playType,period,teamFor,teamAgainst) values ('83a50842-16ef-4235-8132-466dcc11c30d','9929b1a8-3ca8-4422-a9a2-e7e1c0094af0','steal',1,'TeamA','TeamC');
insert into basketballsteals(eventId,player) values ('83a50842-16ef-4235-8132-466dcc11c30d','Caleb');
insert into basketballgameevents(id,gameId,playType,period,teamFor,teamAgainst) values ('d4133012-a843-42fa-8adb-64fc335041a3','9929b1a8-3ca8-4422-a9a2-e7e1c0094af0','point',1,'TeamA','TeamC');
insert into basketballpoints(eventId,player,assist,result,point) values ('d4133012-a843-42fa-8adb-64fc335041a3', 'Caleb', 'Cauchy', 'made', 1);
insert into basketballgameevents(id,gameId,playType,period,teamFor,teamAgainst) values ('a87bd3fb-e135-42ee-9267-8e10367c39c4','9929b1a8-3ca8-4422-a9a2-e7e1c0094af0','steal',1,'TeamA','TeamC');
insert into basketballsteals(eventId,player) values ('a87bd3fb-e135-42ee-9267-8e10367c39c4','Cody');
insert into basketballgameevents(id,gameId,playType,period,teamFor,teamAgainst) values ('854e7d31-0472-443f-a1a2-9c027d317749','9929b1a8-3ca8-4422-a9a2-e7e1c0094af0','foul',1,'TeamC','TeamA');
insert into basketballfouls(eventId,player,reason) values ('854e7d31-0472-443f-a1a2-9c027d317749','Doppler','Pushing');
insert into basketballgameevents(id,gameId,playType,period,teamFor,teamAgainst) values ('ca8296ca-7492-4a7a-be0a-c3a91d96d964','9929b1a8-3ca8-4422-a9a2-e7e1c0094af0','point',1,'TeamA','TeamC');
insert into basketballpoints(eventId,player,assist,result,point) values ('ca8296ca-7492-4a7a-be0a-c3a91d96d964', 'Cameron', 'Camel', 'made', 3);
insert into basketballgameevents(id,gameId,playType,period,teamFor,teamAgainst) values ('bc4e61f8-1780-47a7-b00b-b48437efa501','9929b1a8-3ca8-4422-a9a2-e7e1c0094af0','turnover',1,'TeamC','TeamA');
insert into basketballturnovers(eventId,player) values ('bc4e61f8-1780-47a7-b00b-b48437efa501','Daniel');
insert into basketballgameevents(id,gameId,playType,period,teamFor,teamAgainst) values ('51ad5084-5378-46b5-a23c-bd52a174ad6e','9929b1a8-3ca8-4422-a9a2-e7e1c0094af0','rebound',1,'TeamC','TeamA');
insert into basketballrebounds(eventId,player) values ('51ad5084-5378-46b5-a23c-bd52a174ad6e','Daniel');
insert into basketballgameevents(id,gameId,playType,period,teamFor,teamAgainst) values ('0212dd45-f032-4a93-91aa-e477a2d59e79','9929b1a8-3ca8-4422-a9a2-e7e1c0094af0','foul',1,'TeamA','TeamC');
insert into basketballfouls(eventId,player,reason) values ('0212dd45-f032-4a93-91aa-e477a2d59e79','Cauchy','Pushing');
insert into basketballgameevents(id,gameId,playType,period,teamFor,teamAgainst) values ('9d3de1cf-5627-4903-a6ef-d1e10fcc13b2','9929b1a8-3ca8-4422-a9a2-e7e1c0094af0','foul',1,'TeamA','TeamC');
insert into basketballfouls(eventId,player,reason) values ('9d3de1cf-5627-4903-a6ef-d1e10fcc13b2','Caleb','Pushing');
insert into basketballgameevents(id,gameId,playType,period,teamFor,teamAgainst) values ('50904f92-6d4c-4bbe-b8c1-8247e7349635','9929b1a8-3ca8-4422-a9a2-e7e1c0094af0','block',1,'TeamA','TeamC');
insert into basketballblocks(eventId,player) values ('50904f92-6d4c-4bbe-b8c1-8247e7349635','Camel');
insert into basketballgameevents(id,gameId,playType,period,teamFor,teamAgainst) values ('c3882668-2dce-4152-a9c4-c8a1e3a2431f','9929b1a8-3ca8-4422-a9a2-e7e1c0094af0','rebound',1,'TeamC','TeamA');
insert into basketballrebounds(eventId,player) values ('c3882668-2dce-4152-a9c4-c8a1e3a2431f','Dickson');
insert into basketballgameevents(id,gameId,playType,period,teamFor,teamAgainst) values ('5816abcf-be5c-465c-88d7-3e99a8ecd057','9929b1a8-3ca8-4422-a9a2-e7e1c0094af0','point',1,'TeamC','TeamA');
insert into basketballpoints(eventId,player,result,point) values ('5816abcf-be5c-465c-88d7-3e99a8ecd057','Daniel','miss',1);
insert into basketballgameevents(id,gameId,playType,period,teamFor,teamAgainst) values ('18fd0163-eb36-42f5-b8b3-f67702226f9c','9929b1a8-3ca8-4422-a9a2-e7e1c0094af0','block',1,'TeamC','TeamA');
insert into basketballblocks(eventId,player) values ('18fd0163-eb36-42f5-b8b3-f67702226f9c','Dickson');
insert into basketballgameevents(id,gameId,playType,period,teamFor,teamAgainst) values ('0cfe08df-ddd0-459d-9b7d-9b5c4a64c66c','9929b1a8-3ca8-4422-a9a2-e7e1c0094af0','point',1,'TeamA','TeamC');
insert into basketballpoints(eventId,player,result,point) values ('0cfe08df-ddd0-459d-9b7d-9b5c4a64c66c','Cauchy','made',2);
insert into basketballgameevents(id,gameId,playType,period,teamFor,teamAgainst) values ('d2f95b03-2761-4d98-88a0-b62a1c3896d0','9929b1a8-3ca8-4422-a9a2-e7e1c0094af0','turnover',1,'TeamA','TeamC');
insert into basketballturnovers(eventId,player) values ('d2f95b03-2761-4d98-88a0-b62a1c3896d0','Cauchy');
insert into basketballgameevents(id,gameId,playType,period,teamFor,teamAgainst) values ('4ef26fad-5796-431d-8584-c20a2fff9343','9929b1a8-3ca8-4422-a9a2-e7e1c0094af0','point',1,'TeamC','TeamA');
insert into basketballpoints(eventId,player,assist,result,point) values ('4ef26fad-5796-431d-8584-c20a2fff9343', 'Denver', 'Dickson', 'made', 1);
insert into basketballgameevents(id,gameId,playType,period,teamFor,teamAgainst) values ('efca07ab-1baf-43cf-8922-1f65831827fc','9929b1a8-3ca8-4422-a9a2-e7e1c0094af0','turnover',1,'TeamA','TeamC');
insert into basketballturnovers(eventId,player) values ('efca07ab-1baf-43cf-8922-1f65831827fc','Cauchy');
insert into basketballgameevents(id,gameId,playType,period,teamFor,teamAgainst) values ('ed295507-4527-461d-9684-9d81d34517c0','9929b1a8-3ca8-4422-a9a2-e7e1c0094af0','point',1,'TeamA','TeamC');
insert into basketballpoints(eventId,player,assist,result,point) values ('ed295507-4527-461d-9684-9d81d34517c0', 'Cauchy', 'Caleb', 'made', 2);
insert into basketballgameevents(id,gameId,playType,period,teamFor,teamAgainst) values ('52d5cc71-34b2-4a2c-b9e6-b19c38f6e5b2','9929b1a8-3ca8-4422-a9a2-e7e1c0094af0','rebound',1,'TeamA','TeamC');
insert into basketballrebounds(eventId,player) values ('52d5cc71-34b2-4a2c-b9e6-b19c38f6e5b2','Camel');
insert into basketballgameevents(id,gameId,playType,period,teamFor,teamAgainst) values ('d7100819-119b-44e1-819d-db69acc25981','9929b1a8-3ca8-4422-a9a2-e7e1c0094af0','foul',1,'TeamC','TeamA');
insert into basketballfouls(eventId,player,reason) values ('d7100819-119b-44e1-819d-db69acc25981','Dickson','Pushing');
insert into basketballgameevents(id,gameId,playType,period,teamFor,teamAgainst) values ('2f2eb824-579a-4a65-b265-fac94b4ab6a8','9929b1a8-3ca8-4422-a9a2-e7e1c0094af0','block',1,'TeamC','TeamA');
insert into basketballblocks(eventId,player) values ('2f2eb824-579a-4a65-b265-fac94b4ab6a8','Doppler');
insert into basketballgameevents(id,gameId,playType,period,teamFor,teamAgainst) values ('38767780-20d1-4a57-9ebe-d6df2e51cb2f','9929b1a8-3ca8-4422-a9a2-e7e1c0094af0','turnover',1,'TeamC','TeamA');
insert into basketballturnovers(eventId,player) values ('38767780-20d1-4a57-9ebe-d6df2e51cb2f','Denver');
insert into basketballgameevents(id,gameId,playType,period,teamFor,teamAgainst) values ('7b374460-63df-418d-a2bb-a74b64d3d864','9929b1a8-3ca8-4422-a9a2-e7e1c0094af0','block',1,'TeamC','TeamA');
insert into basketballblocks(eventId,player) values ('7b374460-63df-418d-a2bb-a74b64d3d864','Daniel');
insert into basketballgameevents(id,gameId,playType,period,teamFor,teamAgainst) values ('ea75725b-6ac5-4a7f-b86c-ce97d20f0f06','9929b1a8-3ca8-4422-a9a2-e7e1c0094af0','turnover',1,'TeamC','TeamA');
insert into basketballturnovers(eventId,player) values ('ea75725b-6ac5-4a7f-b86c-ce97d20f0f06','Doppler');
insert into basketballgameevents(id,gameId,playType,period,teamFor,teamAgainst) values ('a672aa76-b120-4a57-9c9d-dd120b1c890c','9929b1a8-3ca8-4422-a9a2-e7e1c0094af0','turnover',1,'TeamC','TeamA');
insert into basketballturnovers(eventId,player) values ('a672aa76-b120-4a57-9c9d-dd120b1c890c','Daniel');
insert into basketballgameevents(id,gameId,playType,period,teamFor,teamAgainst) values ('3b1b98a6-021b-45fc-a3fa-7b6f1b9ccc5a','9929b1a8-3ca8-4422-a9a2-e7e1c0094af0','foul',1,'TeamA','TeamC');
insert into basketballfouls(eventId,player,reason) values ('3b1b98a6-021b-45fc-a3fa-7b6f1b9ccc5a','Cameron','Holding');
insert into basketballgameevents(id,gameId,playType,period,teamFor,teamAgainst) values ('a68c8749-92c4-4c04-8726-454ca067b297','9929b1a8-3ca8-4422-a9a2-e7e1c0094af0','point',1,'TeamC','TeamA');
insert into basketballpoints(eventId,player,result,point) values ('a68c8749-92c4-4c04-8726-454ca067b297','Dickson','made',1);
insert into basketballgameevents(id,gameId,playType,period,teamFor,teamAgainst) values ('604e7745-3967-4454-8d30-8581ad864007','9929b1a8-3ca8-4422-a9a2-e7e1c0094af0','turnover',1,'TeamC','TeamA');
insert into basketballturnovers(eventId,player) values ('604e7745-3967-4454-8d30-8581ad864007','Dapper');
insert into basketballgameevents(id,gameId,playType,period,teamFor,teamAgainst) values ('5076f019-9aaa-4d66-8b61-88edd9bab353','9929b1a8-3ca8-4422-a9a2-e7e1c0094af0','turnover',1,'TeamA','TeamC');
insert into basketballturnovers(eventId,player) values ('5076f019-9aaa-4d66-8b61-88edd9bab353','Cody');
insert into basketballgameevents(id,gameId,playType,period,teamFor,teamAgainst) values ('2f5be812-a550-4a16-bd3a-7bce9a1e3683','9929b1a8-3ca8-4422-a9a2-e7e1c0094af0','foul',1,'TeamA','TeamC');
insert into basketballfouls(eventId,player,reason) values ('2f5be812-a550-4a16-bd3a-7bce9a1e3683','Cauchy','Holding');
insert into basketballgameevents(id,gameId,playType,period,teamFor,teamAgainst) values ('7cbde99b-8956-405c-a13b-3b9e30604e3d','9929b1a8-3ca8-4422-a9a2-e7e1c0094af0','rebound',1,'TeamA','TeamC');
insert into basketballrebounds(eventId,player) values ('7cbde99b-8956-405c-a13b-3b9e30604e3d','Caleb');
insert into basketballgameevents(id,gameId,playType,period,teamFor,teamAgainst) values ('50ecbb5b-8d34-40f4-9fdf-5dd3c743ffec','9929b1a8-3ca8-4422-a9a2-e7e1c0094af0','block',1,'TeamC','TeamA');
insert into basketballblocks(eventId,player) values ('50ecbb5b-8d34-40f4-9fdf-5dd3c743ffec','Daniel');
insert into basketballgameevents(id,gameId,playType,period,teamFor,teamAgainst) values ('f1c8743f-f7b8-4c52-b43c-287477b2bd88','9929b1a8-3ca8-4422-a9a2-e7e1c0094af0','turnover',1,'TeamC','TeamA');
insert into basketballturnovers(eventId,player) values ('f1c8743f-f7b8-4c52-b43c-287477b2bd88','Denver');
insert into basketballgameevents(id,gameId,playType,period,teamFor,teamAgainst) values ('3712b49a-a669-433a-b6f2-7fd758d90c6d','9929b1a8-3ca8-4422-a9a2-e7e1c0094af0','block',1,'TeamA','TeamC');
insert into basketballblocks(eventId,player) values ('3712b49a-a669-433a-b6f2-7fd758d90c6d','Cauchy');
insert into basketballgameevents(id,gameId,playType,period,teamFor,teamAgainst) values ('c162de3d-e8d9-4f65-969c-b3d3c76d3a14','9929b1a8-3ca8-4422-a9a2-e7e1c0094af0','block',1,'TeamC','TeamA');
insert into basketballblocks(eventId,player) values ('c162de3d-e8d9-4f65-969c-b3d3c76d3a14','Denver');
insert into basketballgameevents(id,gameId,playType,period,teamFor,teamAgainst) values ('a7603e4d-ffba-4d3c-a4c8-849b929b3532','9929b1a8-3ca8-4422-a9a2-e7e1c0094af0','rebound',1,'TeamC','TeamA');
insert into basketballrebounds(eventId,player) values ('a7603e4d-ffba-4d3c-a4c8-849b929b3532','Doppler');
insert into basketballgameevents(id,gameId,playType,period,teamFor,teamAgainst) values ('efad294c-66c1-4bda-8e46-46e6c9c91869','9929b1a8-3ca8-4422-a9a2-e7e1c0094af0','turnover',1,'TeamC','TeamA');
insert into basketballturnovers(eventId,player) values ('efad294c-66c1-4bda-8e46-46e6c9c91869','Doppler');
insert into basketballgameevents(id,gameId,playType,period,teamFor,teamAgainst) values ('e771a0ce-eba7-4e93-944f-98ea96747437','9929b1a8-3ca8-4422-a9a2-e7e1c0094af0','steal',1,'TeamC','TeamA');
insert into basketballsteals(eventId,player) values ('e771a0ce-eba7-4e93-944f-98ea96747437','Doppler');
insert into basketballgameevents(id,gameId,playType,period,teamFor,teamAgainst) values ('6c4596e0-418c-44ff-8769-5130a18ecd07','9929b1a8-3ca8-4422-a9a2-e7e1c0094af0','rebound',1,'TeamC','TeamA');
insert into basketballrebounds(eventId,player) values ('6c4596e0-418c-44ff-8769-5130a18ecd07','Dickson');
insert into basketballgameevents(id,gameId,playType,period,teamFor,teamAgainst) values ('b26c101b-ba06-4dfd-89b5-887023a9d13f','9929b1a8-3ca8-4422-a9a2-e7e1c0094af0','rebound',1,'TeamA','TeamC');
insert into basketballrebounds(eventId,player) values ('b26c101b-ba06-4dfd-89b5-887023a9d13f','Camel');
insert into basketballgameevents(id,gameId,playType,period,teamFor,teamAgainst) values ('2ff84c60-6f53-4ec8-9481-20be3d36bdde','9929b1a8-3ca8-4422-a9a2-e7e1c0094af0','turnover',1,'TeamA','TeamC');
insert into basketballturnovers(eventId,player) values ('2ff84c60-6f53-4ec8-9481-20be3d36bdde','Caleb');
insert into basketballgameevents(id,gameId,playType,period,teamFor,teamAgainst) values ('461dd8f3-6b90-45f1-844d-e0d8a346f80c','9929b1a8-3ca8-4422-a9a2-e7e1c0094af0','turnover',1,'TeamC','TeamA');
insert into basketballturnovers(eventId,player) values ('461dd8f3-6b90-45f1-844d-e0d8a346f80c','Doppler');
insert into basketballgameevents(id,gameId,playType,period,teamFor,teamAgainst) values ('88a05522-f732-4bab-9d21-6b1c7f5d917f','9929b1a8-3ca8-4422-a9a2-e7e1c0094af0','turnover',1,'TeamC','TeamA');
insert into basketballturnovers(eventId,player) values ('88a05522-f732-4bab-9d21-6b1c7f5d917f','Denver');
insert into basketballgameevents(id,gameId,playType,period,teamFor,teamAgainst) values ('f2955d5b-86f6-4be0-bf40-dbe6683e04b5','9929b1a8-3ca8-4422-a9a2-e7e1c0094af0','steal',1,'TeamC','TeamA');
insert into basketballsteals(eventId,player) values ('f2955d5b-86f6-4be0-bf40-dbe6683e04b5','Doppler');
insert into basketballgameevents(id,gameId,playType,period,teamFor,teamAgainst) values ('207e0b83-1d11-4316-8265-3e30b2df86ee','9929b1a8-3ca8-4422-a9a2-e7e1c0094af0','foul',1,'TeamA','TeamC');
insert into basketballfouls(eventId,player,reason) values ('207e0b83-1d11-4316-8265-3e30b2df86ee','Camel','Holding');
insert into basketballgameevents(id,gameId,playType,period,teamFor,teamAgainst) values ('26ef333c-1da8-4da3-a7e6-a88ee88d978d','9929b1a8-3ca8-4422-a9a2-e7e1c0094af0','foul',1,'TeamA','TeamC');
insert into basketballfouls(eventId,player,reason) values ('26ef333c-1da8-4da3-a7e6-a88ee88d978d','Cameron','Holding');
insert into basketballgameevents(id,gameId,playType,period,teamFor,teamAgainst) values ('1b83492e-18b8-4201-98ad-e21cdcb695f7','9929b1a8-3ca8-4422-a9a2-e7e1c0094af0','foul',1,'TeamA','TeamC');
insert into basketballfouls(eventId,player,reason) values ('1b83492e-18b8-4201-98ad-e21cdcb695f7','Cameron','Holding');
insert into basketballgameevents(id,gameId,playType,period,teamFor,teamAgainst) values ('4cac7388-56f0-441c-bc01-68fad1d1135d','9929b1a8-3ca8-4422-a9a2-e7e1c0094af0','rebound',1,'TeamC','TeamA');
insert into basketballrebounds(eventId,player) values ('4cac7388-56f0-441c-bc01-68fad1d1135d','Denver');
insert into basketballgameevents(id,gameId,playType,period,teamFor,teamAgainst) values ('1f024db9-29be-4ae1-9bba-9e803845d968','9929b1a8-3ca8-4422-a9a2-e7e1c0094af0','steal',1,'TeamA','TeamC');
insert into basketballsteals(eventId,player) values ('1f024db9-29be-4ae1-9bba-9e803845d968','Cameron');
insert into basketballgameevents(id,gameId,playType,period,teamFor,teamAgainst) values ('4329942e-a0e4-44c5-92a8-b2ce60793f8d','9929b1a8-3ca8-4422-a9a2-e7e1c0094af0','point',1,'TeamA','TeamC');
insert into basketballpoints(eventId,player,result,point) values ('4329942e-a0e4-44c5-92a8-b2ce60793f8d','Cody','made',3);
insert into basketballgameevents(id,gameId,playType,period,teamFor,teamAgainst) values ('15c70408-5d85-4f31-ac43-c4a9da8bc2e6','9929b1a8-3ca8-4422-a9a2-e7e1c0094af0','rebound',1,'TeamA','TeamC');
insert into basketballrebounds(eventId,player) values ('15c70408-5d85-4f31-ac43-c4a9da8bc2e6','Camel');
insert into basketballgameevents(id,gameId,playType,period,teamFor,teamAgainst) values ('8787b198-6aa5-49b7-bce8-6e590dd8abb4','9929b1a8-3ca8-4422-a9a2-e7e1c0094af0','turnover',1,'TeamC','TeamA');
insert into basketballturnovers(eventId,player) values ('8787b198-6aa5-49b7-bce8-6e590dd8abb4','Daniel');
insert into basketballgameevents(id,gameId,playType,period,teamFor,teamAgainst) values ('3b7b1f59-5b8e-41fe-8888-6f587989ee95','9929b1a8-3ca8-4422-a9a2-e7e1c0094af0','block',1,'TeamC','TeamA');
insert into basketballblocks(eventId,player) values ('3b7b1f59-5b8e-41fe-8888-6f587989ee95','Dickson');
insert into basketballgameevents(id,gameId,playType,period,teamFor,teamAgainst) values ('6a30d94f-bc94-436b-8491-f45d92e989fc','9929b1a8-3ca8-4422-a9a2-e7e1c0094af0','turnover',1,'TeamC','TeamA');
insert into basketballturnovers(eventId,player) values ('6a30d94f-bc94-436b-8491-f45d92e989fc','Denver');
insert into basketballgameevents(id,gameId,playType,period,teamFor,teamAgainst) values ('42e4c201-7ec7-4e77-8a31-22eff32f363a','9929b1a8-3ca8-4422-a9a2-e7e1c0094af0','point',1,'TeamA','TeamC');
insert into basketballpoints(eventId,player,result,point) values ('42e4c201-7ec7-4e77-8a31-22eff32f363a','Caleb','miss',3);
insert into basketballgameevents(id,gameId,playType,period,teamFor,teamAgainst) values ('9ffe47ce-e091-4363-9de7-c83f259b0efe','9929b1a8-3ca8-4422-a9a2-e7e1c0094af0','steal',1,'TeamA','TeamC');
insert into basketballsteals(eventId,player) values ('9ffe47ce-e091-4363-9de7-c83f259b0efe','Cameron');
insert into basketballgameevents(id,gameId,playType,period,teamFor,teamAgainst) values ('79c928b0-4b8a-4c77-bf69-f3cd79137ad3','9929b1a8-3ca8-4422-a9a2-e7e1c0094af0','point',1,'TeamA','TeamC');
insert into basketballpoints(eventId,player,result,point) values ('79c928b0-4b8a-4c77-bf69-f3cd79137ad3','Cody','miss',1);
insert into basketballgameevents(id,gameId,playType,period,teamFor,teamAgainst) values ('6bb3c04d-1a42-4e08-9626-7499df2e31b6','9929b1a8-3ca8-4422-a9a2-e7e1c0094af0','steal',1,'TeamA','TeamC');
insert into basketballsteals(eventId,player) values ('6bb3c04d-1a42-4e08-9626-7499df2e31b6','Cameron');
insert into basketballgameevents(id,gameId,playType,period,teamFor,teamAgainst) values ('a64d2171-2fda-41ef-a15f-8df0e7921774','9929b1a8-3ca8-4422-a9a2-e7e1c0094af0','block',1,'TeamC','TeamA');
insert into basketballblocks(eventId,player) values ('a64d2171-2fda-41ef-a15f-8df0e7921774','Dickson');
insert into basketballgameevents(id,gameId,playType,period,teamFor,teamAgainst) values ('3117af79-060e-4407-9b91-7c56f38e4928','9929b1a8-3ca8-4422-a9a2-e7e1c0094af0','point',1,'TeamC','TeamA');
insert into basketballpoints(eventId,player,result,point) values ('3117af79-060e-4407-9b91-7c56f38e4928','Doppler','miss',1);
insert into basketballgameevents(id,gameId,playType,period,teamFor,teamAgainst) values ('dfb272f9-7474-4ff2-b6b6-b46092bdaa64','9929b1a8-3ca8-4422-a9a2-e7e1c0094af0','block',1,'TeamC','TeamA');
insert into basketballblocks(eventId,player) values ('dfb272f9-7474-4ff2-b6b6-b46092bdaa64','Denver');
insert into basketballgameevents(id,gameId,playType,period,teamFor,teamAgainst) values ('4f59fc25-02d4-4da3-b36c-67809648e951','9929b1a8-3ca8-4422-a9a2-e7e1c0094af0','foul',1,'TeamC','TeamA');
insert into basketballfouls(eventId,player,reason) values ('4f59fc25-02d4-4da3-b36c-67809648e951','Doppler','Holding');
insert into basketballgameevents(id,gameId,playType,period,teamFor,teamAgainst) values ('a6d01c81-19b1-48da-9662-672154315748','9929b1a8-3ca8-4422-a9a2-e7e1c0094af0','rebound',1,'TeamA','TeamC');
insert into basketballrebounds(eventId,player) values ('a6d01c81-19b1-48da-9662-672154315748','Cameron');
insert into basketballgameevents(id,gameId,playType,period,teamFor,teamAgainst) values ('8fb4b75e-6c83-4252-9c36-024df583d04d','9929b1a8-3ca8-4422-a9a2-e7e1c0094af0','turnover',1,'TeamA','TeamC');
insert into basketballturnovers(eventId,player) values ('8fb4b75e-6c83-4252-9c36-024df583d04d','Cody');
insert into basketballgameevents(id,gameId,playType,period,teamFor,teamAgainst) values ('e96e200a-edd3-4b34-98a7-187efb929e64','9929b1a8-3ca8-4422-a9a2-e7e1c0094af0','turnover',1,'TeamA','TeamC');
insert into basketballturnovers(eventId,player) values ('e96e200a-edd3-4b34-98a7-187efb929e64','Cameron');
insert into basketballgameevents(id,gameId,playType,period,teamFor,teamAgainst) values ('06d0cb68-8955-412c-a99f-1706cb425a09','9929b1a8-3ca8-4422-a9a2-e7e1c0094af0','foul',1,'TeamC','TeamA');
insert into basketballfouls(eventId,player,reason) values ('06d0cb68-8955-412c-a99f-1706cb425a09','Dapper','Pushing');
insert into basketballgameevents(id,gameId,playType,period,teamFor,teamAgainst) values ('a0bbcae0-ba56-4536-9c02-c2f6c2d91649','9929b1a8-3ca8-4422-a9a2-e7e1c0094af0','point',1,'TeamA','TeamC');
insert into basketballpoints(eventId,player,result,point) values ('a0bbcae0-ba56-4536-9c02-c2f6c2d91649','Cody','miss',3);
insert into basketballgameevents(id,gameId,playType,period,teamFor,teamAgainst) values ('df2a9f4d-63f1-4124-b8ea-23156dbbd8bf','9929b1a8-3ca8-4422-a9a2-e7e1c0094af0','point',1,'TeamC','TeamA');
insert into basketballpoints(eventId,player,result,point) values ('df2a9f4d-63f1-4124-b8ea-23156dbbd8bf','Doppler','made',3);
insert into basketballgameevents(id,gameId,playType,period,teamFor,teamAgainst) values ('486f4878-acb3-4d16-bacd-416a27814dd7','9929b1a8-3ca8-4422-a9a2-e7e1c0094af0','block',1,'TeamA','TeamC');
insert into basketballblocks(eventId,player) values ('486f4878-acb3-4d16-bacd-416a27814dd7','Cameron');
insert into basketballgameevents(id,gameId,playType,period,teamFor,teamAgainst) values ('783e1762-f4eb-4576-a422-113599044a45','9929b1a8-3ca8-4422-a9a2-e7e1c0094af0','foul',1,'TeamC','TeamA');
insert into basketballfouls(eventId,player,reason) values ('783e1762-f4eb-4576-a422-113599044a45','Daniel','Holding');
insert into basketballgameevents(id,gameId,playType,period,teamFor,teamAgainst) values ('81564def-5c13-4ccf-885b-5ca944fccc9d','9929b1a8-3ca8-4422-a9a2-e7e1c0094af0','foul',1,'TeamC','TeamA');
insert into basketballfouls(eventId,player,reason) values ('81564def-5c13-4ccf-885b-5ca944fccc9d','Daniel','Pushing');
insert into basketballgameevents(id,gameId,playType,period,teamFor,teamAgainst) values ('783d80fb-b6b6-47b8-81b8-5a604ab4510e','9929b1a8-3ca8-4422-a9a2-e7e1c0094af0','block',1,'TeamC','TeamA');
insert into basketballblocks(eventId,player) values ('783d80fb-b6b6-47b8-81b8-5a604ab4510e','Denver');
insert into basketballgameevents(id,gameId,playType,period,teamFor,teamAgainst) values ('ac13bb35-3c14-49f6-900d-eb4ceb9464ef','9929b1a8-3ca8-4422-a9a2-e7e1c0094af0','steal',1,'TeamA','TeamC');
insert into basketballsteals(eventId,player) values ('ac13bb35-3c14-49f6-900d-eb4ceb9464ef','Caleb');
insert into basketballgameevents(id,gameId,playType,period,teamFor,teamAgainst) values ('c7c6d05a-dc5e-4fcf-b9cf-970f192e4ecb','9929b1a8-3ca8-4422-a9a2-e7e1c0094af0','rebound',1,'TeamA','TeamC');
insert into basketballrebounds(eventId,player) values ('c7c6d05a-dc5e-4fcf-b9cf-970f192e4ecb','Camel');
insert into basketballgameevents(id,gameId,playType,period,teamFor,teamAgainst) values ('6b2daee8-5abb-4f03-960a-a0df9d74ad2e','9929b1a8-3ca8-4422-a9a2-e7e1c0094af0','turnover',1,'TeamA','TeamC');
insert into basketballturnovers(eventId,player) values ('6b2daee8-5abb-4f03-960a-a0df9d74ad2e','Cameron');
insert into basketballgameevents(id,gameId,playType,period,teamFor,teamAgainst) values ('51362ea3-3589-4dbe-bee2-c76e5d8e0bce','9929b1a8-3ca8-4422-a9a2-e7e1c0094af0','foul',1,'TeamC','TeamA');
insert into basketballfouls(eventId,player,reason) values ('51362ea3-3589-4dbe-bee2-c76e5d8e0bce','Dickson','Holding');
insert into basketballgameevents(id,gameId,playType,period,teamFor,teamAgainst) values ('57932ac4-9505-4c99-924c-0640c6ff4168','9929b1a8-3ca8-4422-a9a2-e7e1c0094af0','rebound',1,'TeamA','TeamC');
insert into basketballrebounds(eventId,player) values ('57932ac4-9505-4c99-924c-0640c6ff4168','Cameron');
insert into basketballgameevents(id,gameId,playType,period,teamFor,teamAgainst) values ('d983d61b-edaf-4dd4-8a28-565083fc5dfe','9929b1a8-3ca8-4422-a9a2-e7e1c0094af0','steal',1,'TeamA','TeamC');
insert into basketballsteals(eventId,player) values ('d983d61b-edaf-4dd4-8a28-565083fc5dfe','Cauchy');
insert into basketballgameevents(id,gameId,playType,period,teamFor,teamAgainst) values ('3dc7fb4c-95db-423e-a7cd-483a84d48432','9929b1a8-3ca8-4422-a9a2-e7e1c0094af0','point',1,'TeamC','TeamA');
insert into basketballpoints(eventId,player,result,point) values ('3dc7fb4c-95db-423e-a7cd-483a84d48432','Dickson','made',2);
insert into basketballgameevents(id,gameId,playType,period,teamFor,teamAgainst) values ('9f0c6ac2-8f8d-41c2-a9cc-1f4e5511e142','9929b1a8-3ca8-4422-a9a2-e7e1c0094af0','steal',1,'TeamC','TeamA');
insert into basketballsteals(eventId,player) values ('9f0c6ac2-8f8d-41c2-a9cc-1f4e5511e142','Dapper');
insert into basketballgameevents(id,gameId,playType,period,teamFor,teamAgainst) values ('cbceb0d3-92ff-4fec-a6b8-870d3134fe21','9929b1a8-3ca8-4422-a9a2-e7e1c0094af0','foul',1,'TeamC','TeamA');
insert into basketballfouls(eventId,player,reason) values ('cbceb0d3-92ff-4fec-a6b8-870d3134fe21','Doppler','Holding');
insert into basketballgameevents(id,gameId,playType,period,teamFor,teamAgainst) values ('dd62ee1c-8e8f-4562-99f1-e9190b9528fd','9929b1a8-3ca8-4422-a9a2-e7e1c0094af0','block',1,'TeamA','TeamC');
insert into basketballblocks(eventId,player) values ('dd62ee1c-8e8f-4562-99f1-e9190b9528fd','Camel');
insert into basketballgameevents(id,gameId,playType,period,teamFor,teamAgainst) values ('79c6f76f-d99c-4179-9f0f-2d1c24fbbbeb','9929b1a8-3ca8-4422-a9a2-e7e1c0094af0','point',1,'TeamC','TeamA');
insert into basketballpoints(eventId,player,result,point) values ('79c6f76f-d99c-4179-9f0f-2d1c24fbbbeb','Dapper','miss',3);
insert into basketballgameevents(id,gameId,playType,period,teamFor,teamAgainst) values ('2e0c5594-96b8-4084-98a1-e70e068c54e6','9929b1a8-3ca8-4422-a9a2-e7e1c0094af0','block',2,'TeamC','TeamA');
insert into basketballblocks(eventId,player) values ('2e0c5594-96b8-4084-98a1-e70e068c54e6','Denver');
insert into basketballgameevents(id,gameId,playType,period,teamFor,teamAgainst) values ('078da1e2-3631-4d32-88eb-002e98dd8a42','9929b1a8-3ca8-4422-a9a2-e7e1c0094af0','block',2,'TeamA','TeamC');
insert into basketballblocks(eventId,player) values ('078da1e2-3631-4d32-88eb-002e98dd8a42','Caleb');
insert into basketballgameevents(id,gameId,playType,period,teamFor,teamAgainst) values ('218fe689-24ef-434f-ada5-1d23a06629ea','9929b1a8-3ca8-4422-a9a2-e7e1c0094af0','block',2,'TeamC','TeamA');
insert into basketballblocks(eventId,player) values ('218fe689-24ef-434f-ada5-1d23a06629ea','Dickson');
insert into basketballgameevents(id,gameId,playType,period,teamFor,teamAgainst) values ('0dc4772a-0c8f-4cec-84f2-156a4c8ed2e0','9929b1a8-3ca8-4422-a9a2-e7e1c0094af0','turnover',2,'TeamC','TeamA');
insert into basketballturnovers(eventId,player) values ('0dc4772a-0c8f-4cec-84f2-156a4c8ed2e0','Daniel');
insert into basketballgameevents(id,gameId,playType,period,teamFor,teamAgainst) values ('ea3c52c8-6834-436e-b693-fa2a356b815c','9929b1a8-3ca8-4422-a9a2-e7e1c0094af0','point',2,'TeamA','TeamC');
insert into basketballpoints(eventId,player,result,point) values ('ea3c52c8-6834-436e-b693-fa2a356b815c','Cody','made',3);
insert into basketballgameevents(id,gameId,playType,period,teamFor,teamAgainst) values ('d6f85536-e994-4719-9725-28acc4697fe9','9929b1a8-3ca8-4422-a9a2-e7e1c0094af0','point',2,'TeamA','TeamC');
insert into basketballpoints(eventId,player,result,point) values ('d6f85536-e994-4719-9725-28acc4697fe9','Caleb','made',3);
insert into basketballgameevents(id,gameId,playType,period,teamFor,teamAgainst) values ('14bd3236-ef26-43f7-a5b6-7a5a5db02627','9929b1a8-3ca8-4422-a9a2-e7e1c0094af0','foul',2,'TeamA','TeamC');
insert into basketballfouls(eventId,player,reason) values ('14bd3236-ef26-43f7-a5b6-7a5a5db02627','Camel','Holding');
insert into basketballgameevents(id,gameId,playType,period,teamFor,teamAgainst) values ('ad593635-237d-4ab7-8151-c727a676fa1b','9929b1a8-3ca8-4422-a9a2-e7e1c0094af0','rebound',2,'TeamA','TeamC');
insert into basketballrebounds(eventId,player) values ('ad593635-237d-4ab7-8151-c727a676fa1b','Cameron');
insert into basketballgameevents(id,gameId,playType,period,teamFor,teamAgainst) values ('737daf52-d47d-49ca-bc1d-dc89eabf0325','9929b1a8-3ca8-4422-a9a2-e7e1c0094af0','rebound',2,'TeamA','TeamC');
insert into basketballrebounds(eventId,player) values ('737daf52-d47d-49ca-bc1d-dc89eabf0325','Caleb');
insert into basketballgameevents(id,gameId,playType,period,teamFor,teamAgainst) values ('3755bf3b-45ad-4880-9b62-cb6c1f1ce2d2','9929b1a8-3ca8-4422-a9a2-e7e1c0094af0','block',2,'TeamC','TeamA');
insert into basketballblocks(eventId,player) values ('3755bf3b-45ad-4880-9b62-cb6c1f1ce2d2','Dapper');
insert into basketballgameevents(id,gameId,playType,period,teamFor,teamAgainst) values ('f2db1795-9643-4f50-ae52-92109b009829','9929b1a8-3ca8-4422-a9a2-e7e1c0094af0','steal',2,'TeamA','TeamC');
insert into basketballsteals(eventId,player) values ('f2db1795-9643-4f50-ae52-92109b009829','Cameron');
insert into basketballgameevents(id,gameId,playType,period,teamFor,teamAgainst) values ('0335ffbd-c5ec-483b-b15e-d45a1b5342e0','9929b1a8-3ca8-4422-a9a2-e7e1c0094af0','turnover',2,'TeamC','TeamA');
insert into basketballturnovers(eventId,player) values ('0335ffbd-c5ec-483b-b15e-d45a1b5342e0','Daniel');
insert into basketballgameevents(id,gameId,playType,period,teamFor,teamAgainst) values ('d2c1a7d8-73f8-4cbd-b563-5fe620e4f41c','9929b1a8-3ca8-4422-a9a2-e7e1c0094af0','foul',2,'TeamA','TeamC');
insert into basketballfouls(eventId,player,reason) values ('d2c1a7d8-73f8-4cbd-b563-5fe620e4f41c','Cameron','Holding');
insert into basketballgameevents(id,gameId,playType,period,teamFor,teamAgainst) values ('d76ebba4-416c-468b-be6c-ce8cf070dfed','9929b1a8-3ca8-4422-a9a2-e7e1c0094af0','turnover',2,'TeamA','TeamC');
insert into basketballturnovers(eventId,player) values ('d76ebba4-416c-468b-be6c-ce8cf070dfed','Camel');
insert into basketballgameevents(id,gameId,playType,period,teamFor,teamAgainst) values ('f0303533-34f0-468e-b788-9c29366ab310','9929b1a8-3ca8-4422-a9a2-e7e1c0094af0','block',2,'TeamC','TeamA');
insert into basketballblocks(eventId,player) values ('f0303533-34f0-468e-b788-9c29366ab310','Daniel');
insert into basketballgameevents(id,gameId,playType,period,teamFor,teamAgainst) values ('b3378cd0-337e-407f-bbcd-d1d62c321c84','9929b1a8-3ca8-4422-a9a2-e7e1c0094af0','steal',2,'TeamC','TeamA');
insert into basketballsteals(eventId,player) values ('b3378cd0-337e-407f-bbcd-d1d62c321c84','Dapper');
insert into basketballgameevents(id,gameId,playType,period,teamFor,teamAgainst) values ('c72483a7-4fd3-4507-976c-e77711855398','9929b1a8-3ca8-4422-a9a2-e7e1c0094af0','block',2,'TeamA','TeamC');
insert into basketballblocks(eventId,player) values ('c72483a7-4fd3-4507-976c-e77711855398','Cody');
insert into basketballgameevents(id,gameId,playType,period,teamFor,teamAgainst) values ('301f95ef-a1b2-4d16-a774-f26c82c0e4ee','9929b1a8-3ca8-4422-a9a2-e7e1c0094af0','block',2,'TeamA','TeamC');
insert into basketballblocks(eventId,player) values ('301f95ef-a1b2-4d16-a774-f26c82c0e4ee','Cody');
insert into basketballgameevents(id,gameId,playType,period,teamFor,teamAgainst) values ('26e7ece7-dbe8-40af-8940-27ff7d48f90f','9929b1a8-3ca8-4422-a9a2-e7e1c0094af0','foul',2,'TeamA','TeamC');
insert into basketballfouls(eventId,player,reason) values ('26e7ece7-dbe8-40af-8940-27ff7d48f90f','Camel','Holding');
insert into basketballgameevents(id,gameId,playType,period,teamFor,teamAgainst) values ('33a068f5-d248-448c-a27a-5cb4fe78031e','9929b1a8-3ca8-4422-a9a2-e7e1c0094af0','block',2,'TeamA','TeamC');
insert into basketballblocks(eventId,player) values ('33a068f5-d248-448c-a27a-5cb4fe78031e','Cameron');
insert into basketballgameevents(id,gameId,playType,period,teamFor,teamAgainst) values ('97fb4195-4376-4981-a429-bbd4550fe44d','9929b1a8-3ca8-4422-a9a2-e7e1c0094af0','block',2,'TeamA','TeamC');
insert into basketballblocks(eventId,player) values ('97fb4195-4376-4981-a429-bbd4550fe44d','Caleb');
insert into basketballgameevents(id,gameId,playType,period,teamFor,teamAgainst) values ('27c99578-eb93-48dd-a79c-f96b3b74bc1a','9929b1a8-3ca8-4422-a9a2-e7e1c0094af0','block',2,'TeamC','TeamA');
insert into basketballblocks(eventId,player) values ('27c99578-eb93-48dd-a79c-f96b3b74bc1a','Dickson');
insert into basketballgameevents(id,gameId,playType,period,teamFor,teamAgainst) values ('81a27a4c-5262-46fe-bc95-e073cff9f911','9929b1a8-3ca8-4422-a9a2-e7e1c0094af0','block',2,'TeamA','TeamC');
insert into basketballblocks(eventId,player) values ('81a27a4c-5262-46fe-bc95-e073cff9f911','Cody');
insert into basketballgameevents(id,gameId,playType,period,teamFor,teamAgainst) values ('42eb050a-0e6c-48c3-9c0c-68c760136e89','9929b1a8-3ca8-4422-a9a2-e7e1c0094af0','turnover',2,'TeamA','TeamC');
insert into basketballturnovers(eventId,player) values ('42eb050a-0e6c-48c3-9c0c-68c760136e89','Cauchy');
insert into basketballgameevents(id,gameId,playType,period,teamFor,teamAgainst) values ('f0d51812-bddf-4b63-8c33-e7fa8e9057e5','9929b1a8-3ca8-4422-a9a2-e7e1c0094af0','rebound',2,'TeamA','TeamC');
insert into basketballrebounds(eventId,player) values ('f0d51812-bddf-4b63-8c33-e7fa8e9057e5','Cody');
insert into basketballgameevents(id,gameId,playType,period,teamFor,teamAgainst) values ('e505d35a-5109-4275-8788-e458fe8efbc3','9929b1a8-3ca8-4422-a9a2-e7e1c0094af0','point',2,'TeamC','TeamA');
insert into basketballpoints(eventId,player,result,point) values ('e505d35a-5109-4275-8788-e458fe8efbc3','Dapper','miss',3);
insert into basketballgameevents(id,gameId,playType,period,teamFor,teamAgainst) values ('8c75a735-e2e7-4349-94f0-ac3012a9a3a6','9929b1a8-3ca8-4422-a9a2-e7e1c0094af0','rebound',2,'TeamA','TeamC');
insert into basketballrebounds(eventId,player) values ('8c75a735-e2e7-4349-94f0-ac3012a9a3a6','Caleb');
insert into basketballgameevents(id,gameId,playType,period,teamFor,teamAgainst) values ('39fa3670-c359-4a23-a9a0-70fbb2969fc2','9929b1a8-3ca8-4422-a9a2-e7e1c0094af0','rebound',2,'TeamC','TeamA');
insert into basketballrebounds(eventId,player) values ('39fa3670-c359-4a23-a9a0-70fbb2969fc2','Doppler');
insert into basketballgameevents(id,gameId,playType,period,teamFor,teamAgainst) values ('0d7816a0-6dbf-46f4-9e4d-1dc20667677a','9929b1a8-3ca8-4422-a9a2-e7e1c0094af0','turnover',2,'TeamC','TeamA');
insert into basketballturnovers(eventId,player) values ('0d7816a0-6dbf-46f4-9e4d-1dc20667677a','Dickson');
insert into basketballgameevents(id,gameId,playType,period,teamFor,teamAgainst) values ('fa495537-b205-40af-b120-fcdf859cdb45','9929b1a8-3ca8-4422-a9a2-e7e1c0094af0','turnover',2,'TeamC','TeamA');
insert into basketballturnovers(eventId,player) values ('fa495537-b205-40af-b120-fcdf859cdb45','Doppler');
insert into basketballgameevents(id,gameId,playType,period,teamFor,teamAgainst) values ('750f5620-698f-4dd7-b658-662589fade5f','9929b1a8-3ca8-4422-a9a2-e7e1c0094af0','steal',2,'TeamA','TeamC');
insert into basketballsteals(eventId,player) values ('750f5620-698f-4dd7-b658-662589fade5f','Camel');
insert into basketballgameevents(id,gameId,playType,period,teamFor,teamAgainst) values ('64f50f30-a564-40e8-9328-8c10d96e9b30','9929b1a8-3ca8-4422-a9a2-e7e1c0094af0','block',2,'TeamC','TeamA');
insert into basketballblocks(eventId,player) values ('64f50f30-a564-40e8-9328-8c10d96e9b30','Dickson');
insert into basketballgameevents(id,gameId,playType,period,teamFor,teamAgainst) values ('3b2bedeb-4cf1-4ef1-ac0c-c6d9561386f6','9929b1a8-3ca8-4422-a9a2-e7e1c0094af0','turnover',2,'TeamC','TeamA');
insert into basketballturnovers(eventId,player) values ('3b2bedeb-4cf1-4ef1-ac0c-c6d9561386f6','Denver');
insert into basketballgameevents(id,gameId,playType,period,teamFor,teamAgainst) values ('70dab077-8a84-4a00-83f0-7f23bbc82e86','9929b1a8-3ca8-4422-a9a2-e7e1c0094af0','foul',2,'TeamA','TeamC');
insert into basketballfouls(eventId,player,reason) values ('70dab077-8a84-4a00-83f0-7f23bbc82e86','Cauchy','Holding');
insert into basketballgameevents(id,gameId,playType,period,teamFor,teamAgainst) values ('6731e6fa-9c96-4b9d-98a1-c1fcb77cd618','9929b1a8-3ca8-4422-a9a2-e7e1c0094af0','point',2,'TeamC','TeamA');
insert into basketballpoints(eventId,player,result,point) values ('6731e6fa-9c96-4b9d-98a1-c1fcb77cd618','Dapper','miss',3);
insert into basketballgameevents(id,gameId,playType,period,teamFor,teamAgainst) values ('cf5c0689-7c29-4b14-bd99-5799c7c4ba0e','9929b1a8-3ca8-4422-a9a2-e7e1c0094af0','steal',2,'TeamA','TeamC');
insert into basketballsteals(eventId,player) values ('cf5c0689-7c29-4b14-bd99-5799c7c4ba0e','Cameron');
insert into basketballgameevents(id,gameId,playType,period,teamFor,teamAgainst) values ('1a96c1df-d789-4d20-b50b-3e038d5cae18','9929b1a8-3ca8-4422-a9a2-e7e1c0094af0','turnover',2,'TeamA','TeamC');
insert into basketballturnovers(eventId,player) values ('1a96c1df-d789-4d20-b50b-3e038d5cae18','Cody');
insert into basketballgameevents(id,gameId,playType,period,teamFor,teamAgainst) values ('6ede8111-97be-487c-8331-4a87aea47bca','9929b1a8-3ca8-4422-a9a2-e7e1c0094af0','steal',2,'TeamA','TeamC');
insert into basketballsteals(eventId,player) values ('6ede8111-97be-487c-8331-4a87aea47bca','Cauchy');
insert into basketballgameevents(id,gameId,playType,period,teamFor,teamAgainst) values ('72c3c336-7e60-4d0f-a4f9-6dc1a4470f01','9929b1a8-3ca8-4422-a9a2-e7e1c0094af0','foul',2,'TeamC','TeamA');
insert into basketballfouls(eventId,player,reason) values ('72c3c336-7e60-4d0f-a4f9-6dc1a4470f01','Daniel','Holding');
insert into basketballgameevents(id,gameId,playType,period,teamFor,teamAgainst) values ('a7b304c1-6b5a-404f-bf26-f87125a92509','9929b1a8-3ca8-4422-a9a2-e7e1c0094af0','turnover',2,'TeamC','TeamA');
insert into basketballturnovers(eventId,player) values ('a7b304c1-6b5a-404f-bf26-f87125a92509','Denver');
insert into basketballgameevents(id,gameId,playType,period,teamFor,teamAgainst) values ('775e822c-04be-4429-b0a2-e748d5e7c867','9929b1a8-3ca8-4422-a9a2-e7e1c0094af0','block',2,'TeamC','TeamA');
insert into basketballblocks(eventId,player) values ('775e822c-04be-4429-b0a2-e748d5e7c867','Dapper');
insert into basketballgameevents(id,gameId,playType,period,teamFor,teamAgainst) values ('67d46fe7-84bf-453f-8c32-68569ec8db06','9929b1a8-3ca8-4422-a9a2-e7e1c0094af0','steal',2,'TeamC','TeamA');
insert into basketballsteals(eventId,player) values ('67d46fe7-84bf-453f-8c32-68569ec8db06','Dickson');
insert into basketballgameevents(id,gameId,playType,period,teamFor,teamAgainst) values ('41c9d4ae-112f-42c9-9047-d20229fdb1b1','9929b1a8-3ca8-4422-a9a2-e7e1c0094af0','foul',2,'TeamC','TeamA');
insert into basketballfouls(eventId,player,reason) values ('41c9d4ae-112f-42c9-9047-d20229fdb1b1','Doppler','Pushing');
insert into basketballgameevents(id,gameId,playType,period,teamFor,teamAgainst) values ('934ff7a4-a42c-4947-9f65-a995908aeb5b','9929b1a8-3ca8-4422-a9a2-e7e1c0094af0','block',2,'TeamC','TeamA');
insert into basketballblocks(eventId,player) values ('934ff7a4-a42c-4947-9f65-a995908aeb5b','Dickson');
insert into basketballgameevents(id,gameId,playType,period,teamFor,teamAgainst) values ('e13c4b55-a138-48d2-b973-dd2fee0f2183','9929b1a8-3ca8-4422-a9a2-e7e1c0094af0','steal',2,'TeamC','TeamA');
insert into basketballsteals(eventId,player) values ('e13c4b55-a138-48d2-b973-dd2fee0f2183','Doppler');
insert into basketballgameevents(id,gameId,playType,period,teamFor,teamAgainst) values ('1425881e-e780-4117-b163-c68ee593fd80','9929b1a8-3ca8-4422-a9a2-e7e1c0094af0','point',2,'TeamA','TeamC');
insert into basketballpoints(eventId,player,result,point) values ('1425881e-e780-4117-b163-c68ee593fd80','Cauchy','miss',2);
insert into basketballgameevents(id,gameId,playType,period,teamFor,teamAgainst) values ('66fc9dbf-2080-4246-8a85-bd614d059530','9929b1a8-3ca8-4422-a9a2-e7e1c0094af0','point',2,'TeamA','TeamC');
insert into basketballpoints(eventId,player,assist,result,point) values ('66fc9dbf-2080-4246-8a85-bd614d059530', 'Camel', 'Cody', 'made', 3);
insert into basketballgameevents(id,gameId,playType,period,teamFor,teamAgainst) values ('9ffe7565-741d-4c72-99ca-2998dacea75e','9929b1a8-3ca8-4422-a9a2-e7e1c0094af0','steal',2,'TeamA','TeamC');
insert into basketballsteals(eventId,player) values ('9ffe7565-741d-4c72-99ca-2998dacea75e','Camel');
insert into basketballgameevents(id,gameId,playType,period,teamFor,teamAgainst) values ('cd8628bf-21b0-4a74-a382-a6e1de8df410','9929b1a8-3ca8-4422-a9a2-e7e1c0094af0','steal',2,'TeamA','TeamC');
insert into basketballsteals(eventId,player) values ('cd8628bf-21b0-4a74-a382-a6e1de8df410','Cody');
insert into basketballgameevents(id,gameId,playType,period,teamFor,teamAgainst) values ('765d75c3-02ff-4eb7-98bf-7f8687d6af30','9929b1a8-3ca8-4422-a9a2-e7e1c0094af0','steal',2,'TeamC','TeamA');
insert into basketballsteals(eventId,player) values ('765d75c3-02ff-4eb7-98bf-7f8687d6af30','Dickson');
insert into basketballgameevents(id,gameId,playType,period,teamFor,teamAgainst) values ('0cde7c44-b5b7-4124-ac60-00cb4d64934c','9929b1a8-3ca8-4422-a9a2-e7e1c0094af0','point',2,'TeamC','TeamA');
insert into basketballpoints(eventId,player,result,point) values ('0cde7c44-b5b7-4124-ac60-00cb4d64934c','Dickson','made',1);
insert into basketballgameevents(id,gameId,playType,period,teamFor,teamAgainst) values ('7b9a7dde-378c-4185-be04-0d5af8186176','9929b1a8-3ca8-4422-a9a2-e7e1c0094af0','foul',2,'TeamA','TeamC');
insert into basketballfouls(eventId,player,reason) values ('7b9a7dde-378c-4185-be04-0d5af8186176','Cody','Holding');
insert into basketballgameevents(id,gameId,playType,period,teamFor,teamAgainst) values ('9bfce57e-ecd0-48d9-b0af-d21437f2dea3','9929b1a8-3ca8-4422-a9a2-e7e1c0094af0','foul',2,'TeamC','TeamA');
insert into basketballfouls(eventId,player,reason) values ('9bfce57e-ecd0-48d9-b0af-d21437f2dea3','Dickson','Pushing');
insert into basketballgameevents(id,gameId,playType,period,teamFor,teamAgainst) values ('fa6a5137-cb0e-47d2-ad0d-f8ee00815b60','9929b1a8-3ca8-4422-a9a2-e7e1c0094af0','rebound',2,'TeamA','TeamC');
insert into basketballrebounds(eventId,player) values ('fa6a5137-cb0e-47d2-ad0d-f8ee00815b60','Caleb');
insert into basketballgameevents(id,gameId,playType,period,teamFor,teamAgainst) values ('9e6bba56-874d-4598-9c5a-657e43f1186b','9929b1a8-3ca8-4422-a9a2-e7e1c0094af0','turnover',2,'TeamA','TeamC');
insert into basketballturnovers(eventId,player) values ('9e6bba56-874d-4598-9c5a-657e43f1186b','Camel');
insert into basketballgameevents(id,gameId,playType,period,teamFor,teamAgainst) values ('356177c7-64a9-4f7e-82df-4988055aa046','9929b1a8-3ca8-4422-a9a2-e7e1c0094af0','rebound',2,'TeamA','TeamC');
insert into basketballrebounds(eventId,player) values ('356177c7-64a9-4f7e-82df-4988055aa046','Cody');
insert into basketballgameevents(id,gameId,playType,period,teamFor,teamAgainst) values ('968d41fa-5b24-4351-b6b8-f43468a3b85f','9929b1a8-3ca8-4422-a9a2-e7e1c0094af0','block',2,'TeamA','TeamC');
insert into basketballblocks(eventId,player) values ('968d41fa-5b24-4351-b6b8-f43468a3b85f','Caleb');
insert into basketballgameevents(id,gameId,playType,period,teamFor,teamAgainst) values ('09bc4113-9145-4138-aa5c-846481624395','9929b1a8-3ca8-4422-a9a2-e7e1c0094af0','rebound',2,'TeamC','TeamA');
insert into basketballrebounds(eventId,player) values ('09bc4113-9145-4138-aa5c-846481624395','Daniel');
insert into basketballgameevents(id,gameId,playType,period,teamFor,teamAgainst) values ('509b87e5-ef73-4bd2-9232-0c72a3434e87','9929b1a8-3ca8-4422-a9a2-e7e1c0094af0','foul',2,'TeamA','TeamC');
insert into basketballfouls(eventId,player,reason) values ('509b87e5-ef73-4bd2-9232-0c72a3434e87','Cauchy','Holding');
insert into basketballgameevents(id,gameId,playType,period,teamFor,teamAgainst) values ('2c777025-94af-447d-9816-580756c3eff6','9929b1a8-3ca8-4422-a9a2-e7e1c0094af0','block',2,'TeamC','TeamA');
insert into basketballblocks(eventId,player) values ('2c777025-94af-447d-9816-580756c3eff6','Daniel');
insert into basketballgameevents(id,gameId,playType,period,teamFor,teamAgainst) values ('50930689-8ba3-4d8b-a5c1-000b4c4d01e1','9929b1a8-3ca8-4422-a9a2-e7e1c0094af0','turnover',2,'TeamA','TeamC');
insert into basketballturnovers(eventId,player) values ('50930689-8ba3-4d8b-a5c1-000b4c4d01e1','Cody');
insert into basketballgameevents(id,gameId,playType,period,teamFor,teamAgainst) values ('4cfb1759-7153-4d73-b529-b946a8a6f5c0','9929b1a8-3ca8-4422-a9a2-e7e1c0094af0','turnover',2,'TeamA','TeamC');
insert into basketballturnovers(eventId,player) values ('4cfb1759-7153-4d73-b529-b946a8a6f5c0','Camel');
insert into basketballgameevents(id,gameId,playType,period,teamFor,teamAgainst) values ('467bf2ec-e47c-4f45-9790-d88c7485d84f','9929b1a8-3ca8-4422-a9a2-e7e1c0094af0','block',2,'TeamA','TeamC');
insert into basketballblocks(eventId,player) values ('467bf2ec-e47c-4f45-9790-d88c7485d84f','Cameron');
insert into basketballgameevents(id,gameId,playType,period,teamFor,teamAgainst) values ('b7b32ae5-00d2-44e2-9449-795d8d9b3722','9929b1a8-3ca8-4422-a9a2-e7e1c0094af0','block',2,'TeamA','TeamC');
insert into basketballblocks(eventId,player) values ('b7b32ae5-00d2-44e2-9449-795d8d9b3722','Camel');
insert into basketballgameevents(id,gameId,playType,period,teamFor,teamAgainst) values ('0f8ce955-4282-4929-a768-895be496576b','9929b1a8-3ca8-4422-a9a2-e7e1c0094af0','foul',2,'TeamC','TeamA');
insert into basketballfouls(eventId,player,reason) values ('0f8ce955-4282-4929-a768-895be496576b','Doppler','Holding');
insert into basketballgameevents(id,gameId,playType,period,teamFor,teamAgainst) values ('fa1c9224-a3c7-4079-b00c-cd47d99ffeb3','9929b1a8-3ca8-4422-a9a2-e7e1c0094af0','turnover',2,'TeamA','TeamC');
insert into basketballturnovers(eventId,player) values ('fa1c9224-a3c7-4079-b00c-cd47d99ffeb3','Camel');
insert into basketballgameevents(id,gameId,playType,period,teamFor,teamAgainst) values ('2072a229-90eb-4c36-9533-b9822d147413','9929b1a8-3ca8-4422-a9a2-e7e1c0094af0','block',2,'TeamC','TeamA');
insert into basketballblocks(eventId,player) values ('2072a229-90eb-4c36-9533-b9822d147413','Doppler');
insert into basketballgameevents(id,gameId,playType,period,teamFor,teamAgainst) values ('635c17a5-7287-49cb-bc59-63d14a968fb0','9929b1a8-3ca8-4422-a9a2-e7e1c0094af0','block',2,'TeamC','TeamA');
insert into basketballblocks(eventId,player) values ('635c17a5-7287-49cb-bc59-63d14a968fb0','Doppler');
insert into basketballgameevents(id,gameId,playType,period,teamFor,teamAgainst) values ('831ccbda-1b6f-4edd-bddf-faeda41bfc37','9929b1a8-3ca8-4422-a9a2-e7e1c0094af0','rebound',2,'TeamA','TeamC');
insert into basketballrebounds(eventId,player) values ('831ccbda-1b6f-4edd-bddf-faeda41bfc37','Camel');
insert into basketballgameevents(id,gameId,playType,period,teamFor,teamAgainst) values ('642edbe3-c24a-4bc2-959c-143b209a820d','9929b1a8-3ca8-4422-a9a2-e7e1c0094af0','point',2,'TeamC','TeamA');
insert into basketballpoints(eventId,player,assist,result,point) values ('642edbe3-c24a-4bc2-959c-143b209a820d', 'Dapper', 'Doppler', 'made', 2);
insert into basketballgameevents(id,gameId,playType,period,teamFor,teamAgainst) values ('52894788-6cb9-47f8-ac40-294082c6f796','9929b1a8-3ca8-4422-a9a2-e7e1c0094af0','rebound',2,'TeamC','TeamA');
insert into basketballrebounds(eventId,player) values ('52894788-6cb9-47f8-ac40-294082c6f796','Dapper');
insert into basketballgameevents(id,gameId,playType,period,teamFor,teamAgainst) values ('54e3c5a7-0a2d-494e-8d25-363e0d8113da','9929b1a8-3ca8-4422-a9a2-e7e1c0094af0','point',2,'TeamC','TeamA');
insert into basketballpoints(eventId,player,assist,result,point) values ('54e3c5a7-0a2d-494e-8d25-363e0d8113da', 'Denver', 'Dickson', 'made', 1);
insert into basketballgameevents(id,gameId,playType,period,teamFor,teamAgainst) values ('a82615b9-63dc-4a1b-a045-1924a5aa6e51','9929b1a8-3ca8-4422-a9a2-e7e1c0094af0','steal',2,'TeamA','TeamC');
insert into basketballsteals(eventId,player) values ('a82615b9-63dc-4a1b-a045-1924a5aa6e51','Cameron');
insert into basketballgameevents(id,gameId,playType,period,teamFor,teamAgainst) values ('69306ebb-aa4d-4e3b-a712-58b6f2370281','9929b1a8-3ca8-4422-a9a2-e7e1c0094af0','steal',2,'TeamA','TeamC');
insert into basketballsteals(eventId,player) values ('69306ebb-aa4d-4e3b-a712-58b6f2370281','Cauchy');
insert into basketballgameevents(id,gameId,playType,period,teamFor,teamAgainst) values ('480de601-f29f-4ae7-87a4-447ab8b2bb44','9929b1a8-3ca8-4422-a9a2-e7e1c0094af0','point',2,'TeamA','TeamC');
insert into basketballpoints(eventId,player,result,point) values ('480de601-f29f-4ae7-87a4-447ab8b2bb44','Cameron','miss',3);
insert into basketballgameevents(id,gameId,playType,period,teamFor,teamAgainst) values ('bab4bab3-2543-4709-bb52-60a8947a5889','9929b1a8-3ca8-4422-a9a2-e7e1c0094af0','steal',2,'TeamA','TeamC');
insert into basketballsteals(eventId,player) values ('bab4bab3-2543-4709-bb52-60a8947a5889','Caleb');
insert into basketballgameevents(id,gameId,playType,period,teamFor,teamAgainst) values ('a338dd7f-6372-4f4e-844b-99a8a1ba3d16','9929b1a8-3ca8-4422-a9a2-e7e1c0094af0','block',2,'TeamC','TeamA');
insert into basketballblocks(eventId,player) values ('a338dd7f-6372-4f4e-844b-99a8a1ba3d16','Dickson');
insert into basketballgameevents(id,gameId,playType,period,teamFor,teamAgainst) values ('fbb40d7c-4dcb-4d64-8c03-dfe9771e8eb2','9929b1a8-3ca8-4422-a9a2-e7e1c0094af0','steal',2,'TeamA','TeamC');
insert into basketballsteals(eventId,player) values ('fbb40d7c-4dcb-4d64-8c03-dfe9771e8eb2','Camel');
insert into basketballgameevents(id,gameId,playType,period,teamFor,teamAgainst) values ('20bc4877-be69-4797-8c3a-d2f2a6e106bb','9929b1a8-3ca8-4422-a9a2-e7e1c0094af0','block',2,'TeamC','TeamA');
insert into basketballblocks(eventId,player) values ('20bc4877-be69-4797-8c3a-d2f2a6e106bb','Daniel');
insert into basketballgameevents(id,gameId,playType,period,teamFor,teamAgainst) values ('4b158fc5-e53e-497d-853b-b08db32ce57a','9929b1a8-3ca8-4422-a9a2-e7e1c0094af0','steal',2,'TeamC','TeamA');
insert into basketballsteals(eventId,player) values ('4b158fc5-e53e-497d-853b-b08db32ce57a','Daniel');
insert into basketballgameevents(id,gameId,playType,period,teamFor,teamAgainst) values ('efb75570-c3f7-44fc-a2f4-aaa9197b031f','9929b1a8-3ca8-4422-a9a2-e7e1c0094af0','rebound',2,'TeamA','TeamC');
insert into basketballrebounds(eventId,player) values ('efb75570-c3f7-44fc-a2f4-aaa9197b031f','Caleb');
insert into basketballgameevents(id,gameId,playType,period,teamFor,teamAgainst) values ('ff189c69-8740-47e8-a8dc-8a971bb0fb1a','9929b1a8-3ca8-4422-a9a2-e7e1c0094af0','steal',2,'TeamC','TeamA');
insert into basketballsteals(eventId,player) values ('ff189c69-8740-47e8-a8dc-8a971bb0fb1a','Dapper');
insert into basketballgameevents(id,gameId,playType,period,teamFor,teamAgainst) values ('5f9a3891-17cf-42d7-881e-9af08b7abe21','9929b1a8-3ca8-4422-a9a2-e7e1c0094af0','foul',2,'TeamC','TeamA');
insert into basketballfouls(eventId,player,reason) values ('5f9a3891-17cf-42d7-881e-9af08b7abe21','Dapper','Pushing');
insert into basketballgameevents(id,gameId,playType,period,teamFor,teamAgainst) values ('ca780d8f-8078-4acd-88de-bb4dbcb6df2f','9929b1a8-3ca8-4422-a9a2-e7e1c0094af0','turnover',2,'TeamC','TeamA');
insert into basketballturnovers(eventId,player) values ('ca780d8f-8078-4acd-88de-bb4dbcb6df2f','Daniel');
insert into basketballgameevents(id,gameId,playType,period,teamFor,teamAgainst) values ('28bbff28-e05b-48f9-8da0-d0ecbc270f33','9929b1a8-3ca8-4422-a9a2-e7e1c0094af0','point',2,'TeamC','TeamA');
insert into basketballpoints(eventId,player,assist,result,point) values ('28bbff28-e05b-48f9-8da0-d0ecbc270f33', 'Dapper', 'Denver', 'made', 2);
insert into basketballgameevents(id,gameId,playType,period,teamFor,teamAgainst) values ('844de271-b53c-485d-b03f-65d793fbf4db','9929b1a8-3ca8-4422-a9a2-e7e1c0094af0','turnover',2,'TeamA','TeamC');
insert into basketballturnovers(eventId,player) values ('844de271-b53c-485d-b03f-65d793fbf4db','Caleb');
insert into basketballgameevents(id,gameId,playType,period,teamFor,teamAgainst) values ('a877f743-7246-4fcc-817c-731fc4c1aa14','9929b1a8-3ca8-4422-a9a2-e7e1c0094af0','block',2,'TeamA','TeamC');
insert into basketballblocks(eventId,player) values ('a877f743-7246-4fcc-817c-731fc4c1aa14','Camel');
insert into basketballgameevents(id,gameId,playType,period,teamFor,teamAgainst) values ('1ae00d31-06a8-454d-941b-aae6686c001b','9929b1a8-3ca8-4422-a9a2-e7e1c0094af0','block',2,'TeamA','TeamC');
insert into basketballblocks(eventId,player) values ('1ae00d31-06a8-454d-941b-aae6686c001b','Cauchy');
insert into basketballgameevents(id,gameId,playType,period,teamFor,teamAgainst) values ('c325b606-0968-4374-99ca-714f271c9dde','9929b1a8-3ca8-4422-a9a2-e7e1c0094af0','steal',2,'TeamA','TeamC');
insert into basketballsteals(eventId,player) values ('c325b606-0968-4374-99ca-714f271c9dde','Cauchy');
insert into basketballgameevents(id,gameId,playType,period,teamFor,teamAgainst) values ('db1d0bfc-46fd-43b8-ae13-76fc94654de6','9929b1a8-3ca8-4422-a9a2-e7e1c0094af0','turnover',2,'TeamC','TeamA');
insert into basketballturnovers(eventId,player) values ('db1d0bfc-46fd-43b8-ae13-76fc94654de6','Dickson');
insert into basketballgameevents(id,gameId,playType,period,teamFor,teamAgainst) values ('6fd8dd62-7b2c-4956-8f1d-414ca3fa51ad','9929b1a8-3ca8-4422-a9a2-e7e1c0094af0','block',2,'TeamC','TeamA');
insert into basketballblocks(eventId,player) values ('6fd8dd62-7b2c-4956-8f1d-414ca3fa51ad','Daniel');
insert into basketballgameevents(id,gameId,playType,period,teamFor,teamAgainst) values ('21b6c96e-f53e-44b1-940a-2e89daa69ec5','9929b1a8-3ca8-4422-a9a2-e7e1c0094af0','rebound',2,'TeamC','TeamA');
insert into basketballrebounds(eventId,player) values ('21b6c96e-f53e-44b1-940a-2e89daa69ec5','Doppler');
insert into basketballgameevents(id,gameId,playType,period,teamFor,teamAgainst) values ('1c1fb068-34bc-45b3-984c-84df49456476','9929b1a8-3ca8-4422-a9a2-e7e1c0094af0','foul',2,'TeamC','TeamA');
insert into basketballfouls(eventId,player,reason) values ('1c1fb068-34bc-45b3-984c-84df49456476','Denver','Pushing');
insert into basketballgameevents(id,gameId,playType,period,teamFor,teamAgainst) values ('3a6e923c-5334-4fbf-be7f-5237ff45b06f','9929b1a8-3ca8-4422-a9a2-e7e1c0094af0','point',2,'TeamA','TeamC');
insert into basketballpoints(eventId,player,result,point) values ('3a6e923c-5334-4fbf-be7f-5237ff45b06f','Cauchy','miss',2);
insert into basketballgameevents(id,gameId,playType,period,teamFor,teamAgainst) values ('1cc8ffaa-d760-42f1-8c00-20c94342badc','9929b1a8-3ca8-4422-a9a2-e7e1c0094af0','steal',2,'TeamA','TeamC');
insert into basketballsteals(eventId,player) values ('1cc8ffaa-d760-42f1-8c00-20c94342badc','Camel');
insert into basketballgameevents(id,gameId,playType,period,teamFor,teamAgainst) values ('2e715fec-7aaf-4791-a436-c6793b0842dd','9929b1a8-3ca8-4422-a9a2-e7e1c0094af0','point',2,'TeamA','TeamC');
insert into basketballpoints(eventId,player,result,point) values ('2e715fec-7aaf-4791-a436-c6793b0842dd','Cauchy','miss',1);
insert into basketballgameevents(id,gameId,playType,period,teamFor,teamAgainst) values ('c50cf341-fa81-40e3-af64-bdd4fabcf177','9929b1a8-3ca8-4422-a9a2-e7e1c0094af0','steal',2,'TeamA','TeamC');
insert into basketballsteals(eventId,player) values ('c50cf341-fa81-40e3-af64-bdd4fabcf177','Cameron');
insert into basketballgameevents(id,gameId,playType,period,teamFor,teamAgainst) values ('5abfb483-69ec-4d89-afb1-4e1dc9d8d098','9929b1a8-3ca8-4422-a9a2-e7e1c0094af0','point',2,'TeamA','TeamC');
insert into basketballpoints(eventId,player,result,point) values ('5abfb483-69ec-4d89-afb1-4e1dc9d8d098','Caleb','made',1);
insert into basketballgameevents(id,gameId,playType,period,teamFor,teamAgainst) values ('aa55349a-faa8-41d3-b496-ff49edeb24bc','9929b1a8-3ca8-4422-a9a2-e7e1c0094af0','point',2,'TeamA','TeamC');
insert into basketballpoints(eventId,player,result,point) values ('aa55349a-faa8-41d3-b496-ff49edeb24bc','Camel','made',3);
insert into basketballgameevents(id,gameId,playType,period,teamFor,teamAgainst) values ('e4d2a442-352b-479f-bfe3-06a206835cfb','9929b1a8-3ca8-4422-a9a2-e7e1c0094af0','turnover',2,'TeamA','TeamC');
insert into basketballturnovers(eventId,player) values ('e4d2a442-352b-479f-bfe3-06a206835cfb','Caleb');
insert into basketballgameevents(id,gameId,playType,period,teamFor,teamAgainst) values ('315875a4-3169-48f5-8885-0158272a9a3f','9929b1a8-3ca8-4422-a9a2-e7e1c0094af0','steal',3,'TeamA','TeamC');
insert into basketballsteals(eventId,player) values ('315875a4-3169-48f5-8885-0158272a9a3f','Caleb');
insert into basketballgameevents(id,gameId,playType,period,teamFor,teamAgainst) values ('3ad5d8b4-bec4-4e42-971e-386578c7f54b','9929b1a8-3ca8-4422-a9a2-e7e1c0094af0','turnover',3,'TeamA','TeamC');
insert into basketballturnovers(eventId,player) values ('3ad5d8b4-bec4-4e42-971e-386578c7f54b','Cody');
insert into basketballgameevents(id,gameId,playType,period,teamFor,teamAgainst) values ('bcfd1db3-b4e5-4331-8be8-80c3f181790c','9929b1a8-3ca8-4422-a9a2-e7e1c0094af0','point',3,'TeamC','TeamA');
insert into basketballpoints(eventId,player,result,point) values ('bcfd1db3-b4e5-4331-8be8-80c3f181790c','Doppler','miss',1);
insert into basketballgameevents(id,gameId,playType,period,teamFor,teamAgainst) values ('e6b499ec-3d0b-4bb9-85fe-26dcc9c959c4','9929b1a8-3ca8-4422-a9a2-e7e1c0094af0','rebound',3,'TeamA','TeamC');
insert into basketballrebounds(eventId,player) values ('e6b499ec-3d0b-4bb9-85fe-26dcc9c959c4','Caleb');
insert into basketballgameevents(id,gameId,playType,period,teamFor,teamAgainst) values ('12f62eb6-3ec7-42f1-a7d1-300d13d79887','9929b1a8-3ca8-4422-a9a2-e7e1c0094af0','block',3,'TeamA','TeamC');
insert into basketballblocks(eventId,player) values ('12f62eb6-3ec7-42f1-a7d1-300d13d79887','Cauchy');
insert into basketballgameevents(id,gameId,playType,period,teamFor,teamAgainst) values ('9eadfd32-96a0-4242-8358-40b16d2faf7d','9929b1a8-3ca8-4422-a9a2-e7e1c0094af0','foul',3,'TeamA','TeamC');
insert into basketballfouls(eventId,player,reason) values ('9eadfd32-96a0-4242-8358-40b16d2faf7d','Caleb','Holding');
insert into basketballgameevents(id,gameId,playType,period,teamFor,teamAgainst) values ('2e8d9f33-9b68-49a8-8f41-d39dc2860202','9929b1a8-3ca8-4422-a9a2-e7e1c0094af0','turnover',3,'TeamC','TeamA');
insert into basketballturnovers(eventId,player) values ('2e8d9f33-9b68-49a8-8f41-d39dc2860202','Dapper');
insert into basketballgameevents(id,gameId,playType,period,teamFor,teamAgainst) values ('f2d0f2d6-7283-4d8a-b82b-54b668fa05cd','9929b1a8-3ca8-4422-a9a2-e7e1c0094af0','point',3,'TeamA','TeamC');
insert into basketballpoints(eventId,player,result,point) values ('f2d0f2d6-7283-4d8a-b82b-54b668fa05cd','Cauchy','made',3);
insert into basketballgameevents(id,gameId,playType,period,teamFor,teamAgainst) values ('c541e67d-55fd-431f-a7a3-dfea33d8ec2b','9929b1a8-3ca8-4422-a9a2-e7e1c0094af0','block',3,'TeamA','TeamC');
insert into basketballblocks(eventId,player) values ('c541e67d-55fd-431f-a7a3-dfea33d8ec2b','Camel');
insert into basketballgameevents(id,gameId,playType,period,teamFor,teamAgainst) values ('04f4c984-ef6a-43e1-ae7a-92c8c6ea72a0','9929b1a8-3ca8-4422-a9a2-e7e1c0094af0','rebound',3,'TeamA','TeamC');
insert into basketballrebounds(eventId,player) values ('04f4c984-ef6a-43e1-ae7a-92c8c6ea72a0','Cody');
insert into basketballgameevents(id,gameId,playType,period,teamFor,teamAgainst) values ('851d111a-707d-484c-9394-7fec390d32b7','9929b1a8-3ca8-4422-a9a2-e7e1c0094af0','steal',3,'TeamA','TeamC');
insert into basketballsteals(eventId,player) values ('851d111a-707d-484c-9394-7fec390d32b7','Cameron');
insert into basketballgameevents(id,gameId,playType,period,teamFor,teamAgainst) values ('6ac22e67-820f-442c-822a-198a53571261','9929b1a8-3ca8-4422-a9a2-e7e1c0094af0','point',3,'TeamC','TeamA');
insert into basketballpoints(eventId,player,result,point) values ('6ac22e67-820f-442c-822a-198a53571261','Dapper','miss',2);
insert into basketballgameevents(id,gameId,playType,period,teamFor,teamAgainst) values ('c337a81c-2c4e-4751-b102-b849cdf3dcb3','9929b1a8-3ca8-4422-a9a2-e7e1c0094af0','steal',3,'TeamA','TeamC');
insert into basketballsteals(eventId,player) values ('c337a81c-2c4e-4751-b102-b849cdf3dcb3','Cameron');
insert into basketballgameevents(id,gameId,playType,period,teamFor,teamAgainst) values ('dd1166df-ef37-454d-8b4a-7fc76dd3b484','9929b1a8-3ca8-4422-a9a2-e7e1c0094af0','block',3,'TeamA','TeamC');
insert into basketballblocks(eventId,player) values ('dd1166df-ef37-454d-8b4a-7fc76dd3b484','Cauchy');
insert into basketballgameevents(id,gameId,playType,period,teamFor,teamAgainst) values ('4f07496b-1c91-445c-b1fb-4d988fc4228e','9929b1a8-3ca8-4422-a9a2-e7e1c0094af0','rebound',3,'TeamC','TeamA');
insert into basketballrebounds(eventId,player) values ('4f07496b-1c91-445c-b1fb-4d988fc4228e','Daniel');
insert into basketballgameevents(id,gameId,playType,period,teamFor,teamAgainst) values ('d71d49cf-031f-4b74-b477-15e6a4d44039','9929b1a8-3ca8-4422-a9a2-e7e1c0094af0','block',3,'TeamA','TeamC');
insert into basketballblocks(eventId,player) values ('d71d49cf-031f-4b74-b477-15e6a4d44039','Cody');
insert into basketballgameevents(id,gameId,playType,period,teamFor,teamAgainst) values ('4dde98d7-71cb-48ee-95d1-f4366c18f9fe','9929b1a8-3ca8-4422-a9a2-e7e1c0094af0','foul',3,'TeamA','TeamC');
insert into basketballfouls(eventId,player,reason) values ('4dde98d7-71cb-48ee-95d1-f4366c18f9fe','Cauchy','Pushing');
insert into basketballgameevents(id,gameId,playType,period,teamFor,teamAgainst) values ('289c1595-a269-4cc4-99dc-b836b1851758','9929b1a8-3ca8-4422-a9a2-e7e1c0094af0','steal',3,'TeamC','TeamA');
insert into basketballsteals(eventId,player) values ('289c1595-a269-4cc4-99dc-b836b1851758','Doppler');
insert into basketballgameevents(id,gameId,playType,period,teamFor,teamAgainst) values ('b4f948ae-0758-4038-b877-911b99238895','9929b1a8-3ca8-4422-a9a2-e7e1c0094af0','rebound',3,'TeamA','TeamC');
insert into basketballrebounds(eventId,player) values ('b4f948ae-0758-4038-b877-911b99238895','Cody');
insert into basketballgameevents(id,gameId,playType,period,teamFor,teamAgainst) values ('804a5fa1-1199-4b5c-94f0-87af90c11fbf','9929b1a8-3ca8-4422-a9a2-e7e1c0094af0','steal',3,'TeamA','TeamC');
insert into basketballsteals(eventId,player) values ('804a5fa1-1199-4b5c-94f0-87af90c11fbf','Caleb');
insert into basketballgameevents(id,gameId,playType,period,teamFor,teamAgainst) values ('7671c4b0-5e5e-4a8f-9ff7-ac2c26219efa','9929b1a8-3ca8-4422-a9a2-e7e1c0094af0','point',3,'TeamC','TeamA');
insert into basketballpoints(eventId,player,assist,result,point) values ('7671c4b0-5e5e-4a8f-9ff7-ac2c26219efa', 'Dickson', 'Doppler', 'made', 1);
insert into basketballgameevents(id,gameId,playType,period,teamFor,teamAgainst) values ('df547443-08b5-4775-980e-0774e087d8f7','9929b1a8-3ca8-4422-a9a2-e7e1c0094af0','point',3,'TeamA','TeamC');
insert into basketballpoints(eventId,player,result,point) values ('df547443-08b5-4775-980e-0774e087d8f7','Cody','miss',1);
insert into basketballgameevents(id,gameId,playType,period,teamFor,teamAgainst) values ('3731c295-6aee-4d2a-a749-ff90c2de5ebf','9929b1a8-3ca8-4422-a9a2-e7e1c0094af0','turnover',3,'TeamC','TeamA');
insert into basketballturnovers(eventId,player) values ('3731c295-6aee-4d2a-a749-ff90c2de5ebf','Dickson');
insert into basketballgameevents(id,gameId,playType,period,teamFor,teamAgainst) values ('508522bf-38ec-4666-8271-cd46726daa27','9929b1a8-3ca8-4422-a9a2-e7e1c0094af0','steal',3,'TeamC','TeamA');
insert into basketballsteals(eventId,player) values ('508522bf-38ec-4666-8271-cd46726daa27','Dickson');
insert into basketballgameevents(id,gameId,playType,period,teamFor,teamAgainst) values ('52b3251d-7b0f-4df5-b79d-20070c7877d0','9929b1a8-3ca8-4422-a9a2-e7e1c0094af0','steal',3,'TeamA','TeamC');
insert into basketballsteals(eventId,player) values ('52b3251d-7b0f-4df5-b79d-20070c7877d0','Cauchy');
insert into basketballgameevents(id,gameId,playType,period,teamFor,teamAgainst) values ('0afa1c6d-95d8-4c32-815a-5cf9ef86a411','9929b1a8-3ca8-4422-a9a2-e7e1c0094af0','point',3,'TeamC','TeamA');
insert into basketballpoints(eventId,player,assist,result,point) values ('0afa1c6d-95d8-4c32-815a-5cf9ef86a411', 'Doppler', 'Daniel', 'made', 3);
insert into basketballgameevents(id,gameId,playType,period,teamFor,teamAgainst) values ('03e77f2f-45b5-49aa-8681-0494c06d90ef','9929b1a8-3ca8-4422-a9a2-e7e1c0094af0','steal',3,'TeamC','TeamA');
insert into basketballsteals(eventId,player) values ('03e77f2f-45b5-49aa-8681-0494c06d90ef','Dickson');
insert into basketballgameevents(id,gameId,playType,period,teamFor,teamAgainst) values ('366e8daf-e2fd-4c35-881b-33888374b694','9929b1a8-3ca8-4422-a9a2-e7e1c0094af0','steal',3,'TeamA','TeamC');
insert into basketballsteals(eventId,player) values ('366e8daf-e2fd-4c35-881b-33888374b694','Cody');
insert into basketballgameevents(id,gameId,playType,period,teamFor,teamAgainst) values ('6f5bdbdc-f774-4c8a-8c78-817c04b88927','9929b1a8-3ca8-4422-a9a2-e7e1c0094af0','turnover',3,'TeamC','TeamA');
insert into basketballturnovers(eventId,player) values ('6f5bdbdc-f774-4c8a-8c78-817c04b88927','Daniel');
insert into basketballgameevents(id,gameId,playType,period,teamFor,teamAgainst) values ('6964de39-4206-4eca-af54-8ce54b21ed6f','9929b1a8-3ca8-4422-a9a2-e7e1c0094af0','rebound',3,'TeamC','TeamA');
insert into basketballrebounds(eventId,player) values ('6964de39-4206-4eca-af54-8ce54b21ed6f','Doppler');
insert into basketballgameevents(id,gameId,playType,period,teamFor,teamAgainst) values ('633df799-7388-4b85-9220-893caf5dbc09','9929b1a8-3ca8-4422-a9a2-e7e1c0094af0','block',3,'TeamC','TeamA');
insert into basketballblocks(eventId,player) values ('633df799-7388-4b85-9220-893caf5dbc09','Dapper');
insert into basketballgameevents(id,gameId,playType,period,teamFor,teamAgainst) values ('1d065381-a478-4a7d-a460-13a9e2d3d4c3','9929b1a8-3ca8-4422-a9a2-e7e1c0094af0','turnover',3,'TeamA','TeamC');
insert into basketballturnovers(eventId,player) values ('1d065381-a478-4a7d-a460-13a9e2d3d4c3','Cauchy');
insert into basketballgameevents(id,gameId,playType,period,teamFor,teamAgainst) values ('dad640cd-d86f-4dd0-9676-54a2a07a569d','9929b1a8-3ca8-4422-a9a2-e7e1c0094af0','rebound',3,'TeamC','TeamA');
insert into basketballrebounds(eventId,player) values ('dad640cd-d86f-4dd0-9676-54a2a07a569d','Daniel');
insert into basketballgameevents(id,gameId,playType,period,teamFor,teamAgainst) values ('0fbed34c-cc25-40e0-adb9-f9d49c841d16','9929b1a8-3ca8-4422-a9a2-e7e1c0094af0','foul',3,'TeamA','TeamC');
insert into basketballfouls(eventId,player,reason) values ('0fbed34c-cc25-40e0-adb9-f9d49c841d16','Cody','Holding');
insert into basketballgameevents(id,gameId,playType,period,teamFor,teamAgainst) values ('b3535634-4987-48d4-a4b5-a87304542740','9929b1a8-3ca8-4422-a9a2-e7e1c0094af0','steal',3,'TeamC','TeamA');
insert into basketballsteals(eventId,player) values ('b3535634-4987-48d4-a4b5-a87304542740','Dickson');
insert into basketballgameevents(id,gameId,playType,period,teamFor,teamAgainst) values ('5103de57-b88a-4fe3-a5b0-d8538949a3d9','9929b1a8-3ca8-4422-a9a2-e7e1c0094af0','turnover',3,'TeamC','TeamA');
insert into basketballturnovers(eventId,player) values ('5103de57-b88a-4fe3-a5b0-d8538949a3d9','Dapper');
insert into basketballgameevents(id,gameId,playType,period,teamFor,teamAgainst) values ('5f41939c-5a48-4cd1-bb24-866823ca7cde','9929b1a8-3ca8-4422-a9a2-e7e1c0094af0','point',3,'TeamA','TeamC');
insert into basketballpoints(eventId,player,result,point) values ('5f41939c-5a48-4cd1-bb24-866823ca7cde','Cameron','made',1);
insert into basketballgameevents(id,gameId,playType,period,teamFor,teamAgainst) values ('91514488-7bf0-4c9e-b141-f02dda24aa45','9929b1a8-3ca8-4422-a9a2-e7e1c0094af0','block',3,'TeamA','TeamC');
insert into basketballblocks(eventId,player) values ('91514488-7bf0-4c9e-b141-f02dda24aa45','Caleb');
insert into basketballgameevents(id,gameId,playType,period,teamFor,teamAgainst) values ('f587ad03-fecd-4f60-9d33-a4aa1d90dc03','9929b1a8-3ca8-4422-a9a2-e7e1c0094af0','foul',3,'TeamA','TeamC');
insert into basketballfouls(eventId,player,reason) values ('f587ad03-fecd-4f60-9d33-a4aa1d90dc03','Cody','Pushing');
insert into basketballgameevents(id,gameId,playType,period,teamFor,teamAgainst) values ('c58a2535-b613-4200-a740-be9b2f2190a0','9929b1a8-3ca8-4422-a9a2-e7e1c0094af0','point',3,'TeamC','TeamA');
insert into basketballpoints(eventId,player,result,point) values ('c58a2535-b613-4200-a740-be9b2f2190a0','Daniel','made',1);
insert into basketballgameevents(id,gameId,playType,period,teamFor,teamAgainst) values ('61edc092-bb91-4a84-9110-1750efc39076','9929b1a8-3ca8-4422-a9a2-e7e1c0094af0','turnover',3,'TeamA','TeamC');
insert into basketballturnovers(eventId,player) values ('61edc092-bb91-4a84-9110-1750efc39076','Cody');
insert into basketballgameevents(id,gameId,playType,period,teamFor,teamAgainst) values ('6a2eff36-6f28-45a6-b77f-a8d84fb0f634','9929b1a8-3ca8-4422-a9a2-e7e1c0094af0','block',3,'TeamC','TeamA');
insert into basketballblocks(eventId,player) values ('6a2eff36-6f28-45a6-b77f-a8d84fb0f634','Doppler');
insert into basketballgameevents(id,gameId,playType,period,teamFor,teamAgainst) values ('7ee0f2e4-bb23-4667-8db6-3e76f5c3f56b','9929b1a8-3ca8-4422-a9a2-e7e1c0094af0','block',3,'TeamC','TeamA');
insert into basketballblocks(eventId,player) values ('7ee0f2e4-bb23-4667-8db6-3e76f5c3f56b','Daniel');
insert into basketballgameevents(id,gameId,playType,period,teamFor,teamAgainst) values ('852bbb03-7f14-492d-8c9d-0c17d6c79829','9929b1a8-3ca8-4422-a9a2-e7e1c0094af0','foul',3,'TeamA','TeamC');
insert into basketballfouls(eventId,player,reason) values ('852bbb03-7f14-492d-8c9d-0c17d6c79829','Camel','Pushing');
insert into basketballgameevents(id,gameId,playType,period,teamFor,teamAgainst) values ('385e9e03-b5af-476f-889f-889b28e44f43','9929b1a8-3ca8-4422-a9a2-e7e1c0094af0','point',3,'TeamA','TeamC');
insert into basketballpoints(eventId,player,result,point) values ('385e9e03-b5af-476f-889f-889b28e44f43','Caleb','miss',1);
insert into basketballgameevents(id,gameId,playType,period,teamFor,teamAgainst) values ('0b5ab830-e598-455f-9f0d-414847879d2e','9929b1a8-3ca8-4422-a9a2-e7e1c0094af0','block',3,'TeamC','TeamA');
insert into basketballblocks(eventId,player) values ('0b5ab830-e598-455f-9f0d-414847879d2e','Dickson');
insert into basketballgameevents(id,gameId,playType,period,teamFor,teamAgainst) values ('c33ce324-6206-421c-a54a-848a16a90c50','9929b1a8-3ca8-4422-a9a2-e7e1c0094af0','turnover',3,'TeamA','TeamC');
insert into basketballturnovers(eventId,player) values ('c33ce324-6206-421c-a54a-848a16a90c50','Cameron');
insert into basketballgameevents(id,gameId,playType,period,teamFor,teamAgainst) values ('4e6ad536-d5e8-42bc-b152-17d8684d9850','9929b1a8-3ca8-4422-a9a2-e7e1c0094af0','rebound',3,'TeamC','TeamA');
insert into basketballrebounds(eventId,player) values ('4e6ad536-d5e8-42bc-b152-17d8684d9850','Dapper');
insert into basketballgameevents(id,gameId,playType,period,teamFor,teamAgainst) values ('bdb780dd-e0a5-4826-8208-04d7e92f5ee2','9929b1a8-3ca8-4422-a9a2-e7e1c0094af0','steal',3,'TeamC','TeamA');
insert into basketballsteals(eventId,player) values ('bdb780dd-e0a5-4826-8208-04d7e92f5ee2','Dapper');
insert into basketballgameevents(id,gameId,playType,period,teamFor,teamAgainst) values ('dae55978-9d26-4a99-952f-e02c23ac6d88','9929b1a8-3ca8-4422-a9a2-e7e1c0094af0','block',3,'TeamC','TeamA');
insert into basketballblocks(eventId,player) values ('dae55978-9d26-4a99-952f-e02c23ac6d88','Dapper');
insert into basketballgameevents(id,gameId,playType,period,teamFor,teamAgainst) values ('0aa1d3cd-968e-4785-9db3-457e87a69c90','9929b1a8-3ca8-4422-a9a2-e7e1c0094af0','point',3,'TeamA','TeamC');
insert into basketballpoints(eventId,player,result,point) values ('0aa1d3cd-968e-4785-9db3-457e87a69c90','Cauchy','miss',2);
insert into basketballgameevents(id,gameId,playType,period,teamFor,teamAgainst) values ('970f117e-4346-4b1e-8a3f-f0d5fac64407','9929b1a8-3ca8-4422-a9a2-e7e1c0094af0','turnover',3,'TeamA','TeamC');
insert into basketballturnovers(eventId,player) values ('970f117e-4346-4b1e-8a3f-f0d5fac64407','Cauchy');
insert into basketballgameevents(id,gameId,playType,period,teamFor,teamAgainst) values ('72a4233f-4b4d-4373-8e89-d22f99217392','9929b1a8-3ca8-4422-a9a2-e7e1c0094af0','point',3,'TeamC','TeamA');
insert into basketballpoints(eventId,player,result,point) values ('72a4233f-4b4d-4373-8e89-d22f99217392','Dickson','miss',2);
insert into basketballgameevents(id,gameId,playType,period,teamFor,teamAgainst) values ('ab2d539c-9ab0-45b4-8cc9-b36f718a0951','9929b1a8-3ca8-4422-a9a2-e7e1c0094af0','rebound',3,'TeamA','TeamC');
insert into basketballrebounds(eventId,player) values ('ab2d539c-9ab0-45b4-8cc9-b36f718a0951','Cameron');
insert into basketballgameevents(id,gameId,playType,period,teamFor,teamAgainst) values ('237d2caa-9901-403b-997f-3a0b9e7e72ac','9929b1a8-3ca8-4422-a9a2-e7e1c0094af0','block',3,'TeamC','TeamA');
insert into basketballblocks(eventId,player) values ('237d2caa-9901-403b-997f-3a0b9e7e72ac','Denver');
insert into basketballgameevents(id,gameId,playType,period,teamFor,teamAgainst) values ('009584ec-1278-4604-b571-1febdd38ad18','9929b1a8-3ca8-4422-a9a2-e7e1c0094af0','foul',3,'TeamC','TeamA');
insert into basketballfouls(eventId,player,reason) values ('009584ec-1278-4604-b571-1febdd38ad18','Denver','Pushing');
insert into basketballgameevents(id,gameId,playType,period,teamFor,teamAgainst) values ('9c92c8e8-d9e9-491e-96d4-2dd883e78c7c','9929b1a8-3ca8-4422-a9a2-e7e1c0094af0','steal',3,'TeamA','TeamC');
insert into basketballsteals(eventId,player) values ('9c92c8e8-d9e9-491e-96d4-2dd883e78c7c','Camel');
insert into basketballgameevents(id,gameId,playType,period,teamFor,teamAgainst) values ('7722157e-2603-4b6d-b607-40d7c0983d7e','9929b1a8-3ca8-4422-a9a2-e7e1c0094af0','foul',3,'TeamA','TeamC');
insert into basketballfouls(eventId,player,reason) values ('7722157e-2603-4b6d-b607-40d7c0983d7e','Cody','Holding');
insert into basketballgameevents(id,gameId,playType,period,teamFor,teamAgainst) values ('8c67dfbe-f3f5-4267-a719-45403f3b1875','9929b1a8-3ca8-4422-a9a2-e7e1c0094af0','turnover',3,'TeamC','TeamA');
insert into basketballturnovers(eventId,player) values ('8c67dfbe-f3f5-4267-a719-45403f3b1875','Doppler');
insert into basketballgameevents(id,gameId,playType,period,teamFor,teamAgainst) values ('b3f238fd-be80-4f01-a9b8-85d7548a89a4','9929b1a8-3ca8-4422-a9a2-e7e1c0094af0','foul',3,'TeamA','TeamC');
insert into basketballfouls(eventId,player,reason) values ('b3f238fd-be80-4f01-a9b8-85d7548a89a4','Cauchy','Holding');
insert into basketballgameevents(id,gameId,playType,period,teamFor,teamAgainst) values ('3ab4149b-2dac-489e-8e83-77d8988e2e6f','9929b1a8-3ca8-4422-a9a2-e7e1c0094af0','block',3,'TeamA','TeamC');
insert into basketballblocks(eventId,player) values ('3ab4149b-2dac-489e-8e83-77d8988e2e6f','Cody');
insert into basketballgameevents(id,gameId,playType,period,teamFor,teamAgainst) values ('662db1f7-86bb-48ec-b3ca-0490a33ab9cb','9929b1a8-3ca8-4422-a9a2-e7e1c0094af0','block',3,'TeamA','TeamC');
insert into basketballblocks(eventId,player) values ('662db1f7-86bb-48ec-b3ca-0490a33ab9cb','Cody');
insert into basketballgameevents(id,gameId,playType,period,teamFor,teamAgainst) values ('01195ef4-eab1-4311-814f-c3d11260b65e','9929b1a8-3ca8-4422-a9a2-e7e1c0094af0','rebound',3,'TeamC','TeamA');
insert into basketballrebounds(eventId,player) values ('01195ef4-eab1-4311-814f-c3d11260b65e','Daniel');
insert into basketballgameevents(id,gameId,playType,period,teamFor,teamAgainst) values ('88a48b73-5961-400b-9d21-d39705568089','9929b1a8-3ca8-4422-a9a2-e7e1c0094af0','block',3,'TeamA','TeamC');
insert into basketballblocks(eventId,player) values ('88a48b73-5961-400b-9d21-d39705568089','Cauchy');
insert into basketballgameevents(id,gameId,playType,period,teamFor,teamAgainst) values ('7b16b897-ff6c-4569-a46b-5f224caed025','9929b1a8-3ca8-4422-a9a2-e7e1c0094af0','steal',3,'TeamC','TeamA');
insert into basketballsteals(eventId,player) values ('7b16b897-ff6c-4569-a46b-5f224caed025','Denver');
insert into basketballgameevents(id,gameId,playType,period,teamFor,teamAgainst) values ('f9243d76-14de-4bfa-a812-97fd00f8e7dc','9929b1a8-3ca8-4422-a9a2-e7e1c0094af0','turnover',3,'TeamC','TeamA');
insert into basketballturnovers(eventId,player) values ('f9243d76-14de-4bfa-a812-97fd00f8e7dc','Doppler');
insert into basketballgameevents(id,gameId,playType,period,teamFor,teamAgainst) values ('ebc75ab3-afad-4cde-b91b-3c1fd22fbaad','9929b1a8-3ca8-4422-a9a2-e7e1c0094af0','block',3,'TeamC','TeamA');
insert into basketballblocks(eventId,player) values ('ebc75ab3-afad-4cde-b91b-3c1fd22fbaad','Denver');
insert into basketballgameevents(id,gameId,playType,period,teamFor,teamAgainst) values ('fee4ad0f-f063-4c80-aae4-071307e4749b','9929b1a8-3ca8-4422-a9a2-e7e1c0094af0','point',3,'TeamC','TeamA');
insert into basketballpoints(eventId,player,result,point) values ('fee4ad0f-f063-4c80-aae4-071307e4749b','Denver','miss',3);
insert into basketballgameevents(id,gameId,playType,period,teamFor,teamAgainst) values ('e95b398b-20a9-4fbe-ab33-23d3daa40305','9929b1a8-3ca8-4422-a9a2-e7e1c0094af0','turnover',3,'TeamA','TeamC');
insert into basketballturnovers(eventId,player) values ('e95b398b-20a9-4fbe-ab33-23d3daa40305','Camel');
insert into basketballgameevents(id,gameId,playType,period,teamFor,teamAgainst) values ('ca8e9514-76f3-413c-9862-2aa96342e65a','9929b1a8-3ca8-4422-a9a2-e7e1c0094af0','rebound',3,'TeamA','TeamC');
insert into basketballrebounds(eventId,player) values ('ca8e9514-76f3-413c-9862-2aa96342e65a','Caleb');
insert into basketballgameevents(id,gameId,playType,period,teamFor,teamAgainst) values ('5c0eab3f-4eae-4ad5-a9dd-223cba712bdd','9929b1a8-3ca8-4422-a9a2-e7e1c0094af0','turnover',3,'TeamA','TeamC');
insert into basketballturnovers(eventId,player) values ('5c0eab3f-4eae-4ad5-a9dd-223cba712bdd','Camel');
insert into basketballgameevents(id,gameId,playType,period,teamFor,teamAgainst) values ('39705269-df62-4b98-9729-c5020c8b038e','9929b1a8-3ca8-4422-a9a2-e7e1c0094af0','foul',3,'TeamA','TeamC');
insert into basketballfouls(eventId,player,reason) values ('39705269-df62-4b98-9729-c5020c8b038e','Cauchy','Holding');
insert into basketballgameevents(id,gameId,playType,period,teamFor,teamAgainst) values ('f588b39e-023f-41cd-a367-239aa9c798b5','9929b1a8-3ca8-4422-a9a2-e7e1c0094af0','turnover',3,'TeamA','TeamC');
insert into basketballturnovers(eventId,player) values ('f588b39e-023f-41cd-a367-239aa9c798b5','Cameron');
insert into basketballgameevents(id,gameId,playType,period,teamFor,teamAgainst) values ('5544ddfb-eaa6-4149-88d0-27282c926570','9929b1a8-3ca8-4422-a9a2-e7e1c0094af0','steal',3,'TeamA','TeamC');
insert into basketballsteals(eventId,player) values ('5544ddfb-eaa6-4149-88d0-27282c926570','Cauchy');
insert into basketballgameevents(id,gameId,playType,period,teamFor,teamAgainst) values ('ad2b4d81-f51e-48f4-8b57-543465da64b6','9929b1a8-3ca8-4422-a9a2-e7e1c0094af0','block',3,'TeamA','TeamC');
insert into basketballblocks(eventId,player) values ('ad2b4d81-f51e-48f4-8b57-543465da64b6','Cody');
insert into basketballgameevents(id,gameId,playType,period,teamFor,teamAgainst) values ('85e6e783-c411-4d3f-980c-9c77cdd43b13','9929b1a8-3ca8-4422-a9a2-e7e1c0094af0','block',3,'TeamC','TeamA');
insert into basketballblocks(eventId,player) values ('85e6e783-c411-4d3f-980c-9c77cdd43b13','Daniel');
insert into basketballgameevents(id,gameId,playType,period,teamFor,teamAgainst) values ('36217df6-2d34-4dc2-b3b9-96546a3218e2','9929b1a8-3ca8-4422-a9a2-e7e1c0094af0','point',3,'TeamC','TeamA');
insert into basketballpoints(eventId,player,result,point) values ('36217df6-2d34-4dc2-b3b9-96546a3218e2','Denver','made',3);
insert into basketballgameevents(id,gameId,playType,period,teamFor,teamAgainst) values ('432c04ee-609c-4be1-a034-c06720d20bbf','9929b1a8-3ca8-4422-a9a2-e7e1c0094af0','block',3,'TeamC','TeamA');
insert into basketballblocks(eventId,player) values ('432c04ee-609c-4be1-a034-c06720d20bbf','Dapper');
insert into basketballgameevents(id,gameId,playType,period,teamFor,teamAgainst) values ('100fa884-414d-44d5-a6aa-0ccc8427e473','9929b1a8-3ca8-4422-a9a2-e7e1c0094af0','rebound',3,'TeamC','TeamA');
insert into basketballrebounds(eventId,player) values ('100fa884-414d-44d5-a6aa-0ccc8427e473','Daniel');
insert into basketballgameevents(id,gameId,playType,period,teamFor,teamAgainst) values ('31b9eb17-029f-40fa-b908-910a92f38cc6','9929b1a8-3ca8-4422-a9a2-e7e1c0094af0','turnover',3,'TeamC','TeamA');
insert into basketballturnovers(eventId,player) values ('31b9eb17-029f-40fa-b908-910a92f38cc6','Dapper');
insert into basketballgameevents(id,gameId,playType,period,teamFor,teamAgainst) values ('34f080bd-26a7-4a6a-8364-c0fd43971543','9929b1a8-3ca8-4422-a9a2-e7e1c0094af0','steal',3,'TeamC','TeamA');
insert into basketballsteals(eventId,player) values ('34f080bd-26a7-4a6a-8364-c0fd43971543','Dapper');
insert into basketballgameevents(id,gameId,playType,period,teamFor,teamAgainst) values ('82a1f189-7caa-4c9e-ad66-ea3fe32a9646','9929b1a8-3ca8-4422-a9a2-e7e1c0094af0','point',3,'TeamA','TeamC');
insert into basketballpoints(eventId,player,result,point) values ('82a1f189-7caa-4c9e-ad66-ea3fe32a9646','Caleb','miss',3);
insert into basketballgameevents(id,gameId,playType,period,teamFor,teamAgainst) values ('7579e3d3-123c-45a1-8d3a-619f75a2a297','9929b1a8-3ca8-4422-a9a2-e7e1c0094af0','point',3,'TeamC','TeamA');
insert into basketballpoints(eventId,player,result,point) values ('7579e3d3-123c-45a1-8d3a-619f75a2a297','Denver','miss',2);
insert into basketballgameevents(id,gameId,playType,period,teamFor,teamAgainst) values ('a00fe13b-0b22-486e-8844-c2f6b671942b','9929b1a8-3ca8-4422-a9a2-e7e1c0094af0','point',3,'TeamA','TeamC');
insert into basketballpoints(eventId,player,result,point) values ('a00fe13b-0b22-486e-8844-c2f6b671942b','Cameron','miss',1);
insert into basketballgameevents(id,gameId,playType,period,teamFor,teamAgainst) values ('b9b0fc29-b818-4d18-9fb1-371e831cfdf0','9929b1a8-3ca8-4422-a9a2-e7e1c0094af0','rebound',3,'TeamA','TeamC');
insert into basketballrebounds(eventId,player) values ('b9b0fc29-b818-4d18-9fb1-371e831cfdf0','Cameron');
insert into basketballgameevents(id,gameId,playType,period,teamFor,teamAgainst) values ('784bc7cd-0021-4bd6-aecf-c6bb6fc01187','9929b1a8-3ca8-4422-a9a2-e7e1c0094af0','rebound',3,'TeamA','TeamC');
insert into basketballrebounds(eventId,player) values ('784bc7cd-0021-4bd6-aecf-c6bb6fc01187','Camel');
insert into basketballgameevents(id,gameId,playType,period,teamFor,teamAgainst) values ('b1c3888b-2fa4-4c23-863a-25c670c5477b','9929b1a8-3ca8-4422-a9a2-e7e1c0094af0','point',3,'TeamC','TeamA');
insert into basketballpoints(eventId,player,result,point) values ('b1c3888b-2fa4-4c23-863a-25c670c5477b','Doppler','miss',1);
insert into basketballgameevents(id,gameId,playType,period,teamFor,teamAgainst) values ('3310648e-6ae3-4ed3-bee8-bc92c0ff4788','9929b1a8-3ca8-4422-a9a2-e7e1c0094af0','foul',3,'TeamA','TeamC');
insert into basketballfouls(eventId,player,reason) values ('3310648e-6ae3-4ed3-bee8-bc92c0ff4788','Cauchy','Pushing');
insert into basketballgameevents(id,gameId,playType,period,teamFor,teamAgainst) values ('e2993bae-e8d7-4742-8614-62e11e40b6c8','9929b1a8-3ca8-4422-a9a2-e7e1c0094af0','turnover',3,'TeamA','TeamC');
insert into basketballturnovers(eventId,player) values ('e2993bae-e8d7-4742-8614-62e11e40b6c8','Camel');
insert into basketballgameevents(id,gameId,playType,period,teamFor,teamAgainst) values ('b1712e27-c8aa-4db6-9d9d-36808e7844bb','9929b1a8-3ca8-4422-a9a2-e7e1c0094af0','point',3,'TeamC','TeamA');
insert into basketballpoints(eventId,player,result,point) values ('b1712e27-c8aa-4db6-9d9d-36808e7844bb','Doppler','miss',3);
insert into basketballgameevents(id,gameId,playType,period,teamFor,teamAgainst) values ('be019753-be2b-433b-b5f5-e9917e2fa5c5','9929b1a8-3ca8-4422-a9a2-e7e1c0094af0','turnover',3,'TeamC','TeamA');
insert into basketballturnovers(eventId,player) values ('be019753-be2b-433b-b5f5-e9917e2fa5c5','Daniel');
insert into basketballgameevents(id,gameId,playType,period,teamFor,teamAgainst) values ('474018dc-3c2c-4c3a-a1b1-ff7334afac55','9929b1a8-3ca8-4422-a9a2-e7e1c0094af0','block',3,'TeamA','TeamC');
insert into basketballblocks(eventId,player) values ('474018dc-3c2c-4c3a-a1b1-ff7334afac55','Cameron');
insert into basketballgameevents(id,gameId,playType,period,teamFor,teamAgainst) values ('7c621c46-3424-4b6a-aaa6-5dbf65f9d1d5','9929b1a8-3ca8-4422-a9a2-e7e1c0094af0','point',3,'TeamC','TeamA');
insert into basketballpoints(eventId,player,result,point) values ('7c621c46-3424-4b6a-aaa6-5dbf65f9d1d5','Doppler','made',3);
insert into basketballgameevents(id,gameId,playType,period,teamFor,teamAgainst) values ('7f8ffc47-2b47-42db-9707-7d1a1238e157','9929b1a8-3ca8-4422-a9a2-e7e1c0094af0','foul',3,'TeamA','TeamC');
insert into basketballfouls(eventId,player,reason) values ('7f8ffc47-2b47-42db-9707-7d1a1238e157','Cauchy','Pushing');
insert into basketballgameevents(id,gameId,playType,period,teamFor,teamAgainst) values ('a05a432d-fce6-44ae-b317-39bd10e03e15','9929b1a8-3ca8-4422-a9a2-e7e1c0094af0','rebound',3,'TeamC','TeamA');
insert into basketballrebounds(eventId,player) values ('a05a432d-fce6-44ae-b317-39bd10e03e15','Dickson');
insert into basketballgameevents(id,gameId,playType,period,teamFor,teamAgainst) values ('27676c83-3d37-400f-8204-612caed2024a','9929b1a8-3ca8-4422-a9a2-e7e1c0094af0','steal',3,'TeamA','TeamC');
insert into basketballsteals(eventId,player) values ('27676c83-3d37-400f-8204-612caed2024a','Cauchy');
insert into basketballgameevents(id,gameId,playType,period,teamFor,teamAgainst) values ('c32422d0-964d-45e8-82e6-cd856b4c47fe','9929b1a8-3ca8-4422-a9a2-e7e1c0094af0','turnover',3,'TeamC','TeamA');
insert into basketballturnovers(eventId,player) values ('c32422d0-964d-45e8-82e6-cd856b4c47fe','Daniel');
insert into basketballgameevents(id,gameId,playType,period,teamFor,teamAgainst) values ('67f4e6b6-38e7-49c5-9c19-44d8474005ee','9929b1a8-3ca8-4422-a9a2-e7e1c0094af0','block',3,'TeamA','TeamC');
insert into basketballblocks(eventId,player) values ('67f4e6b6-38e7-49c5-9c19-44d8474005ee','Cameron');
insert into basketballgameevents(id,gameId,playType,period,teamFor,teamAgainst) values ('486b6ece-9012-4bdb-b524-80132bf6e963','9929b1a8-3ca8-4422-a9a2-e7e1c0094af0','turnover',3,'TeamA','TeamC');
insert into basketballturnovers(eventId,player) values ('486b6ece-9012-4bdb-b524-80132bf6e963','Caleb');
insert into basketballgameevents(id,gameId,playType,period,teamFor,teamAgainst) values ('b2ff1e4d-9f87-42d0-b084-ae1229c5b51f','9929b1a8-3ca8-4422-a9a2-e7e1c0094af0','point',3,'TeamA','TeamC');
insert into basketballpoints(eventId,player,result,point) values ('b2ff1e4d-9f87-42d0-b084-ae1229c5b51f','Cameron','miss',3);
insert into basketballgameevents(id,gameId,playType,period,teamFor,teamAgainst) values ('fa60dc87-a620-4895-a76f-ea05b2b5db7f','9929b1a8-3ca8-4422-a9a2-e7e1c0094af0','block',4,'TeamA','TeamC');
insert into basketballblocks(eventId,player) values ('fa60dc87-a620-4895-a76f-ea05b2b5db7f','Cody');
insert into basketballgameevents(id,gameId,playType,period,teamFor,teamAgainst) values ('91c40447-6cf6-42d8-8421-83b8f64716b7','9929b1a8-3ca8-4422-a9a2-e7e1c0094af0','foul',4,'TeamC','TeamA');
insert into basketballfouls(eventId,player,reason) values ('91c40447-6cf6-42d8-8421-83b8f64716b7','Dickson','Pushing');
insert into basketballgameevents(id,gameId,playType,period,teamFor,teamAgainst) values ('4c228f9e-0642-4eca-8c87-896a3a9f30aa','9929b1a8-3ca8-4422-a9a2-e7e1c0094af0','block',4,'TeamC','TeamA');
insert into basketballblocks(eventId,player) values ('4c228f9e-0642-4eca-8c87-896a3a9f30aa','Daniel');
insert into basketballgameevents(id,gameId,playType,period,teamFor,teamAgainst) values ('df4d3df2-26e2-475c-b99b-65b12a6f9bfd','9929b1a8-3ca8-4422-a9a2-e7e1c0094af0','point',4,'TeamC','TeamA');
insert into basketballpoints(eventId,player,result,point) values ('df4d3df2-26e2-475c-b99b-65b12a6f9bfd','Denver','miss',3);
insert into basketballgameevents(id,gameId,playType,period,teamFor,teamAgainst) values ('ddc37fe6-a761-407b-a96d-b92d7d9e37f3','9929b1a8-3ca8-4422-a9a2-e7e1c0094af0','point',4,'TeamC','TeamA');
insert into basketballpoints(eventId,player,result,point) values ('ddc37fe6-a761-407b-a96d-b92d7d9e37f3','Denver','miss',2);
insert into basketballgameevents(id,gameId,playType,period,teamFor,teamAgainst) values ('c75eda4e-b793-4a2f-b2de-59232b513218','9929b1a8-3ca8-4422-a9a2-e7e1c0094af0','rebound',4,'TeamA','TeamC');
insert into basketballrebounds(eventId,player) values ('c75eda4e-b793-4a2f-b2de-59232b513218','Cauchy');
insert into basketballgameevents(id,gameId,playType,period,teamFor,teamAgainst) values ('4390c1a1-4b2d-4020-a8c4-08eb0583181a','9929b1a8-3ca8-4422-a9a2-e7e1c0094af0','rebound',4,'TeamA','TeamC');
insert into basketballrebounds(eventId,player) values ('4390c1a1-4b2d-4020-a8c4-08eb0583181a','Cauchy');
insert into basketballgameevents(id,gameId,playType,period,teamFor,teamAgainst) values ('65c9ae69-c9f2-4f16-b02f-3a524b8a7e65','9929b1a8-3ca8-4422-a9a2-e7e1c0094af0','steal',4,'TeamC','TeamA');
insert into basketballsteals(eventId,player) values ('65c9ae69-c9f2-4f16-b02f-3a524b8a7e65','Dapper');
insert into basketballgameevents(id,gameId,playType,period,teamFor,teamAgainst) values ('a7263798-c724-4ecc-b027-7531f317bc1b','9929b1a8-3ca8-4422-a9a2-e7e1c0094af0','turnover',4,'TeamA','TeamC');
insert into basketballturnovers(eventId,player) values ('a7263798-c724-4ecc-b027-7531f317bc1b','Cauchy');
insert into basketballgameevents(id,gameId,playType,period,teamFor,teamAgainst) values ('c8871ac3-846a-4b25-b310-90a924192577','9929b1a8-3ca8-4422-a9a2-e7e1c0094af0','rebound',4,'TeamC','TeamA');
insert into basketballrebounds(eventId,player) values ('c8871ac3-846a-4b25-b310-90a924192577','Denver');
insert into basketballgameevents(id,gameId,playType,period,teamFor,teamAgainst) values ('36a0a812-6b25-48f3-9414-6fe09d234b1d','9929b1a8-3ca8-4422-a9a2-e7e1c0094af0','block',4,'TeamA','TeamC');
insert into basketballblocks(eventId,player) values ('36a0a812-6b25-48f3-9414-6fe09d234b1d','Cody');
insert into basketballgameevents(id,gameId,playType,period,teamFor,teamAgainst) values ('fe64cd91-0d50-4917-b3d5-75652de03e5b','9929b1a8-3ca8-4422-a9a2-e7e1c0094af0','point',4,'TeamA','TeamC');
insert into basketballpoints(eventId,player,result,point) values ('fe64cd91-0d50-4917-b3d5-75652de03e5b','Camel','miss',3);
insert into basketballgameevents(id,gameId,playType,period,teamFor,teamAgainst) values ('74c6ddbd-1c3a-4c1b-8499-7b5272befabd','9929b1a8-3ca8-4422-a9a2-e7e1c0094af0','rebound',4,'TeamA','TeamC');
insert into basketballrebounds(eventId,player) values ('74c6ddbd-1c3a-4c1b-8499-7b5272befabd','Camel');
insert into basketballgameevents(id,gameId,playType,period,teamFor,teamAgainst) values ('cd83c73e-60b2-4f57-b6ef-6496123ba98d','9929b1a8-3ca8-4422-a9a2-e7e1c0094af0','point',4,'TeamA','TeamC');
insert into basketballpoints(eventId,player,assist,result,point) values ('cd83c73e-60b2-4f57-b6ef-6496123ba98d', 'Caleb', 'Cameron', 'made', 3);
insert into basketballgameevents(id,gameId,playType,period,teamFor,teamAgainst) values ('58667251-62e3-44a3-aef4-8b4784833356','9929b1a8-3ca8-4422-a9a2-e7e1c0094af0','point',4,'TeamA','TeamC');
insert into basketballpoints(eventId,player,assist,result,point) values ('58667251-62e3-44a3-aef4-8b4784833356', 'Caleb', 'Cody', 'made', 1);
insert into basketballgameevents(id,gameId,playType,period,teamFor,teamAgainst) values ('627d7d36-9825-47c7-b29a-9a25f602ad37','9929b1a8-3ca8-4422-a9a2-e7e1c0094af0','point',4,'TeamA','TeamC');
insert into basketballpoints(eventId,player,result,point) values ('627d7d36-9825-47c7-b29a-9a25f602ad37','Caleb','miss',3);
insert into basketballgameevents(id,gameId,playType,period,teamFor,teamAgainst) values ('1e5291f3-b034-45d1-b58f-5327ada28d56','9929b1a8-3ca8-4422-a9a2-e7e1c0094af0','turnover',4,'TeamC','TeamA');
insert into basketballturnovers(eventId,player) values ('1e5291f3-b034-45d1-b58f-5327ada28d56','Daniel');
insert into basketballgameevents(id,gameId,playType,period,teamFor,teamAgainst) values ('3fcca070-51fc-4d0e-bd7c-ed618ae8d7b9','9929b1a8-3ca8-4422-a9a2-e7e1c0094af0','steal',4,'TeamC','TeamA');
insert into basketballsteals(eventId,player) values ('3fcca070-51fc-4d0e-bd7c-ed618ae8d7b9','Denver');
insert into basketballgameevents(id,gameId,playType,period,teamFor,teamAgainst) values ('222b56ed-9b5c-4d34-8248-8f0b1171adba','9929b1a8-3ca8-4422-a9a2-e7e1c0094af0','block',4,'TeamC','TeamA');
insert into basketballblocks(eventId,player) values ('222b56ed-9b5c-4d34-8248-8f0b1171adba','Denver');
insert into basketballgameevents(id,gameId,playType,period,teamFor,teamAgainst) values ('0a19f321-798c-45ca-a3a7-bb0f555d7621','9929b1a8-3ca8-4422-a9a2-e7e1c0094af0','block',4,'TeamC','TeamA');
insert into basketballblocks(eventId,player) values ('0a19f321-798c-45ca-a3a7-bb0f555d7621','Dapper');
insert into basketballgameevents(id,gameId,playType,period,teamFor,teamAgainst) values ('f7bdf190-2010-49f1-aa08-f7a248db673a','9929b1a8-3ca8-4422-a9a2-e7e1c0094af0','point',4,'TeamA','TeamC');
insert into basketballpoints(eventId,player,result,point) values ('f7bdf190-2010-49f1-aa08-f7a248db673a','Caleb','miss',2);
insert into basketballgameevents(id,gameId,playType,period,teamFor,teamAgainst) values ('93a635e3-9f9c-4647-a9b6-924f10727acd','9929b1a8-3ca8-4422-a9a2-e7e1c0094af0','turnover',4,'TeamC','TeamA');
insert into basketballturnovers(eventId,player) values ('93a635e3-9f9c-4647-a9b6-924f10727acd','Doppler');
insert into basketballgameevents(id,gameId,playType,period,teamFor,teamAgainst) values ('de04157a-a119-40f4-ba1c-4e7f3252ead1','9929b1a8-3ca8-4422-a9a2-e7e1c0094af0','rebound',4,'TeamA','TeamC');
insert into basketballrebounds(eventId,player) values ('de04157a-a119-40f4-ba1c-4e7f3252ead1','Caleb');
insert into basketballgameevents(id,gameId,playType,period,teamFor,teamAgainst) values ('b65c6922-efa1-40bb-88b7-a71a80bdfcbc','9929b1a8-3ca8-4422-a9a2-e7e1c0094af0','steal',4,'TeamC','TeamA');
insert into basketballsteals(eventId,player) values ('b65c6922-efa1-40bb-88b7-a71a80bdfcbc','Dickson');
insert into basketballgameevents(id,gameId,playType,period,teamFor,teamAgainst) values ('8bc73bcd-b699-4156-8155-ce132846073a','9929b1a8-3ca8-4422-a9a2-e7e1c0094af0','foul',4,'TeamC','TeamA');
insert into basketballfouls(eventId,player,reason) values ('8bc73bcd-b699-4156-8155-ce132846073a','Dapper','Holding');
insert into basketballgameevents(id,gameId,playType,period,teamFor,teamAgainst) values ('c9cd5984-1a41-40a4-9865-e354aaa9bd5c','9929b1a8-3ca8-4422-a9a2-e7e1c0094af0','rebound',4,'TeamA','TeamC');
insert into basketballrebounds(eventId,player) values ('c9cd5984-1a41-40a4-9865-e354aaa9bd5c','Cameron');
insert into basketballgameevents(id,gameId,playType,period,teamFor,teamAgainst) values ('8a53eb32-66ec-45af-b1f1-ef75e2527618','9929b1a8-3ca8-4422-a9a2-e7e1c0094af0','block',4,'TeamC','TeamA');
insert into basketballblocks(eventId,player) values ('8a53eb32-66ec-45af-b1f1-ef75e2527618','Dapper');
insert into basketballgameevents(id,gameId,playType,period,teamFor,teamAgainst) values ('685c0cf2-b102-4298-9828-ade8bc290aed','9929b1a8-3ca8-4422-a9a2-e7e1c0094af0','turnover',4,'TeamC','TeamA');
insert into basketballturnovers(eventId,player) values ('685c0cf2-b102-4298-9828-ade8bc290aed','Dapper');
insert into basketballgameevents(id,gameId,playType,period,teamFor,teamAgainst) values ('c4d852b6-9837-49ca-8b58-19cf32155267','9929b1a8-3ca8-4422-a9a2-e7e1c0094af0','foul',4,'TeamC','TeamA');
insert into basketballfouls(eventId,player,reason) values ('c4d852b6-9837-49ca-8b58-19cf32155267','Dickson','Pushing');
insert into basketballgameevents(id,gameId,playType,period,teamFor,teamAgainst) values ('e694b6c4-2ee7-4a3b-b5ca-c721fae497ce','9929b1a8-3ca8-4422-a9a2-e7e1c0094af0','rebound',4,'TeamC','TeamA');
insert into basketballrebounds(eventId,player) values ('e694b6c4-2ee7-4a3b-b5ca-c721fae497ce','Dickson');
insert into basketballgameevents(id,gameId,playType,period,teamFor,teamAgainst) values ('cf2e2284-9323-440b-bffa-7d1e3c4d1f38','9929b1a8-3ca8-4422-a9a2-e7e1c0094af0','rebound',4,'TeamA','TeamC');
insert into basketballrebounds(eventId,player) values ('cf2e2284-9323-440b-bffa-7d1e3c4d1f38','Caleb');
insert into basketballgameevents(id,gameId,playType,period,teamFor,teamAgainst) values ('8b431592-8a2c-4e72-994c-7fa362268aef','9929b1a8-3ca8-4422-a9a2-e7e1c0094af0','block',4,'TeamC','TeamA');
insert into basketballblocks(eventId,player) values ('8b431592-8a2c-4e72-994c-7fa362268aef','Dapper');
insert into basketballgameevents(id,gameId,playType,period,teamFor,teamAgainst) values ('3c6897ec-7ab8-4bc6-b43c-58efd20e83ea','9929b1a8-3ca8-4422-a9a2-e7e1c0094af0','turnover',4,'TeamC','TeamA');
insert into basketballturnovers(eventId,player) values ('3c6897ec-7ab8-4bc6-b43c-58efd20e83ea','Daniel');
insert into basketballgameevents(id,gameId,playType,period,teamFor,teamAgainst) values ('4f9d32ff-79a9-492d-9b36-30bdccdb7bd8','9929b1a8-3ca8-4422-a9a2-e7e1c0094af0','point',4,'TeamC','TeamA');
insert into basketballpoints(eventId,player,result,point) values ('4f9d32ff-79a9-492d-9b36-30bdccdb7bd8','Daniel','made',2);
insert into basketballgameevents(id,gameId,playType,period,teamFor,teamAgainst) values ('642fbeeb-d2a4-462a-be9e-8dba49dbeeec','9929b1a8-3ca8-4422-a9a2-e7e1c0094af0','rebound',4,'TeamC','TeamA');
insert into basketballrebounds(eventId,player) values ('642fbeeb-d2a4-462a-be9e-8dba49dbeeec','Doppler');
insert into basketballgameevents(id,gameId,playType,period,teamFor,teamAgainst) values ('11f4ea54-acea-4e90-880a-427978ac2efe','9929b1a8-3ca8-4422-a9a2-e7e1c0094af0','foul',4,'TeamA','TeamC');
insert into basketballfouls(eventId,player,reason) values ('11f4ea54-acea-4e90-880a-427978ac2efe','Caleb','Holding');
insert into basketballgameevents(id,gameId,playType,period,teamFor,teamAgainst) values ('66f100b9-bdc5-465a-861d-9da19049e152','9929b1a8-3ca8-4422-a9a2-e7e1c0094af0','turnover',4,'TeamA','TeamC');
insert into basketballturnovers(eventId,player) values ('66f100b9-bdc5-465a-861d-9da19049e152','Cauchy');
insert into basketballgameevents(id,gameId,playType,period,teamFor,teamAgainst) values ('83231c52-4a15-41cf-b208-a209354e1bb7','9929b1a8-3ca8-4422-a9a2-e7e1c0094af0','block',4,'TeamA','TeamC');
insert into basketballblocks(eventId,player) values ('83231c52-4a15-41cf-b208-a209354e1bb7','Cameron');
insert into basketballgameevents(id,gameId,playType,period,teamFor,teamAgainst) values ('2e29fb07-4667-4177-b493-ac39c2a999c7','9929b1a8-3ca8-4422-a9a2-e7e1c0094af0','steal',4,'TeamA','TeamC');
insert into basketballsteals(eventId,player) values ('2e29fb07-4667-4177-b493-ac39c2a999c7','Cameron');
insert into basketballgameevents(id,gameId,playType,period,teamFor,teamAgainst) values ('fe87286e-b4f7-4690-8ea4-f33547ea3c39','9929b1a8-3ca8-4422-a9a2-e7e1c0094af0','foul',4,'TeamA','TeamC');
insert into basketballfouls(eventId,player,reason) values ('fe87286e-b4f7-4690-8ea4-f33547ea3c39','Cameron','Holding');
insert into basketballgameevents(id,gameId,playType,period,teamFor,teamAgainst) values ('eb7c49c5-101e-42c7-81b5-74c6ee7f6e7b','9929b1a8-3ca8-4422-a9a2-e7e1c0094af0','rebound',4,'TeamA','TeamC');
insert into basketballrebounds(eventId,player) values ('eb7c49c5-101e-42c7-81b5-74c6ee7f6e7b','Caleb');
insert into basketballgameevents(id,gameId,playType,period,teamFor,teamAgainst) values ('fd61a3de-fb4f-4442-9b37-45bd1e3c0cbd','9929b1a8-3ca8-4422-a9a2-e7e1c0094af0','turnover',4,'TeamA','TeamC');
insert into basketballturnovers(eventId,player) values ('fd61a3de-fb4f-4442-9b37-45bd1e3c0cbd','Cody');
insert into basketballgameevents(id,gameId,playType,period,teamFor,teamAgainst) values ('f0ce9c0e-8b60-4f53-b884-d7bc5ff3aced','9929b1a8-3ca8-4422-a9a2-e7e1c0094af0','turnover',4,'TeamC','TeamA');
insert into basketballturnovers(eventId,player) values ('f0ce9c0e-8b60-4f53-b884-d7bc5ff3aced','Dapper');
insert into basketballgameevents(id,gameId,playType,period,teamFor,teamAgainst) values ('79cf08d9-87d6-4385-97d0-135c8b397e26','9929b1a8-3ca8-4422-a9a2-e7e1c0094af0','steal',4,'TeamA','TeamC');
insert into basketballsteals(eventId,player) values ('79cf08d9-87d6-4385-97d0-135c8b397e26','Caleb');
insert into basketballgameevents(id,gameId,playType,period,teamFor,teamAgainst) values ('3778c463-c004-4171-9a98-9d5714412b95','9929b1a8-3ca8-4422-a9a2-e7e1c0094af0','rebound',4,'TeamA','TeamC');
insert into basketballrebounds(eventId,player) values ('3778c463-c004-4171-9a98-9d5714412b95','Camel');
insert into basketballgameevents(id,gameId,playType,period,teamFor,teamAgainst) values ('2854a323-a919-44f1-9c47-de401da5a219','9929b1a8-3ca8-4422-a9a2-e7e1c0094af0','point',4,'TeamC','TeamA');
insert into basketballpoints(eventId,player,assist,result,point) values ('2854a323-a919-44f1-9c47-de401da5a219', 'Denver', 'Dapper', 'made', 2);
insert into basketballgameevents(id,gameId,playType,period,teamFor,teamAgainst) values ('541fdd91-5b35-446c-8611-c8dd58fc0c65','9929b1a8-3ca8-4422-a9a2-e7e1c0094af0','turnover',4,'TeamA','TeamC');
insert into basketballturnovers(eventId,player) values ('541fdd91-5b35-446c-8611-c8dd58fc0c65','Caleb');
insert into basketballgameevents(id,gameId,playType,period,teamFor,teamAgainst) values ('f68b498c-f789-46e6-89a1-c2179cf05fdd','9929b1a8-3ca8-4422-a9a2-e7e1c0094af0','turnover',4,'TeamA','TeamC');
insert into basketballturnovers(eventId,player) values ('f68b498c-f789-46e6-89a1-c2179cf05fdd','Cauchy');
insert into basketballgameevents(id,gameId,playType,period,teamFor,teamAgainst) values ('e8f94545-a7cd-4f6e-92e4-abb8dc2e1cea','9929b1a8-3ca8-4422-a9a2-e7e1c0094af0','foul',4,'TeamC','TeamA');
insert into basketballfouls(eventId,player,reason) values ('e8f94545-a7cd-4f6e-92e4-abb8dc2e1cea','Daniel','Pushing');
insert into basketballgameevents(id,gameId,playType,period,teamFor,teamAgainst) values ('3a524345-f7c7-49d1-a70e-d3b941cfc5a7','9929b1a8-3ca8-4422-a9a2-e7e1c0094af0','point',4,'TeamA','TeamC');
insert into basketballpoints(eventId,player,assist,result,point) values ('3a524345-f7c7-49d1-a70e-d3b941cfc5a7', 'Cauchy', 'Cody', 'made', 2);
insert into basketballgameevents(id,gameId,playType,period,teamFor,teamAgainst) values ('4bea0f38-2585-4a1c-9d06-be76b5dfd995','9929b1a8-3ca8-4422-a9a2-e7e1c0094af0','steal',4,'TeamA','TeamC');
insert into basketballsteals(eventId,player) values ('4bea0f38-2585-4a1c-9d06-be76b5dfd995','Cody');
insert into basketballgameevents(id,gameId,playType,period,teamFor,teamAgainst) values ('e0a9b4fe-6df3-4378-b5db-20006a4b1b51','9929b1a8-3ca8-4422-a9a2-e7e1c0094af0','point',4,'TeamC','TeamA');
insert into basketballpoints(eventId,player,result,point) values ('e0a9b4fe-6df3-4378-b5db-20006a4b1b51','Daniel','made',2);
insert into basketballgameevents(id,gameId,playType,period,teamFor,teamAgainst) values ('266832a9-3cb8-45b1-9996-438f2254686e','9929b1a8-3ca8-4422-a9a2-e7e1c0094af0','foul',4,'TeamA','TeamC');
insert into basketballfouls(eventId,player,reason) values ('266832a9-3cb8-45b1-9996-438f2254686e','Cauchy','Holding');
insert into basketballgameevents(id,gameId,playType,period,teamFor,teamAgainst) values ('56626ddf-2fb0-46c1-a540-05b80a12fc81','9929b1a8-3ca8-4422-a9a2-e7e1c0094af0','foul',4,'TeamA','TeamC');
insert into basketballfouls(eventId,player,reason) values ('56626ddf-2fb0-46c1-a540-05b80a12fc81','Cameron','Holding');
insert into basketballgameevents(id,gameId,playType,period,teamFor,teamAgainst) values ('e922464b-d744-4cb5-8810-bb7c1744b0e4','9929b1a8-3ca8-4422-a9a2-e7e1c0094af0','point',4,'TeamA','TeamC');
insert into basketballpoints(eventId,player,result,point) values ('e922464b-d744-4cb5-8810-bb7c1744b0e4','Cameron','miss',2);
insert into basketballgameevents(id,gameId,playType,period,teamFor,teamAgainst) values ('f62f248e-d643-4304-b1db-da9b2d2d6226','9929b1a8-3ca8-4422-a9a2-e7e1c0094af0','point',4,'TeamA','TeamC');
insert into basketballpoints(eventId,player,assist,result,point) values ('f62f248e-d643-4304-b1db-da9b2d2d6226', 'Caleb', 'Cody', 'made', 2);
insert into basketballgameevents(id,gameId,playType,period,teamFor,teamAgainst) values ('8ef652d9-ec96-4805-afc2-76963193c6eb','9929b1a8-3ca8-4422-a9a2-e7e1c0094af0','steal',4,'TeamA','TeamC');
insert into basketballsteals(eventId,player) values ('8ef652d9-ec96-4805-afc2-76963193c6eb','Cameron');
insert into basketballgameevents(id,gameId,playType,period,teamFor,teamAgainst) values ('8b81bcaf-6031-4923-8eb4-4183de6ff992','9929b1a8-3ca8-4422-a9a2-e7e1c0094af0','block',4,'TeamA','TeamC');
insert into basketballblocks(eventId,player) values ('8b81bcaf-6031-4923-8eb4-4183de6ff992','Camel');
insert into basketballgameevents(id,gameId,playType,period,teamFor,teamAgainst) values ('f1347145-9e76-49e6-9cb3-8c965c9be850','9929b1a8-3ca8-4422-a9a2-e7e1c0094af0','block',4,'TeamC','TeamA');
insert into basketballblocks(eventId,player) values ('f1347145-9e76-49e6-9cb3-8c965c9be850','Doppler');
insert into basketballgameevents(id,gameId,playType,period,teamFor,teamAgainst) values ('8c818b6a-9310-4f0c-8cf0-f1bf375d797c','9929b1a8-3ca8-4422-a9a2-e7e1c0094af0','rebound',4,'TeamC','TeamA');
insert into basketballrebounds(eventId,player) values ('8c818b6a-9310-4f0c-8cf0-f1bf375d797c','Dickson');
insert into basketballgameevents(id,gameId,playType,period,teamFor,teamAgainst) values ('34c66126-64db-48a4-b223-41a928390395','9929b1a8-3ca8-4422-a9a2-e7e1c0094af0','foul',4,'TeamC','TeamA');
insert into basketballfouls(eventId,player,reason) values ('34c66126-64db-48a4-b223-41a928390395','Doppler','Holding');
insert into basketballgameevents(id,gameId,playType,period,teamFor,teamAgainst) values ('23b280bb-415a-492f-ba8e-1049248e32e1','9929b1a8-3ca8-4422-a9a2-e7e1c0094af0','foul',4,'TeamC','TeamA');
insert into basketballfouls(eventId,player,reason) values ('23b280bb-415a-492f-ba8e-1049248e32e1','Denver','Pushing');
insert into basketballgameevents(id,gameId,playType,period,teamFor,teamAgainst) values ('9576e4ed-3fb1-4556-95f5-a2e61e4e4d49','9929b1a8-3ca8-4422-a9a2-e7e1c0094af0','turnover',4,'TeamC','TeamA');
insert into basketballturnovers(eventId,player) values ('9576e4ed-3fb1-4556-95f5-a2e61e4e4d49','Daniel');
insert into basketballgameevents(id,gameId,playType,period,teamFor,teamAgainst) values ('c1d7746b-c451-410c-b7eb-c355b018f412','9929b1a8-3ca8-4422-a9a2-e7e1c0094af0','steal',4,'TeamC','TeamA');
insert into basketballsteals(eventId,player) values ('c1d7746b-c451-410c-b7eb-c355b018f412','Dickson');
insert into basketballgameevents(id,gameId,playType,period,teamFor,teamAgainst) values ('9603e068-ec2b-475f-bec6-90c3ae9d71ac','9929b1a8-3ca8-4422-a9a2-e7e1c0094af0','turnover',4,'TeamC','TeamA');
insert into basketballturnovers(eventId,player) values ('9603e068-ec2b-475f-bec6-90c3ae9d71ac','Doppler');
insert into basketballgameevents(id,gameId,playType,period,teamFor,teamAgainst) values ('58ea2846-7b23-4703-96e0-48da205b0252','9929b1a8-3ca8-4422-a9a2-e7e1c0094af0','turnover',4,'TeamC','TeamA');
insert into basketballturnovers(eventId,player) values ('58ea2846-7b23-4703-96e0-48da205b0252','Dapper');
insert into basketballgameevents(id,gameId,playType,period,teamFor,teamAgainst) values ('022dab12-d5fd-4d86-905e-da0513339c9c','9929b1a8-3ca8-4422-a9a2-e7e1c0094af0','block',4,'TeamC','TeamA');
insert into basketballblocks(eventId,player) values ('022dab12-d5fd-4d86-905e-da0513339c9c','Doppler');
insert into basketballgameevents(id,gameId,playType,period,teamFor,teamAgainst) values ('2baebd47-37a5-4c18-ad1c-41308cfd74d7','9929b1a8-3ca8-4422-a9a2-e7e1c0094af0','turnover',4,'TeamA','TeamC');
insert into basketballturnovers(eventId,player) values ('2baebd47-37a5-4c18-ad1c-41308cfd74d7','Camel');
insert into basketballgameevents(id,gameId,playType,period,teamFor,teamAgainst) values ('20d0463a-ca3d-4357-9740-35aa04dca3d5','9929b1a8-3ca8-4422-a9a2-e7e1c0094af0','point',4,'TeamA','TeamC');
insert into basketballpoints(eventId,player,result,point) values ('20d0463a-ca3d-4357-9740-35aa04dca3d5','Caleb','miss',2);
insert into basketballgameevents(id,gameId,playType,period,teamFor,teamAgainst) values ('a7a3c716-4f65-4cde-aa15-619157abb9b7','9929b1a8-3ca8-4422-a9a2-e7e1c0094af0','turnover',4,'TeamC','TeamA');
insert into basketballturnovers(eventId,player) values ('a7a3c716-4f65-4cde-aa15-619157abb9b7','Dapper');
insert into basketballgameevents(id,gameId,playType,period,teamFor,teamAgainst) values ('b5d72543-df7a-442c-942f-d0b49ae30159','9929b1a8-3ca8-4422-a9a2-e7e1c0094af0','block',4,'TeamA','TeamC');
insert into basketballblocks(eventId,player) values ('b5d72543-df7a-442c-942f-d0b49ae30159','Caleb');
insert into basketballgameevents(id,gameId,playType,period,teamFor,teamAgainst) values ('6c1f4a7e-3f6f-4183-afbc-352a48eac32b','9929b1a8-3ca8-4422-a9a2-e7e1c0094af0','turnover',4,'TeamA','TeamC');
insert into basketballturnovers(eventId,player) values ('6c1f4a7e-3f6f-4183-afbc-352a48eac32b','Cameron');
insert into basketballgameevents(id,gameId,playType,period,teamFor,teamAgainst) values ('fd5e9a7e-e33b-45f0-8723-53bd1768eda7','9929b1a8-3ca8-4422-a9a2-e7e1c0094af0','steal',4,'TeamA','TeamC');
insert into basketballsteals(eventId,player) values ('fd5e9a7e-e33b-45f0-8723-53bd1768eda7','Cody');
insert into basketballgameevents(id,gameId,playType,period,teamFor,teamAgainst) values ('53f46c44-5d3e-454e-97be-d3b4afbe4fd4','9929b1a8-3ca8-4422-a9a2-e7e1c0094af0','foul',4,'TeamC','TeamA');
insert into basketballfouls(eventId,player,reason) values ('53f46c44-5d3e-454e-97be-d3b4afbe4fd4','Denver','Holding');
insert into basketballgameevents(id,gameId,playType,period,teamFor,teamAgainst) values ('17f03b22-3651-4308-9695-0f04f7781c33','9929b1a8-3ca8-4422-a9a2-e7e1c0094af0','rebound',4,'TeamC','TeamA');
insert into basketballrebounds(eventId,player) values ('17f03b22-3651-4308-9695-0f04f7781c33','Dapper');
insert into basketballgameevents(id,gameId,playType,period,teamFor,teamAgainst) values ('3e4400d8-493f-49ca-b447-e3757f623a14','9929b1a8-3ca8-4422-a9a2-e7e1c0094af0','block',4,'TeamA','TeamC');
insert into basketballblocks(eventId,player) values ('3e4400d8-493f-49ca-b447-e3757f623a14','Cauchy');
insert into basketballgameevents(id,gameId,playType,period,teamFor,teamAgainst) values ('c2ef955b-be45-4690-ba53-9730a1096a28','9929b1a8-3ca8-4422-a9a2-e7e1c0094af0','point',4,'TeamC','TeamA');
insert into basketballpoints(eventId,player,result,point) values ('c2ef955b-be45-4690-ba53-9730a1096a28','Denver','miss',3);
insert into basketballgameevents(id,gameId,playType,period,teamFor,teamAgainst) values ('59783ca5-3963-41f3-b149-6bb78573ee05','9929b1a8-3ca8-4422-a9a2-e7e1c0094af0','point',4,'TeamC','TeamA');
insert into basketballpoints(eventId,player,result,point) values ('59783ca5-3963-41f3-b149-6bb78573ee05','Dapper','miss',3);
insert into basketballgameevents(id,gameId,playType,period,teamFor,teamAgainst) values ('a05351b8-721c-445e-bac9-52dc373c976a','9929b1a8-3ca8-4422-a9a2-e7e1c0094af0','block',4,'TeamC','TeamA');
insert into basketballblocks(eventId,player) values ('a05351b8-721c-445e-bac9-52dc373c976a','Denver');
insert into basketballgameevents(id,gameId,playType,period,teamFor,teamAgainst) values ('a8e9c445-5a3b-4545-8beb-7861b9344d14','9929b1a8-3ca8-4422-a9a2-e7e1c0094af0','turnover',4,'TeamC','TeamA');
insert into basketballturnovers(eventId,player) values ('a8e9c445-5a3b-4545-8beb-7861b9344d14','Dickson');
insert into basketballgameevents(id,gameId,playType,period,teamFor,teamAgainst) values ('72b211f7-0686-484b-8cd1-0379b8596af2','9929b1a8-3ca8-4422-a9a2-e7e1c0094af0','block',4,'TeamA','TeamC');
insert into basketballblocks(eventId,player) values ('72b211f7-0686-484b-8cd1-0379b8596af2','Cauchy');
insert into basketballgameevents(id,gameId,playType,period,teamFor,teamAgainst) values ('18422e19-3b5c-43d9-9583-465984462c5b','9929b1a8-3ca8-4422-a9a2-e7e1c0094af0','block',4,'TeamC','TeamA');
insert into basketballblocks(eventId,player) values ('18422e19-3b5c-43d9-9583-465984462c5b','Doppler');
insert into basketballgameevents(id,gameId,playType,period,teamFor,teamAgainst) values ('f84caf34-4cff-4f64-b0c3-ff86c857a6db','9929b1a8-3ca8-4422-a9a2-e7e1c0094af0','point',4,'TeamC','TeamA');
insert into basketballpoints(eventId,player,assist,result,point) values ('f84caf34-4cff-4f64-b0c3-ff86c857a6db', 'Dickson', 'Dapper', 'made', 1);
insert into basketballgameevents(id,gameId,playType,period,teamFor,teamAgainst) values ('96a07626-dd8c-42f3-a23c-180ebd82d5a4','9929b1a8-3ca8-4422-a9a2-e7e1c0094af0','block',4,'TeamC','TeamA');
insert into basketballblocks(eventId,player) values ('96a07626-dd8c-42f3-a23c-180ebd82d5a4','Daniel');
insert into basketballgameevents(id,gameId,playType,period,teamFor,teamAgainst) values ('2cb50165-5d2e-4d3f-8518-d90c854e5f99','9929b1a8-3ca8-4422-a9a2-e7e1c0094af0','block',4,'TeamC','TeamA');
insert into basketballblocks(eventId,player) values ('2cb50165-5d2e-4d3f-8518-d90c854e5f99','Denver');
insert into basketballgameevents(id,gameId,playType,period,teamFor,teamAgainst) values ('7d211439-7737-49fa-a76a-e768ef563fff','9929b1a8-3ca8-4422-a9a2-e7e1c0094af0','block',4,'TeamC','TeamA');
insert into basketballblocks(eventId,player) values ('7d211439-7737-49fa-a76a-e768ef563fff','Dapper');
insert into basketballgameevents(id,gameId,playType,period,teamFor,teamAgainst) values ('1166d817-73f8-47e9-a4d9-8de834b97cf0','9929b1a8-3ca8-4422-a9a2-e7e1c0094af0','turnover',4,'TeamC','TeamA');
insert into basketballturnovers(eventId,player) values ('1166d817-73f8-47e9-a4d9-8de834b97cf0','Dickson');
insert into basketballgameevents(id,gameId,playType,period,teamFor,teamAgainst) values ('17d0a702-53eb-4edd-9189-e7d171c77a00','9929b1a8-3ca8-4422-a9a2-e7e1c0094af0','point',4,'TeamC','TeamA');
insert into basketballpoints(eventId,player,result,point) values ('17d0a702-53eb-4edd-9189-e7d171c77a00','Dickson','miss',1);
insert into basketballgameevents(id,gameId,playType,period,teamFor,teamAgainst) values ('2e587a48-c087-467a-8986-b67082e35146','9929b1a8-3ca8-4422-a9a2-e7e1c0094af0','rebound',4,'TeamA','TeamC');
insert into basketballrebounds(eventId,player) values ('2e587a48-c087-467a-8986-b67082e35146','Cameron');
insert into basketballgameevents(id,gameId,playType,period,teamFor,teamAgainst) values ('e53be29a-2bf2-4196-b6c8-4c69e84c1c4a','9929b1a8-3ca8-4422-a9a2-e7e1c0094af0','block',4,'TeamA','TeamC');
insert into basketballblocks(eventId,player) values ('e53be29a-2bf2-4196-b6c8-4c69e84c1c4a','Cameron');
insert into basketballgameevents(id,gameId,playType,period,teamFor,teamAgainst) values ('9207600a-2b2a-48be-97bd-be423310e8e6','9929b1a8-3ca8-4422-a9a2-e7e1c0094af0','turnover',4,'TeamC','TeamA');
insert into basketballturnovers(eventId,player) values ('9207600a-2b2a-48be-97bd-be423310e8e6','Dickson');
insert into basketballgameevents(id,gameId,playType,period,teamFor,teamAgainst) values ('ac46548f-100f-42a4-9c00-014147e9538c','9929b1a8-3ca8-4422-a9a2-e7e1c0094af0','turnover',4,'TeamC','TeamA');
insert into basketballturnovers(eventId,player) values ('ac46548f-100f-42a4-9c00-014147e9538c','Dickson');
insert into basketballgameevents(id,gameId,playType,period,teamFor,teamAgainst) values ('f7e9b2f8-4423-4ec7-9ef8-9c38df8f0ff4','9929b1a8-3ca8-4422-a9a2-e7e1c0094af0','block',4,'TeamC','TeamA');
insert into basketballblocks(eventId,player) values ('f7e9b2f8-4423-4ec7-9ef8-9c38df8f0ff4','Dickson');
insert into basketballgameevents(id,gameId,playType,period,teamFor,teamAgainst) values ('7b242a18-cbe2-42a3-9737-c09e61f31639','9929b1a8-3ca8-4422-a9a2-e7e1c0094af0','block',4,'TeamA','TeamC');
insert into basketballblocks(eventId,player) values ('7b242a18-cbe2-42a3-9737-c09e61f31639','Cody');
insert into basketballgameevents(id,gameId,playType,period,teamFor,teamAgainst) values ('553ba6a1-f479-4432-97d3-c6f691c1cc83','9929b1a8-3ca8-4422-a9a2-e7e1c0094af0','point',4,'TeamA','TeamC');
insert into basketballpoints(eventId,player,assist,result,point) values ('553ba6a1-f479-4432-97d3-c6f691c1cc83', 'Camel', 'Caleb', 'made', 3);
insert into basketballgameevents(id,gameId,playType,period,teamFor,teamAgainst) values ('77aaf7b0-9c4d-43d2-a034-ea5a2a032589','9929b1a8-3ca8-4422-a9a2-e7e1c0094af0','rebound',4,'TeamC','TeamA');
insert into basketballrebounds(eventId,player) values ('77aaf7b0-9c4d-43d2-a034-ea5a2a032589','Daniel');
insert into basketballgameevents(id,gameId,playType,period,teamFor,teamAgainst) values ('d82419e7-2649-4644-8768-951cfbecdec6','9929b1a8-3ca8-4422-a9a2-e7e1c0094af0','turnover',4,'TeamA','TeamC');
insert into basketballturnovers(eventId,player) values ('d82419e7-2649-4644-8768-951cfbecdec6','Cameron');
insert into basketballgameevents(id,gameId,playType,period,teamFor,teamAgainst) values ('3e137d52-29f9-4271-86c3-fb602bc35572','9929b1a8-3ca8-4422-a9a2-e7e1c0094af0','rebound',4,'TeamA','TeamC');
insert into basketballrebounds(eventId,player) values ('3e137d52-29f9-4271-86c3-fb602bc35572','Cauchy');
insert into basketballgameevents(id,gameId,playType,period,teamFor,teamAgainst) values ('2b730b32-6981-4ce1-b5a5-6623870e3ff7','9929b1a8-3ca8-4422-a9a2-e7e1c0094af0','steal',4,'TeamC','TeamA');
insert into basketballsteals(eventId,player) values ('2b730b32-6981-4ce1-b5a5-6623870e3ff7','Doppler');
insert into basketballgameevents(id,gameId,playType,period,teamFor,teamAgainst) values ('11e60fc5-6fc6-431c-97ed-f21724949444','9929b1a8-3ca8-4422-a9a2-e7e1c0094af0','rebound',4,'TeamC','TeamA');
insert into basketballrebounds(eventId,player) values ('11e60fc5-6fc6-431c-97ed-f21724949444','Dickson');
insert into basketballgames(id,leagueId,home,away,starttime) values ('4ca83856-4fba-4227-ad26-1bc9f3496646','890efb7f-a729-4c81-9b67-4b1d605a99ba','TeamB','TeamC','2023-02-23T22:42:43+00:00');
insert into basketballgameevents(id,gameId,playType,period,teamFor,teamAgainst) values ('933d9a05-c3e6-4812-af16-1e91d8ca2d8d','4ca83856-4fba-4227-ad26-1bc9f3496646','turnover',1,'TeamB','TeamC');
insert into basketballturnovers(eventId,player) values ('933d9a05-c3e6-4812-af16-1e91d8ca2d8d','Cauchy');
insert into basketballgameevents(id,gameId,playType,period,teamFor,teamAgainst) values ('1e12e350-371f-4fd9-bb27-da17dea5546c','4ca83856-4fba-4227-ad26-1bc9f3496646','point',1,'TeamB','TeamC');
insert into basketballpoints(eventId,player,result,point) values ('1e12e350-371f-4fd9-bb27-da17dea5546c','Cody','miss',2);
insert into basketballgameevents(id,gameId,playType,period,teamFor,teamAgainst) values ('30e8c2b4-d4ad-45b8-8ed4-43243f9f4f89','4ca83856-4fba-4227-ad26-1bc9f3496646','turnover',1,'TeamB','TeamC');
insert into basketballturnovers(eventId,player) values ('30e8c2b4-d4ad-45b8-8ed4-43243f9f4f89','Caleb');
insert into basketballgameevents(id,gameId,playType,period,teamFor,teamAgainst) values ('243c6291-5730-4eba-b016-1d2f0ab6bf54','4ca83856-4fba-4227-ad26-1bc9f3496646','block',1,'TeamB','TeamC');
insert into basketballblocks(eventId,player) values ('243c6291-5730-4eba-b016-1d2f0ab6bf54','Cody');
insert into basketballgameevents(id,gameId,playType,period,teamFor,teamAgainst) values ('359e1597-4c7e-44d0-a929-5dcc4a0d41a1','4ca83856-4fba-4227-ad26-1bc9f3496646','steal',1,'TeamC','TeamB');
insert into basketballsteals(eventId,player) values ('359e1597-4c7e-44d0-a929-5dcc4a0d41a1','Dickson');
insert into basketballgameevents(id,gameId,playType,period,teamFor,teamAgainst) values ('b8bba060-b5f2-46f5-b297-0942114b7e2a','4ca83856-4fba-4227-ad26-1bc9f3496646','block',1,'TeamB','TeamC');
insert into basketballblocks(eventId,player) values ('b8bba060-b5f2-46f5-b297-0942114b7e2a','Camel');
insert into basketballgameevents(id,gameId,playType,period,teamFor,teamAgainst) values ('ec22d5a8-61ab-41fc-9576-df809e96a4d2','4ca83856-4fba-4227-ad26-1bc9f3496646','rebound',1,'TeamC','TeamB');
insert into basketballrebounds(eventId,player) values ('ec22d5a8-61ab-41fc-9576-df809e96a4d2','Dickson');
insert into basketballgameevents(id,gameId,playType,period,teamFor,teamAgainst) values ('6509fa05-9def-4363-b64e-b5118fc0e776','4ca83856-4fba-4227-ad26-1bc9f3496646','block',1,'TeamC','TeamB');
insert into basketballblocks(eventId,player) values ('6509fa05-9def-4363-b64e-b5118fc0e776','Denver');
insert into basketballgameevents(id,gameId,playType,period,teamFor,teamAgainst) values ('ec1aa1b7-826f-4d81-8689-f0be737c2ff4','4ca83856-4fba-4227-ad26-1bc9f3496646','turnover',1,'TeamC','TeamB');
insert into basketballturnovers(eventId,player) values ('ec1aa1b7-826f-4d81-8689-f0be737c2ff4','Dickson');
insert into basketballgameevents(id,gameId,playType,period,teamFor,teamAgainst) values ('a304f9f6-1c72-4699-8df3-17b58c15b48f','4ca83856-4fba-4227-ad26-1bc9f3496646','turnover',1,'TeamC','TeamB');
insert into basketballturnovers(eventId,player) values ('a304f9f6-1c72-4699-8df3-17b58c15b48f','Dapper');
insert into basketballgameevents(id,gameId,playType,period,teamFor,teamAgainst) values ('b79ca203-5b79-4eda-b126-0158771e71cb','4ca83856-4fba-4227-ad26-1bc9f3496646','point',1,'TeamC','TeamB');
insert into basketballpoints(eventId,player,result,point) values ('b79ca203-5b79-4eda-b126-0158771e71cb','Denver','made',3);
insert into basketballgameevents(id,gameId,playType,period,teamFor,teamAgainst) values ('50947478-0742-400c-9e02-9b9eec9fb8bf','4ca83856-4fba-4227-ad26-1bc9f3496646','steal',1,'TeamC','TeamB');
insert into basketballsteals(eventId,player) values ('50947478-0742-400c-9e02-9b9eec9fb8bf','Denver');
insert into basketballgameevents(id,gameId,playType,period,teamFor,teamAgainst) values ('aa37d050-5215-4281-8ebd-377053020ac2','4ca83856-4fba-4227-ad26-1bc9f3496646','steal',1,'TeamC','TeamB');
insert into basketballsteals(eventId,player) values ('aa37d050-5215-4281-8ebd-377053020ac2','Daniel');
insert into basketballgameevents(id,gameId,playType,period,teamFor,teamAgainst) values ('408c83e2-2bc8-4963-bb75-85d95212265a','4ca83856-4fba-4227-ad26-1bc9f3496646','turnover',1,'TeamB','TeamC');
insert into basketballturnovers(eventId,player) values ('408c83e2-2bc8-4963-bb75-85d95212265a','Cameron');
insert into basketballgameevents(id,gameId,playType,period,teamFor,teamAgainst) values ('f716df0d-0df0-43bc-9943-4ea2ae933288','4ca83856-4fba-4227-ad26-1bc9f3496646','block',1,'TeamC','TeamB');
insert into basketballblocks(eventId,player) values ('f716df0d-0df0-43bc-9943-4ea2ae933288','Doppler');
insert into basketballgameevents(id,gameId,playType,period,teamFor,teamAgainst) values ('595a84fa-f411-41a5-820b-e7fe0ccd1cdf','4ca83856-4fba-4227-ad26-1bc9f3496646','foul',1,'TeamB','TeamC');
insert into basketballfouls(eventId,player,reason) values ('595a84fa-f411-41a5-820b-e7fe0ccd1cdf','Camel','Holding');
insert into basketballgameevents(id,gameId,playType,period,teamFor,teamAgainst) values ('2088d897-22e5-4074-b8eb-4ed1aa000f92','4ca83856-4fba-4227-ad26-1bc9f3496646','steal',1,'TeamB','TeamC');
insert into basketballsteals(eventId,player) values ('2088d897-22e5-4074-b8eb-4ed1aa000f92','Cameron');
insert into basketballgameevents(id,gameId,playType,period,teamFor,teamAgainst) values ('cb5ccab2-f55e-4ba7-9e82-919e7ad6f05c','4ca83856-4fba-4227-ad26-1bc9f3496646','point',1,'TeamB','TeamC');
insert into basketballpoints(eventId,player,assist,result,point) values ('cb5ccab2-f55e-4ba7-9e82-919e7ad6f05c', 'Cauchy', 'Cameron', 'made', 3);
insert into basketballgameevents(id,gameId,playType,period,teamFor,teamAgainst) values ('3a472aa1-2754-4760-8b4f-1bbf75e6baee','4ca83856-4fba-4227-ad26-1bc9f3496646','foul',1,'TeamC','TeamB');
insert into basketballfouls(eventId,player,reason) values ('3a472aa1-2754-4760-8b4f-1bbf75e6baee','Dapper','Pushing');
insert into basketballgameevents(id,gameId,playType,period,teamFor,teamAgainst) values ('3157a20f-ad8a-4be1-b151-9ba3201024f8','4ca83856-4fba-4227-ad26-1bc9f3496646','block',1,'TeamC','TeamB');
insert into basketballblocks(eventId,player) values ('3157a20f-ad8a-4be1-b151-9ba3201024f8','Doppler');
insert into basketballgameevents(id,gameId,playType,period,teamFor,teamAgainst) values ('2bfcb0ec-c7e1-4738-9897-cdc9b96d1f0d','4ca83856-4fba-4227-ad26-1bc9f3496646','turnover',1,'TeamB','TeamC');
insert into basketballturnovers(eventId,player) values ('2bfcb0ec-c7e1-4738-9897-cdc9b96d1f0d','Cody');
insert into basketballgameevents(id,gameId,playType,period,teamFor,teamAgainst) values ('b139fb96-0b65-455c-93e9-daebd1dd2e4b','4ca83856-4fba-4227-ad26-1bc9f3496646','point',1,'TeamB','TeamC');
insert into basketballpoints(eventId,player,result,point) values ('b139fb96-0b65-455c-93e9-daebd1dd2e4b','Cameron','miss',1);
insert into basketballgameevents(id,gameId,playType,period,teamFor,teamAgainst) values ('ed4ca600-ffcc-40a0-bfd1-74142a82e3d7','4ca83856-4fba-4227-ad26-1bc9f3496646','foul',1,'TeamC','TeamB');
insert into basketballfouls(eventId,player,reason) values ('ed4ca600-ffcc-40a0-bfd1-74142a82e3d7','Doppler','Pushing');
insert into basketballgameevents(id,gameId,playType,period,teamFor,teamAgainst) values ('a4f7fc0c-5a41-48cc-860f-769203058165','4ca83856-4fba-4227-ad26-1bc9f3496646','foul',1,'TeamC','TeamB');
insert into basketballfouls(eventId,player,reason) values ('a4f7fc0c-5a41-48cc-860f-769203058165','Dickson','Pushing');
insert into basketballgameevents(id,gameId,playType,period,teamFor,teamAgainst) values ('b31a9b03-d11b-433c-a990-427e14c5634a','4ca83856-4fba-4227-ad26-1bc9f3496646','point',1,'TeamC','TeamB');
insert into basketballpoints(eventId,player,result,point) values ('b31a9b03-d11b-433c-a990-427e14c5634a','Doppler','miss',3);
insert into basketballgameevents(id,gameId,playType,period,teamFor,teamAgainst) values ('00846a44-4616-49c9-9038-91c5652f6b93','4ca83856-4fba-4227-ad26-1bc9f3496646','steal',1,'TeamC','TeamB');
insert into basketballsteals(eventId,player) values ('00846a44-4616-49c9-9038-91c5652f6b93','Denver');
insert into basketballgameevents(id,gameId,playType,period,teamFor,teamAgainst) values ('ddd4f05d-cc51-47cb-b79e-216b172f418b','4ca83856-4fba-4227-ad26-1bc9f3496646','steal',1,'TeamC','TeamB');
insert into basketballsteals(eventId,player) values ('ddd4f05d-cc51-47cb-b79e-216b172f418b','Dickson');
insert into basketballgameevents(id,gameId,playType,period,teamFor,teamAgainst) values ('e5970789-0559-41e4-bd22-40ad801ebaa0','4ca83856-4fba-4227-ad26-1bc9f3496646','point',1,'TeamB','TeamC');
insert into basketballpoints(eventId,player,result,point) values ('e5970789-0559-41e4-bd22-40ad801ebaa0','Cody','miss',2);
insert into basketballgameevents(id,gameId,playType,period,teamFor,teamAgainst) values ('e6cf922f-d679-410d-addc-2d9d36371ead','4ca83856-4fba-4227-ad26-1bc9f3496646','point',1,'TeamC','TeamB');
insert into basketballpoints(eventId,player,result,point) values ('e6cf922f-d679-410d-addc-2d9d36371ead','Doppler','miss',2);
insert into basketballgameevents(id,gameId,playType,period,teamFor,teamAgainst) values ('bb24d222-bccc-4638-89f3-f47f0a378264','4ca83856-4fba-4227-ad26-1bc9f3496646','block',1,'TeamC','TeamB');
insert into basketballblocks(eventId,player) values ('bb24d222-bccc-4638-89f3-f47f0a378264','Doppler');
insert into basketballgameevents(id,gameId,playType,period,teamFor,teamAgainst) values ('b8f1ecd0-7b66-43fa-8471-d114c7026a7e','4ca83856-4fba-4227-ad26-1bc9f3496646','turnover',1,'TeamC','TeamB');
insert into basketballturnovers(eventId,player) values ('b8f1ecd0-7b66-43fa-8471-d114c7026a7e','Dickson');
insert into basketballgameevents(id,gameId,playType,period,teamFor,teamAgainst) values ('45bd6843-73d6-43ee-ab92-64bf9d05710c','4ca83856-4fba-4227-ad26-1bc9f3496646','rebound',1,'TeamC','TeamB');
insert into basketballrebounds(eventId,player) values ('45bd6843-73d6-43ee-ab92-64bf9d05710c','Denver');
insert into basketballgameevents(id,gameId,playType,period,teamFor,teamAgainst) values ('fe5d0cb8-1f9f-4226-acc9-899cefc160ae','4ca83856-4fba-4227-ad26-1bc9f3496646','steal',1,'TeamB','TeamC');
insert into basketballsteals(eventId,player) values ('fe5d0cb8-1f9f-4226-acc9-899cefc160ae','Cameron');
insert into basketballgameevents(id,gameId,playType,period,teamFor,teamAgainst) values ('22795b11-dc72-4ec5-9cb0-7b862a050277','4ca83856-4fba-4227-ad26-1bc9f3496646','block',1,'TeamB','TeamC');
insert into basketballblocks(eventId,player) values ('22795b11-dc72-4ec5-9cb0-7b862a050277','Caleb');
insert into basketballgameevents(id,gameId,playType,period,teamFor,teamAgainst) values ('bc2e1632-8588-407f-8d1e-fb2987924968','4ca83856-4fba-4227-ad26-1bc9f3496646','steal',1,'TeamB','TeamC');
insert into basketballsteals(eventId,player) values ('bc2e1632-8588-407f-8d1e-fb2987924968','Cameron');
insert into basketballgameevents(id,gameId,playType,period,teamFor,teamAgainst) values ('6917a6f4-3883-4f29-893f-ae86c7f0a3c1','4ca83856-4fba-4227-ad26-1bc9f3496646','foul',1,'TeamB','TeamC');
insert into basketballfouls(eventId,player,reason) values ('6917a6f4-3883-4f29-893f-ae86c7f0a3c1','Cauchy','Holding');
insert into basketballgameevents(id,gameId,playType,period,teamFor,teamAgainst) values ('552586e0-5054-4efc-8e43-ba2de24a5a53','4ca83856-4fba-4227-ad26-1bc9f3496646','block',1,'TeamB','TeamC');
insert into basketballblocks(eventId,player) values ('552586e0-5054-4efc-8e43-ba2de24a5a53','Cody');
insert into basketballgameevents(id,gameId,playType,period,teamFor,teamAgainst) values ('7f5af625-9b18-49e1-8677-54cdc6faf018','4ca83856-4fba-4227-ad26-1bc9f3496646','block',1,'TeamC','TeamB');
insert into basketballblocks(eventId,player) values ('7f5af625-9b18-49e1-8677-54cdc6faf018','Doppler');
insert into basketballgameevents(id,gameId,playType,period,teamFor,teamAgainst) values ('3c596911-8bd6-436f-a4c2-12b80691589f','4ca83856-4fba-4227-ad26-1bc9f3496646','point',1,'TeamC','TeamB');
insert into basketballpoints(eventId,player,result,point) values ('3c596911-8bd6-436f-a4c2-12b80691589f','Dapper','made',2);
insert into basketballgameevents(id,gameId,playType,period,teamFor,teamAgainst) values ('273b3e00-48cc-41c9-8f57-9f9c3420ecfa','4ca83856-4fba-4227-ad26-1bc9f3496646','steal',1,'TeamB','TeamC');
insert into basketballsteals(eventId,player) values ('273b3e00-48cc-41c9-8f57-9f9c3420ecfa','Camel');
insert into basketballgameevents(id,gameId,playType,period,teamFor,teamAgainst) values ('2d5c1d51-5b7b-4a9e-a54f-43e647673800','4ca83856-4fba-4227-ad26-1bc9f3496646','rebound',1,'TeamC','TeamB');
insert into basketballrebounds(eventId,player) values ('2d5c1d51-5b7b-4a9e-a54f-43e647673800','Dickson');
insert into basketballgameevents(id,gameId,playType,period,teamFor,teamAgainst) values ('f1108ad1-d582-4450-8f39-fc5ab6572444','4ca83856-4fba-4227-ad26-1bc9f3496646','rebound',1,'TeamB','TeamC');
insert into basketballrebounds(eventId,player) values ('f1108ad1-d582-4450-8f39-fc5ab6572444','Cody');
insert into basketballgameevents(id,gameId,playType,period,teamFor,teamAgainst) values ('29f7f47f-405c-432f-9e1d-0e2a772757f6','4ca83856-4fba-4227-ad26-1bc9f3496646','foul',1,'TeamB','TeamC');
insert into basketballfouls(eventId,player,reason) values ('29f7f47f-405c-432f-9e1d-0e2a772757f6','Caleb','Pushing');
insert into basketballgameevents(id,gameId,playType,period,teamFor,teamAgainst) values ('24bd70bf-c17c-43b0-b5dd-81b55c62ee59','4ca83856-4fba-4227-ad26-1bc9f3496646','foul',1,'TeamC','TeamB');
insert into basketballfouls(eventId,player,reason) values ('24bd70bf-c17c-43b0-b5dd-81b55c62ee59','Denver','Pushing');
insert into basketballgameevents(id,gameId,playType,period,teamFor,teamAgainst) values ('3413738c-1377-450c-8f8d-81fba45d5288','4ca83856-4fba-4227-ad26-1bc9f3496646','block',1,'TeamB','TeamC');
insert into basketballblocks(eventId,player) values ('3413738c-1377-450c-8f8d-81fba45d5288','Cody');
insert into basketballgameevents(id,gameId,playType,period,teamFor,teamAgainst) values ('e5868e92-ea0a-4c63-9b8f-773fe2103f42','4ca83856-4fba-4227-ad26-1bc9f3496646','turnover',1,'TeamB','TeamC');
insert into basketballturnovers(eventId,player) values ('e5868e92-ea0a-4c63-9b8f-773fe2103f42','Cauchy');
insert into basketballgameevents(id,gameId,playType,period,teamFor,teamAgainst) values ('87b7bb36-01a2-4c11-9ce5-2d319d78c903','4ca83856-4fba-4227-ad26-1bc9f3496646','turnover',1,'TeamB','TeamC');
insert into basketballturnovers(eventId,player) values ('87b7bb36-01a2-4c11-9ce5-2d319d78c903','Cody');
insert into basketballgameevents(id,gameId,playType,period,teamFor,teamAgainst) values ('87c8cfb8-e54d-4b94-b1f6-bd1049dc60af','4ca83856-4fba-4227-ad26-1bc9f3496646','foul',1,'TeamB','TeamC');
insert into basketballfouls(eventId,player,reason) values ('87c8cfb8-e54d-4b94-b1f6-bd1049dc60af','Caleb','Pushing');
insert into basketballgameevents(id,gameId,playType,period,teamFor,teamAgainst) values ('d705db0b-3a6f-4ac0-98f6-6f11a77fc8b8','4ca83856-4fba-4227-ad26-1bc9f3496646','rebound',1,'TeamB','TeamC');
insert into basketballrebounds(eventId,player) values ('d705db0b-3a6f-4ac0-98f6-6f11a77fc8b8','Cody');
insert into basketballgameevents(id,gameId,playType,period,teamFor,teamAgainst) values ('678a7b70-e76b-42d7-ab83-c9f9985b91ca','4ca83856-4fba-4227-ad26-1bc9f3496646','point',1,'TeamC','TeamB');
insert into basketballpoints(eventId,player,result,point) values ('678a7b70-e76b-42d7-ab83-c9f9985b91ca','Dickson','miss',3);
insert into basketballgameevents(id,gameId,playType,period,teamFor,teamAgainst) values ('6d25ebf9-92ef-441a-8612-c5be8d4d0b38','4ca83856-4fba-4227-ad26-1bc9f3496646','foul',1,'TeamC','TeamB');
insert into basketballfouls(eventId,player,reason) values ('6d25ebf9-92ef-441a-8612-c5be8d4d0b38','Denver','Pushing');
insert into basketballgameevents(id,gameId,playType,period,teamFor,teamAgainst) values ('57b5a52f-d2f0-4544-b07b-244bd1e0a00e','4ca83856-4fba-4227-ad26-1bc9f3496646','turnover',1,'TeamC','TeamB');
insert into basketballturnovers(eventId,player) values ('57b5a52f-d2f0-4544-b07b-244bd1e0a00e','Dapper');
insert into basketballgameevents(id,gameId,playType,period,teamFor,teamAgainst) values ('1526e8f5-cc93-4fe2-943f-4cebf8df9cc1','4ca83856-4fba-4227-ad26-1bc9f3496646','block',1,'TeamB','TeamC');
insert into basketballblocks(eventId,player) values ('1526e8f5-cc93-4fe2-943f-4cebf8df9cc1','Cody');
insert into basketballgameevents(id,gameId,playType,period,teamFor,teamAgainst) values ('da6f0eeb-6fcd-4dc7-af62-7fd0264a9a50','4ca83856-4fba-4227-ad26-1bc9f3496646','foul',1,'TeamC','TeamB');
insert into basketballfouls(eventId,player,reason) values ('da6f0eeb-6fcd-4dc7-af62-7fd0264a9a50','Dickson','Pushing');
insert into basketballgameevents(id,gameId,playType,period,teamFor,teamAgainst) values ('f5193735-13f7-4b5c-a367-f4030f423a10','4ca83856-4fba-4227-ad26-1bc9f3496646','block',1,'TeamB','TeamC');
insert into basketballblocks(eventId,player) values ('f5193735-13f7-4b5c-a367-f4030f423a10','Camel');
insert into basketballgameevents(id,gameId,playType,period,teamFor,teamAgainst) values ('82a4adb0-aa8e-42b8-858c-1fbcf50ba65b','4ca83856-4fba-4227-ad26-1bc9f3496646','steal',1,'TeamC','TeamB');
insert into basketballsteals(eventId,player) values ('82a4adb0-aa8e-42b8-858c-1fbcf50ba65b','Denver');
insert into basketballgameevents(id,gameId,playType,period,teamFor,teamAgainst) values ('0de29155-d9f1-4892-9154-40b67b4507f6','4ca83856-4fba-4227-ad26-1bc9f3496646','point',1,'TeamC','TeamB');
insert into basketballpoints(eventId,player,result,point) values ('0de29155-d9f1-4892-9154-40b67b4507f6','Doppler','miss',3);
insert into basketballgameevents(id,gameId,playType,period,teamFor,teamAgainst) values ('25c8432c-f066-4266-95ca-b969bc26e5c5','4ca83856-4fba-4227-ad26-1bc9f3496646','turnover',1,'TeamB','TeamC');
insert into basketballturnovers(eventId,player) values ('25c8432c-f066-4266-95ca-b969bc26e5c5','Camel');
insert into basketballgameevents(id,gameId,playType,period,teamFor,teamAgainst) values ('afabac0a-e3e8-461a-9df9-ef423894070c','4ca83856-4fba-4227-ad26-1bc9f3496646','steal',1,'TeamB','TeamC');
insert into basketballsteals(eventId,player) values ('afabac0a-e3e8-461a-9df9-ef423894070c','Cody');
insert into basketballgameevents(id,gameId,playType,period,teamFor,teamAgainst) values ('b5c9282f-8193-4aec-9376-d623d69af278','4ca83856-4fba-4227-ad26-1bc9f3496646','foul',1,'TeamB','TeamC');
insert into basketballfouls(eventId,player,reason) values ('b5c9282f-8193-4aec-9376-d623d69af278','Cauchy','Holding');
insert into basketballgameevents(id,gameId,playType,period,teamFor,teamAgainst) values ('06944156-08e4-46ec-8db1-52ea147764cd','4ca83856-4fba-4227-ad26-1bc9f3496646','steal',1,'TeamB','TeamC');
insert into basketballsteals(eventId,player) values ('06944156-08e4-46ec-8db1-52ea147764cd','Cauchy');
insert into basketballgameevents(id,gameId,playType,period,teamFor,teamAgainst) values ('8aaed14a-e057-4d39-b500-d857f17dc9ff','4ca83856-4fba-4227-ad26-1bc9f3496646','rebound',1,'TeamB','TeamC');
insert into basketballrebounds(eventId,player) values ('8aaed14a-e057-4d39-b500-d857f17dc9ff','Cody');
insert into basketballgameevents(id,gameId,playType,period,teamFor,teamAgainst) values ('a5de06aa-29fd-48e0-93cc-7f850da28020','4ca83856-4fba-4227-ad26-1bc9f3496646','turnover',1,'TeamC','TeamB');
insert into basketballturnovers(eventId,player) values ('a5de06aa-29fd-48e0-93cc-7f850da28020','Denver');
insert into basketballgameevents(id,gameId,playType,period,teamFor,teamAgainst) values ('7c58f2e1-bc55-44b9-9700-5f8736ac03ad','4ca83856-4fba-4227-ad26-1bc9f3496646','turnover',1,'TeamC','TeamB');
insert into basketballturnovers(eventId,player) values ('7c58f2e1-bc55-44b9-9700-5f8736ac03ad','Denver');
insert into basketballgameevents(id,gameId,playType,period,teamFor,teamAgainst) values ('f4df88dd-7dde-4816-90c6-b8c161dac036','4ca83856-4fba-4227-ad26-1bc9f3496646','block',1,'TeamC','TeamB');
insert into basketballblocks(eventId,player) values ('f4df88dd-7dde-4816-90c6-b8c161dac036','Denver');
insert into basketballgameevents(id,gameId,playType,period,teamFor,teamAgainst) values ('3daaa564-6d18-491f-823f-7a566a5ba28b','4ca83856-4fba-4227-ad26-1bc9f3496646','turnover',1,'TeamC','TeamB');
insert into basketballturnovers(eventId,player) values ('3daaa564-6d18-491f-823f-7a566a5ba28b','Dapper');
insert into basketballgameevents(id,gameId,playType,period,teamFor,teamAgainst) values ('65f10694-e464-47a2-9281-7b7a26fa7530','4ca83856-4fba-4227-ad26-1bc9f3496646','turnover',1,'TeamC','TeamB');
insert into basketballturnovers(eventId,player) values ('65f10694-e464-47a2-9281-7b7a26fa7530','Denver');
insert into basketballgameevents(id,gameId,playType,period,teamFor,teamAgainst) values ('e9502b81-1ff8-4905-ae2e-0e37f828ab8a','4ca83856-4fba-4227-ad26-1bc9f3496646','turnover',1,'TeamC','TeamB');
insert into basketballturnovers(eventId,player) values ('e9502b81-1ff8-4905-ae2e-0e37f828ab8a','Dickson');
insert into basketballgameevents(id,gameId,playType,period,teamFor,teamAgainst) values ('bbf61de9-acf8-46a0-94a9-0bdedb692935','4ca83856-4fba-4227-ad26-1bc9f3496646','block',1,'TeamB','TeamC');
insert into basketballblocks(eventId,player) values ('bbf61de9-acf8-46a0-94a9-0bdedb692935','Cody');
insert into basketballgameevents(id,gameId,playType,period,teamFor,teamAgainst) values ('f75402ee-904c-431d-98c8-dca09e157f93','4ca83856-4fba-4227-ad26-1bc9f3496646','foul',1,'TeamC','TeamB');
insert into basketballfouls(eventId,player,reason) values ('f75402ee-904c-431d-98c8-dca09e157f93','Dickson','Holding');
insert into basketballgameevents(id,gameId,playType,period,teamFor,teamAgainst) values ('fe6d748c-44a7-4897-add9-6b4b6b3657c4','4ca83856-4fba-4227-ad26-1bc9f3496646','turnover',1,'TeamC','TeamB');
insert into basketballturnovers(eventId,player) values ('fe6d748c-44a7-4897-add9-6b4b6b3657c4','Dapper');
insert into basketballgameevents(id,gameId,playType,period,teamFor,teamAgainst) values ('b36a67ae-d052-4334-ae56-e5e7a30c765a','4ca83856-4fba-4227-ad26-1bc9f3496646','foul',1,'TeamB','TeamC');
insert into basketballfouls(eventId,player,reason) values ('b36a67ae-d052-4334-ae56-e5e7a30c765a','Cauchy','Holding');
insert into basketballgameevents(id,gameId,playType,period,teamFor,teamAgainst) values ('74f01f92-3596-40a2-86fa-15cb0c44cbf1','4ca83856-4fba-4227-ad26-1bc9f3496646','steal',1,'TeamC','TeamB');
insert into basketballsteals(eventId,player) values ('74f01f92-3596-40a2-86fa-15cb0c44cbf1','Denver');
insert into basketballgameevents(id,gameId,playType,period,teamFor,teamAgainst) values ('efb254aa-644c-4ccc-932a-497ec8a8532b','4ca83856-4fba-4227-ad26-1bc9f3496646','block',1,'TeamB','TeamC');
insert into basketballblocks(eventId,player) values ('efb254aa-644c-4ccc-932a-497ec8a8532b','Cauchy');
insert into basketballgameevents(id,gameId,playType,period,teamFor,teamAgainst) values ('78d5d833-73a7-4b1c-8bef-20ca4261cf97','4ca83856-4fba-4227-ad26-1bc9f3496646','block',1,'TeamB','TeamC');
insert into basketballblocks(eventId,player) values ('78d5d833-73a7-4b1c-8bef-20ca4261cf97','Cody');
insert into basketballgameevents(id,gameId,playType,period,teamFor,teamAgainst) values ('8f704d60-b749-4f28-976e-f285cb2665aa','4ca83856-4fba-4227-ad26-1bc9f3496646','point',1,'TeamC','TeamB');
insert into basketballpoints(eventId,player,assist,result,point) values ('8f704d60-b749-4f28-976e-f285cb2665aa', 'Dickson', 'Denver', 'made', 2);
insert into basketballgameevents(id,gameId,playType,period,teamFor,teamAgainst) values ('3fd747c8-eef1-4d9d-bb35-114636a2c5d4','4ca83856-4fba-4227-ad26-1bc9f3496646','foul',1,'TeamC','TeamB');
insert into basketballfouls(eventId,player,reason) values ('3fd747c8-eef1-4d9d-bb35-114636a2c5d4','Dapper','Pushing');
insert into basketballgameevents(id,gameId,playType,period,teamFor,teamAgainst) values ('682cb8b1-470a-4907-8bf9-f0e438507164','4ca83856-4fba-4227-ad26-1bc9f3496646','turnover',1,'TeamC','TeamB');
insert into basketballturnovers(eventId,player) values ('682cb8b1-470a-4907-8bf9-f0e438507164','Daniel');
insert into basketballgameevents(id,gameId,playType,period,teamFor,teamAgainst) values ('e79cd781-f65f-419f-8166-3ab6d14cdc5e','4ca83856-4fba-4227-ad26-1bc9f3496646','block',1,'TeamB','TeamC');
insert into basketballblocks(eventId,player) values ('e79cd781-f65f-419f-8166-3ab6d14cdc5e','Caleb');
insert into basketballgameevents(id,gameId,playType,period,teamFor,teamAgainst) values ('8af50c33-b25b-4fce-88fe-ad4a4537fded','4ca83856-4fba-4227-ad26-1bc9f3496646','turnover',1,'TeamB','TeamC');
insert into basketballturnovers(eventId,player) values ('8af50c33-b25b-4fce-88fe-ad4a4537fded','Camel');
insert into basketballgameevents(id,gameId,playType,period,teamFor,teamAgainst) values ('2f639e82-1dae-4dd5-a9a8-18b16f4d3eab','4ca83856-4fba-4227-ad26-1bc9f3496646','rebound',1,'TeamC','TeamB');
insert into basketballrebounds(eventId,player) values ('2f639e82-1dae-4dd5-a9a8-18b16f4d3eab','Doppler');
insert into basketballgameevents(id,gameId,playType,period,teamFor,teamAgainst) values ('1434a4c9-6110-410d-a3df-1a68886d16f4','4ca83856-4fba-4227-ad26-1bc9f3496646','rebound',1,'TeamC','TeamB');
insert into basketballrebounds(eventId,player) values ('1434a4c9-6110-410d-a3df-1a68886d16f4','Dapper');
insert into basketballgameevents(id,gameId,playType,period,teamFor,teamAgainst) values ('91365560-a2db-4ec4-88bf-2aedb489563f','4ca83856-4fba-4227-ad26-1bc9f3496646','steal',1,'TeamB','TeamC');
insert into basketballsteals(eventId,player) values ('91365560-a2db-4ec4-88bf-2aedb489563f','Cody');
insert into basketballgameevents(id,gameId,playType,period,teamFor,teamAgainst) values ('28833a27-aae3-44a3-b822-574259aba66f','4ca83856-4fba-4227-ad26-1bc9f3496646','turnover',1,'TeamB','TeamC');
insert into basketballturnovers(eventId,player) values ('28833a27-aae3-44a3-b822-574259aba66f','Cody');
insert into basketballgameevents(id,gameId,playType,period,teamFor,teamAgainst) values ('9096d18e-7481-41c8-9fee-abe90e6d922c','4ca83856-4fba-4227-ad26-1bc9f3496646','rebound',1,'TeamC','TeamB');
insert into basketballrebounds(eventId,player) values ('9096d18e-7481-41c8-9fee-abe90e6d922c','Dapper');
insert into basketballgameevents(id,gameId,playType,period,teamFor,teamAgainst) values ('99c616df-e975-4e13-8ef7-052bbbe0661b','4ca83856-4fba-4227-ad26-1bc9f3496646','point',1,'TeamB','TeamC');
insert into basketballpoints(eventId,player,result,point) values ('99c616df-e975-4e13-8ef7-052bbbe0661b','Cameron','miss',2);
insert into basketballgameevents(id,gameId,playType,period,teamFor,teamAgainst) values ('7cffa803-bafb-4490-9cde-bbc2d8eb32e3','4ca83856-4fba-4227-ad26-1bc9f3496646','point',1,'TeamC','TeamB');
insert into basketballpoints(eventId,player,result,point) values ('7cffa803-bafb-4490-9cde-bbc2d8eb32e3','Doppler','miss',3);
insert into basketballgameevents(id,gameId,playType,period,teamFor,teamAgainst) values ('a30786d1-3a8c-40cb-8af5-e3e5d09e860f','4ca83856-4fba-4227-ad26-1bc9f3496646','foul',1,'TeamC','TeamB');
insert into basketballfouls(eventId,player,reason) values ('a30786d1-3a8c-40cb-8af5-e3e5d09e860f','Dickson','Pushing');
insert into basketballgameevents(id,gameId,playType,period,teamFor,teamAgainst) values ('201019f1-fdd8-4022-8e56-f18bc9970ecb','4ca83856-4fba-4227-ad26-1bc9f3496646','block',1,'TeamC','TeamB');
insert into basketballblocks(eventId,player) values ('201019f1-fdd8-4022-8e56-f18bc9970ecb','Denver');
insert into basketballgameevents(id,gameId,playType,period,teamFor,teamAgainst) values ('5f22bbe2-d29d-42e7-adc4-0772f4aff0c3','4ca83856-4fba-4227-ad26-1bc9f3496646','steal',1,'TeamB','TeamC');
insert into basketballsteals(eventId,player) values ('5f22bbe2-d29d-42e7-adc4-0772f4aff0c3','Cody');
insert into basketballgameevents(id,gameId,playType,period,teamFor,teamAgainst) values ('ff19da4b-2df6-4626-9d9e-4381766d7366','4ca83856-4fba-4227-ad26-1bc9f3496646','turnover',1,'TeamC','TeamB');
insert into basketballturnovers(eventId,player) values ('ff19da4b-2df6-4626-9d9e-4381766d7366','Dapper');
insert into basketballgameevents(id,gameId,playType,period,teamFor,teamAgainst) values ('f3e52e9c-340e-4677-a143-21e2a06b112b','4ca83856-4fba-4227-ad26-1bc9f3496646','turnover',1,'TeamB','TeamC');
insert into basketballturnovers(eventId,player) values ('f3e52e9c-340e-4677-a143-21e2a06b112b','Caleb');
insert into basketballgameevents(id,gameId,playType,period,teamFor,teamAgainst) values ('5086c62c-9070-4406-b0ac-9e5c038371dc','4ca83856-4fba-4227-ad26-1bc9f3496646','foul',1,'TeamC','TeamB');
insert into basketballfouls(eventId,player,reason) values ('5086c62c-9070-4406-b0ac-9e5c038371dc','Daniel','Holding');
insert into basketballgameevents(id,gameId,playType,period,teamFor,teamAgainst) values ('f6e71aa5-127b-46a6-b63b-93b5d0bef6c8','4ca83856-4fba-4227-ad26-1bc9f3496646','foul',1,'TeamC','TeamB');
insert into basketballfouls(eventId,player,reason) values ('f6e71aa5-127b-46a6-b63b-93b5d0bef6c8','Denver','Pushing');
insert into basketballgameevents(id,gameId,playType,period,teamFor,teamAgainst) values ('14fb3cb1-69cb-48ea-966c-587a8f951894','4ca83856-4fba-4227-ad26-1bc9f3496646','point',1,'TeamC','TeamB');
insert into basketballpoints(eventId,player,result,point) values ('14fb3cb1-69cb-48ea-966c-587a8f951894','Doppler','miss',2);
insert into basketballgameevents(id,gameId,playType,period,teamFor,teamAgainst) values ('ac04158f-48c7-4bdd-8ca5-3c764ae0aac6','4ca83856-4fba-4227-ad26-1bc9f3496646','foul',1,'TeamB','TeamC');
insert into basketballfouls(eventId,player,reason) values ('ac04158f-48c7-4bdd-8ca5-3c764ae0aac6','Caleb','Pushing');
insert into basketballgameevents(id,gameId,playType,period,teamFor,teamAgainst) values ('49abd819-62a4-4dda-b1c6-4bde8aeed344','4ca83856-4fba-4227-ad26-1bc9f3496646','block',1,'TeamC','TeamB');
insert into basketballblocks(eventId,player) values ('49abd819-62a4-4dda-b1c6-4bde8aeed344','Daniel');
insert into basketballgameevents(id,gameId,playType,period,teamFor,teamAgainst) values ('8c23683f-889d-4524-b018-6af2edf24185','4ca83856-4fba-4227-ad26-1bc9f3496646','foul',1,'TeamB','TeamC');
insert into basketballfouls(eventId,player,reason) values ('8c23683f-889d-4524-b018-6af2edf24185','Cauchy','Pushing');
insert into basketballgameevents(id,gameId,playType,period,teamFor,teamAgainst) values ('c8921152-6bdc-409b-962c-c18d973781d8','4ca83856-4fba-4227-ad26-1bc9f3496646','turnover',1,'TeamC','TeamB');
insert into basketballturnovers(eventId,player) values ('c8921152-6bdc-409b-962c-c18d973781d8','Denver');
insert into basketballgameevents(id,gameId,playType,period,teamFor,teamAgainst) values ('375ff2fd-7523-4b03-913e-c2061a4fb909','4ca83856-4fba-4227-ad26-1bc9f3496646','turnover',1,'TeamC','TeamB');
insert into basketballturnovers(eventId,player) values ('375ff2fd-7523-4b03-913e-c2061a4fb909','Doppler');
insert into basketballgameevents(id,gameId,playType,period,teamFor,teamAgainst) values ('741d53de-31b0-4b5f-9cd9-a804f42ce7bc','4ca83856-4fba-4227-ad26-1bc9f3496646','turnover',2,'TeamB','TeamC');
insert into basketballturnovers(eventId,player) values ('741d53de-31b0-4b5f-9cd9-a804f42ce7bc','Cauchy');
insert into basketballgameevents(id,gameId,playType,period,teamFor,teamAgainst) values ('6dd3d5f5-5921-48c6-93c7-747c78730415','4ca83856-4fba-4227-ad26-1bc9f3496646','rebound',2,'TeamC','TeamB');
insert into basketballrebounds(eventId,player) values ('6dd3d5f5-5921-48c6-93c7-747c78730415','Denver');
insert into basketballgameevents(id,gameId,playType,period,teamFor,teamAgainst) values ('c39d46ed-38b6-4846-a11b-07b7f1a9a40c','4ca83856-4fba-4227-ad26-1bc9f3496646','block',2,'TeamC','TeamB');
insert into basketballblocks(eventId,player) values ('c39d46ed-38b6-4846-a11b-07b7f1a9a40c','Doppler');
insert into basketballgameevents(id,gameId,playType,period,teamFor,teamAgainst) values ('d3511d2f-6127-4492-aa8d-9fdab83208df','4ca83856-4fba-4227-ad26-1bc9f3496646','foul',2,'TeamB','TeamC');
insert into basketballfouls(eventId,player,reason) values ('d3511d2f-6127-4492-aa8d-9fdab83208df','Cameron','Holding');
insert into basketballgameevents(id,gameId,playType,period,teamFor,teamAgainst) values ('5e47219a-9b09-42ac-b77f-7716cb801253','4ca83856-4fba-4227-ad26-1bc9f3496646','foul',2,'TeamB','TeamC');
insert into basketballfouls(eventId,player,reason) values ('5e47219a-9b09-42ac-b77f-7716cb801253','Cody','Holding');
insert into basketballgameevents(id,gameId,playType,period,teamFor,teamAgainst) values ('b819958a-5f93-4470-8340-36fb359aeca3','4ca83856-4fba-4227-ad26-1bc9f3496646','block',2,'TeamB','TeamC');
insert into basketballblocks(eventId,player) values ('b819958a-5f93-4470-8340-36fb359aeca3','Cauchy');
insert into basketballgameevents(id,gameId,playType,period,teamFor,teamAgainst) values ('d54f80ed-4b62-45e1-9a33-6d351d28531d','4ca83856-4fba-4227-ad26-1bc9f3496646','block',2,'TeamB','TeamC');
insert into basketballblocks(eventId,player) values ('d54f80ed-4b62-45e1-9a33-6d351d28531d','Cody');
insert into basketballgameevents(id,gameId,playType,period,teamFor,teamAgainst) values ('da1a4272-db02-4f97-b8df-3d0ba49eb87a','4ca83856-4fba-4227-ad26-1bc9f3496646','point',2,'TeamB','TeamC');
insert into basketballpoints(eventId,player,result,point) values ('da1a4272-db02-4f97-b8df-3d0ba49eb87a','Cody','made',1);
insert into basketballgameevents(id,gameId,playType,period,teamFor,teamAgainst) values ('28c9dcef-fccd-4fed-becc-401807ea5238','4ca83856-4fba-4227-ad26-1bc9f3496646','turnover',2,'TeamC','TeamB');
insert into basketballturnovers(eventId,player) values ('28c9dcef-fccd-4fed-becc-401807ea5238','Doppler');
insert into basketballgameevents(id,gameId,playType,period,teamFor,teamAgainst) values ('642ff05a-846b-4ce2-b397-09b958869d56','4ca83856-4fba-4227-ad26-1bc9f3496646','point',2,'TeamC','TeamB');
insert into basketballpoints(eventId,player,result,point) values ('642ff05a-846b-4ce2-b397-09b958869d56','Dapper','made',3);
insert into basketballgameevents(id,gameId,playType,period,teamFor,teamAgainst) values ('5bceb9d0-f393-4d1f-ab41-723c6849c4d3','4ca83856-4fba-4227-ad26-1bc9f3496646','foul',2,'TeamB','TeamC');
insert into basketballfouls(eventId,player,reason) values ('5bceb9d0-f393-4d1f-ab41-723c6849c4d3','Caleb','Pushing');
insert into basketballgameevents(id,gameId,playType,period,teamFor,teamAgainst) values ('bae63086-c02e-4751-aa21-cb84ea6b5281','4ca83856-4fba-4227-ad26-1bc9f3496646','turnover',2,'TeamB','TeamC');
insert into basketballturnovers(eventId,player) values ('bae63086-c02e-4751-aa21-cb84ea6b5281','Cameron');
insert into basketballgameevents(id,gameId,playType,period,teamFor,teamAgainst) values ('242f44d4-665c-4d49-b40b-e58ce683ba43','4ca83856-4fba-4227-ad26-1bc9f3496646','steal',2,'TeamC','TeamB');
insert into basketballsteals(eventId,player) values ('242f44d4-665c-4d49-b40b-e58ce683ba43','Daniel');
insert into basketballgameevents(id,gameId,playType,period,teamFor,teamAgainst) values ('0cfbb45e-e0c7-4543-aaa5-1ad168160ad3','4ca83856-4fba-4227-ad26-1bc9f3496646','block',2,'TeamB','TeamC');
insert into basketballblocks(eventId,player) values ('0cfbb45e-e0c7-4543-aaa5-1ad168160ad3','Camel');
insert into basketballgameevents(id,gameId,playType,period,teamFor,teamAgainst) values ('9822a34f-fd75-49e6-ae38-b829b251907b','4ca83856-4fba-4227-ad26-1bc9f3496646','point',2,'TeamC','TeamB');
insert into basketballpoints(eventId,player,assist,result,point) values ('9822a34f-fd75-49e6-ae38-b829b251907b', 'Dickson', 'Denver', 'made', 2);
insert into basketballgameevents(id,gameId,playType,period,teamFor,teamAgainst) values ('69285a2f-99e8-4599-a537-24a57c405a91','4ca83856-4fba-4227-ad26-1bc9f3496646','turnover',2,'TeamB','TeamC');
insert into basketballturnovers(eventId,player) values ('69285a2f-99e8-4599-a537-24a57c405a91','Cameron');
insert into basketballgameevents(id,gameId,playType,period,teamFor,teamAgainst) values ('283ee6a9-7e94-45ed-94cd-bf4790d1b646','4ca83856-4fba-4227-ad26-1bc9f3496646','foul',2,'TeamC','TeamB');
insert into basketballfouls(eventId,player,reason) values ('283ee6a9-7e94-45ed-94cd-bf4790d1b646','Daniel','Holding');
insert into basketballgameevents(id,gameId,playType,period,teamFor,teamAgainst) values ('15f363e4-7744-46d3-b372-e8bf2452a132','4ca83856-4fba-4227-ad26-1bc9f3496646','foul',2,'TeamC','TeamB');
insert into basketballfouls(eventId,player,reason) values ('15f363e4-7744-46d3-b372-e8bf2452a132','Doppler','Pushing');
insert into basketballgameevents(id,gameId,playType,period,teamFor,teamAgainst) values ('5e924a6a-cbbd-4dc9-97ac-185df4385830','4ca83856-4fba-4227-ad26-1bc9f3496646','steal',2,'TeamB','TeamC');
insert into basketballsteals(eventId,player) values ('5e924a6a-cbbd-4dc9-97ac-185df4385830','Cauchy');
insert into basketballgameevents(id,gameId,playType,period,teamFor,teamAgainst) values ('93dd1551-0203-4c3d-a9fa-5278f0d64891','4ca83856-4fba-4227-ad26-1bc9f3496646','point',2,'TeamC','TeamB');
insert into basketballpoints(eventId,player,result,point) values ('93dd1551-0203-4c3d-a9fa-5278f0d64891','Dickson','miss',3);
insert into basketballgameevents(id,gameId,playType,period,teamFor,teamAgainst) values ('2bc7b52d-e6d9-4c7d-a7a8-bff2059092ac','4ca83856-4fba-4227-ad26-1bc9f3496646','turnover',2,'TeamB','TeamC');
insert into basketballturnovers(eventId,player) values ('2bc7b52d-e6d9-4c7d-a7a8-bff2059092ac','Cody');
insert into basketballgameevents(id,gameId,playType,period,teamFor,teamAgainst) values ('b71a6020-e5c0-4b75-a8ad-abc8d8fffc49','4ca83856-4fba-4227-ad26-1bc9f3496646','turnover',2,'TeamB','TeamC');
insert into basketballturnovers(eventId,player) values ('b71a6020-e5c0-4b75-a8ad-abc8d8fffc49','Cauchy');
insert into basketballgameevents(id,gameId,playType,period,teamFor,teamAgainst) values ('bd52450f-b03d-42be-a999-fb33aaff6722','4ca83856-4fba-4227-ad26-1bc9f3496646','steal',2,'TeamB','TeamC');
insert into basketballsteals(eventId,player) values ('bd52450f-b03d-42be-a999-fb33aaff6722','Caleb');
insert into basketballgameevents(id,gameId,playType,period,teamFor,teamAgainst) values ('525df9ab-a08b-4656-8cc5-6cdfc0ae2ee8','4ca83856-4fba-4227-ad26-1bc9f3496646','rebound',2,'TeamB','TeamC');
insert into basketballrebounds(eventId,player) values ('525df9ab-a08b-4656-8cc5-6cdfc0ae2ee8','Camel');
insert into basketballgameevents(id,gameId,playType,period,teamFor,teamAgainst) values ('432f045b-83d1-43dd-930c-70fc15082f2a','4ca83856-4fba-4227-ad26-1bc9f3496646','turnover',2,'TeamC','TeamB');
insert into basketballturnovers(eventId,player) values ('432f045b-83d1-43dd-930c-70fc15082f2a','Doppler');
insert into basketballgameevents(id,gameId,playType,period,teamFor,teamAgainst) values ('ef9d35d0-f357-425d-b824-6afab052d3e6','4ca83856-4fba-4227-ad26-1bc9f3496646','turnover',2,'TeamC','TeamB');
insert into basketballturnovers(eventId,player) values ('ef9d35d0-f357-425d-b824-6afab052d3e6','Doppler');
insert into basketballgameevents(id,gameId,playType,period,teamFor,teamAgainst) values ('e5cd054f-ed74-41ca-944d-580df2ef71bd','4ca83856-4fba-4227-ad26-1bc9f3496646','rebound',2,'TeamB','TeamC');
insert into basketballrebounds(eventId,player) values ('e5cd054f-ed74-41ca-944d-580df2ef71bd','Cameron');
insert into basketballgameevents(id,gameId,playType,period,teamFor,teamAgainst) values ('fc0ef60b-238e-4e41-ad0a-69ba9001cc6d','4ca83856-4fba-4227-ad26-1bc9f3496646','steal',2,'TeamB','TeamC');
insert into basketballsteals(eventId,player) values ('fc0ef60b-238e-4e41-ad0a-69ba9001cc6d','Camel');
insert into basketballgameevents(id,gameId,playType,period,teamFor,teamAgainst) values ('58f697a7-db05-49a8-88b1-0c0dc483534d','4ca83856-4fba-4227-ad26-1bc9f3496646','steal',2,'TeamB','TeamC');
insert into basketballsteals(eventId,player) values ('58f697a7-db05-49a8-88b1-0c0dc483534d','Camel');
insert into basketballgameevents(id,gameId,playType,period,teamFor,teamAgainst) values ('d785cffe-3ef6-43cc-8eba-938d8c681693','4ca83856-4fba-4227-ad26-1bc9f3496646','point',2,'TeamC','TeamB');
insert into basketballpoints(eventId,player,result,point) values ('d785cffe-3ef6-43cc-8eba-938d8c681693','Denver','made',2);
insert into basketballgameevents(id,gameId,playType,period,teamFor,teamAgainst) values ('59a34920-9d21-4959-9fee-29c748713888','4ca83856-4fba-4227-ad26-1bc9f3496646','foul',2,'TeamC','TeamB');
insert into basketballfouls(eventId,player,reason) values ('59a34920-9d21-4959-9fee-29c748713888','Denver','Pushing');
insert into basketballgameevents(id,gameId,playType,period,teamFor,teamAgainst) values ('4652e180-9fe9-43df-aab0-774c3f5e0aa9','4ca83856-4fba-4227-ad26-1bc9f3496646','rebound',2,'TeamC','TeamB');
insert into basketballrebounds(eventId,player) values ('4652e180-9fe9-43df-aab0-774c3f5e0aa9','Dapper');
insert into basketballgameevents(id,gameId,playType,period,teamFor,teamAgainst) values ('c4c78967-def3-471b-8310-8e4abbbf35f6','4ca83856-4fba-4227-ad26-1bc9f3496646','turnover',2,'TeamC','TeamB');
insert into basketballturnovers(eventId,player) values ('c4c78967-def3-471b-8310-8e4abbbf35f6','Doppler');
insert into basketballgameevents(id,gameId,playType,period,teamFor,teamAgainst) values ('71b30f8e-3571-4bfd-ad08-eec6ce06a1cd','4ca83856-4fba-4227-ad26-1bc9f3496646','foul',2,'TeamB','TeamC');
insert into basketballfouls(eventId,player,reason) values ('71b30f8e-3571-4bfd-ad08-eec6ce06a1cd','Cody','Pushing');
insert into basketballgameevents(id,gameId,playType,period,teamFor,teamAgainst) values ('e2db4d05-5211-4e05-9cf9-a849cb3a582a','4ca83856-4fba-4227-ad26-1bc9f3496646','rebound',2,'TeamC','TeamB');
insert into basketballrebounds(eventId,player) values ('e2db4d05-5211-4e05-9cf9-a849cb3a582a','Denver');
insert into basketballgameevents(id,gameId,playType,period,teamFor,teamAgainst) values ('084ccaff-afcb-406a-b1a3-5d1c23156885','4ca83856-4fba-4227-ad26-1bc9f3496646','turnover',2,'TeamC','TeamB');
insert into basketballturnovers(eventId,player) values ('084ccaff-afcb-406a-b1a3-5d1c23156885','Daniel');
insert into basketballgameevents(id,gameId,playType,period,teamFor,teamAgainst) values ('2c8e8d45-c894-4b34-b12f-fb2c1b23f8a0','4ca83856-4fba-4227-ad26-1bc9f3496646','point',2,'TeamB','TeamC');
insert into basketballpoints(eventId,player,assist,result,point) values ('2c8e8d45-c894-4b34-b12f-fb2c1b23f8a0', 'Camel', 'Cameron', 'made', 1);
insert into basketballgameevents(id,gameId,playType,period,teamFor,teamAgainst) values ('28b243fb-b638-43e5-97db-0c9bc348c58d','4ca83856-4fba-4227-ad26-1bc9f3496646','rebound',2,'TeamC','TeamB');
insert into basketballrebounds(eventId,player) values ('28b243fb-b638-43e5-97db-0c9bc348c58d','Dapper');
insert into basketballgameevents(id,gameId,playType,period,teamFor,teamAgainst) values ('b21dce4a-c777-4123-8a5e-fc32287c83b9','4ca83856-4fba-4227-ad26-1bc9f3496646','steal',2,'TeamB','TeamC');
insert into basketballsteals(eventId,player) values ('b21dce4a-c777-4123-8a5e-fc32287c83b9','Cameron');
insert into basketballgameevents(id,gameId,playType,period,teamFor,teamAgainst) values ('fd2b8172-3614-4d37-91ff-195d3c05baac','4ca83856-4fba-4227-ad26-1bc9f3496646','block',2,'TeamC','TeamB');
insert into basketballblocks(eventId,player) values ('fd2b8172-3614-4d37-91ff-195d3c05baac','Doppler');
insert into basketballgameevents(id,gameId,playType,period,teamFor,teamAgainst) values ('85353135-37d0-47b4-b1dd-36f128f68996','4ca83856-4fba-4227-ad26-1bc9f3496646','point',2,'TeamC','TeamB');
insert into basketballpoints(eventId,player,result,point) values ('85353135-37d0-47b4-b1dd-36f128f68996','Daniel','miss',1);
insert into basketballgameevents(id,gameId,playType,period,teamFor,teamAgainst) values ('7f93c698-cc9e-4b14-8ec3-3b7e18860ee2','4ca83856-4fba-4227-ad26-1bc9f3496646','rebound',2,'TeamB','TeamC');
insert into basketballrebounds(eventId,player) values ('7f93c698-cc9e-4b14-8ec3-3b7e18860ee2','Cauchy');
insert into basketballgameevents(id,gameId,playType,period,teamFor,teamAgainst) values ('bf134e51-547f-4c29-a89c-bcee777cb78d','4ca83856-4fba-4227-ad26-1bc9f3496646','point',2,'TeamC','TeamB');
insert into basketballpoints(eventId,player,result,point) values ('bf134e51-547f-4c29-a89c-bcee777cb78d','Denver','miss',3);
insert into basketballgameevents(id,gameId,playType,period,teamFor,teamAgainst) values ('14b56ba2-09b3-49ef-a486-cae1d85396f4','4ca83856-4fba-4227-ad26-1bc9f3496646','block',2,'TeamB','TeamC');
insert into basketballblocks(eventId,player) values ('14b56ba2-09b3-49ef-a486-cae1d85396f4','Cauchy');
insert into basketballgameevents(id,gameId,playType,period,teamFor,teamAgainst) values ('c19b540f-538f-4858-875a-8215d515918d','4ca83856-4fba-4227-ad26-1bc9f3496646','foul',2,'TeamC','TeamB');
insert into basketballfouls(eventId,player,reason) values ('c19b540f-538f-4858-875a-8215d515918d','Dapper','Pushing');
insert into basketballgameevents(id,gameId,playType,period,teamFor,teamAgainst) values ('c5afe5ce-b498-471d-bc5d-0ad1cdef932f','4ca83856-4fba-4227-ad26-1bc9f3496646','steal',2,'TeamB','TeamC');
insert into basketballsteals(eventId,player) values ('c5afe5ce-b498-471d-bc5d-0ad1cdef932f','Caleb');
insert into basketballgameevents(id,gameId,playType,period,teamFor,teamAgainst) values ('ff0d3eb8-2efa-4293-ad95-f8b31aff2d6b','4ca83856-4fba-4227-ad26-1bc9f3496646','steal',2,'TeamB','TeamC');
insert into basketballsteals(eventId,player) values ('ff0d3eb8-2efa-4293-ad95-f8b31aff2d6b','Cauchy');
insert into basketballgameevents(id,gameId,playType,period,teamFor,teamAgainst) values ('6d3fdd55-46ef-4c3f-a39d-84c13334109f','4ca83856-4fba-4227-ad26-1bc9f3496646','turnover',2,'TeamB','TeamC');
insert into basketballturnovers(eventId,player) values ('6d3fdd55-46ef-4c3f-a39d-84c13334109f','Cameron');
insert into basketballgameevents(id,gameId,playType,period,teamFor,teamAgainst) values ('bf2747c7-3c70-4f15-a589-0bec036310ac','4ca83856-4fba-4227-ad26-1bc9f3496646','point',2,'TeamB','TeamC');
insert into basketballpoints(eventId,player,result,point) values ('bf2747c7-3c70-4f15-a589-0bec036310ac','Cody','miss',1);
insert into basketballgameevents(id,gameId,playType,period,teamFor,teamAgainst) values ('887e64ff-f183-40f8-99e4-c80edc2272cb','4ca83856-4fba-4227-ad26-1bc9f3496646','steal',2,'TeamB','TeamC');
insert into basketballsteals(eventId,player) values ('887e64ff-f183-40f8-99e4-c80edc2272cb','Camel');
insert into basketballgameevents(id,gameId,playType,period,teamFor,teamAgainst) values ('6e71fb1b-3bfa-4601-8450-fa35cf5d799f','4ca83856-4fba-4227-ad26-1bc9f3496646','turnover',2,'TeamB','TeamC');
insert into basketballturnovers(eventId,player) values ('6e71fb1b-3bfa-4601-8450-fa35cf5d799f','Cameron');
insert into basketballgameevents(id,gameId,playType,period,teamFor,teamAgainst) values ('6978f0b4-beee-46c4-8537-5e6a6ede8937','4ca83856-4fba-4227-ad26-1bc9f3496646','foul',2,'TeamB','TeamC');
insert into basketballfouls(eventId,player,reason) values ('6978f0b4-beee-46c4-8537-5e6a6ede8937','Caleb','Holding');
insert into basketballgameevents(id,gameId,playType,period,teamFor,teamAgainst) values ('7a7e6c72-0fdf-4986-ad31-d6c960d47896','4ca83856-4fba-4227-ad26-1bc9f3496646','turnover',2,'TeamB','TeamC');
insert into basketballturnovers(eventId,player) values ('7a7e6c72-0fdf-4986-ad31-d6c960d47896','Cameron');
insert into basketballgameevents(id,gameId,playType,period,teamFor,teamAgainst) values ('c899b2e4-7794-4cfe-9305-8b4e5b79f030','4ca83856-4fba-4227-ad26-1bc9f3496646','rebound',2,'TeamB','TeamC');
insert into basketballrebounds(eventId,player) values ('c899b2e4-7794-4cfe-9305-8b4e5b79f030','Cameron');
insert into basketballgameevents(id,gameId,playType,period,teamFor,teamAgainst) values ('aa306700-cf1c-4c4a-82ef-5cf72c5b5232','4ca83856-4fba-4227-ad26-1bc9f3496646','block',2,'TeamB','TeamC');
insert into basketballblocks(eventId,player) values ('aa306700-cf1c-4c4a-82ef-5cf72c5b5232','Caleb');
insert into basketballgameevents(id,gameId,playType,period,teamFor,teamAgainst) values ('f0c1df3b-2316-46d3-8f11-d66d4da7bfb7','4ca83856-4fba-4227-ad26-1bc9f3496646','foul',2,'TeamB','TeamC');
insert into basketballfouls(eventId,player,reason) values ('f0c1df3b-2316-46d3-8f11-d66d4da7bfb7','Cauchy','Holding');
insert into basketballgameevents(id,gameId,playType,period,teamFor,teamAgainst) values ('e4a55561-f984-4cbd-bfb5-1d23132231b7','4ca83856-4fba-4227-ad26-1bc9f3496646','turnover',2,'TeamB','TeamC');
insert into basketballturnovers(eventId,player) values ('e4a55561-f984-4cbd-bfb5-1d23132231b7','Cody');
insert into basketballgameevents(id,gameId,playType,period,teamFor,teamAgainst) values ('d43fdaf5-61f3-4fba-be23-59370aa23359','4ca83856-4fba-4227-ad26-1bc9f3496646','point',2,'TeamC','TeamB');
insert into basketballpoints(eventId,player,assist,result,point) values ('d43fdaf5-61f3-4fba-be23-59370aa23359', 'Doppler', 'Daniel', 'made', 3);
insert into basketballgameevents(id,gameId,playType,period,teamFor,teamAgainst) values ('bbcff665-d1a3-45ec-aeba-a303c781e23f','4ca83856-4fba-4227-ad26-1bc9f3496646','steal',2,'TeamC','TeamB');
insert into basketballsteals(eventId,player) values ('bbcff665-d1a3-45ec-aeba-a303c781e23f','Daniel');
insert into basketballgameevents(id,gameId,playType,period,teamFor,teamAgainst) values ('14103b47-c51e-4f9a-b983-9d6c45579b9a','4ca83856-4fba-4227-ad26-1bc9f3496646','foul',2,'TeamB','TeamC');
insert into basketballfouls(eventId,player,reason) values ('14103b47-c51e-4f9a-b983-9d6c45579b9a','Caleb','Holding');
insert into basketballgameevents(id,gameId,playType,period,teamFor,teamAgainst) values ('2fbe60e3-4e73-4233-b3a3-7cf8ed63dfb5','4ca83856-4fba-4227-ad26-1bc9f3496646','steal',2,'TeamB','TeamC');
insert into basketballsteals(eventId,player) values ('2fbe60e3-4e73-4233-b3a3-7cf8ed63dfb5','Cameron');
insert into basketballgameevents(id,gameId,playType,period,teamFor,teamAgainst) values ('0234fe20-28b4-4775-b244-d479244cace1','4ca83856-4fba-4227-ad26-1bc9f3496646','block',2,'TeamB','TeamC');
insert into basketballblocks(eventId,player) values ('0234fe20-28b4-4775-b244-d479244cace1','Caleb');
insert into basketballgameevents(id,gameId,playType,period,teamFor,teamAgainst) values ('b473b0df-d76d-460f-8a29-c0f311711893','4ca83856-4fba-4227-ad26-1bc9f3496646','steal',2,'TeamC','TeamB');
insert into basketballsteals(eventId,player) values ('b473b0df-d76d-460f-8a29-c0f311711893','Denver');
insert into basketballgameevents(id,gameId,playType,period,teamFor,teamAgainst) values ('29de188e-8efb-4767-87ec-61f19cc7edaf','4ca83856-4fba-4227-ad26-1bc9f3496646','foul',2,'TeamC','TeamB');
insert into basketballfouls(eventId,player,reason) values ('29de188e-8efb-4767-87ec-61f19cc7edaf','Denver','Pushing');
insert into basketballgameevents(id,gameId,playType,period,teamFor,teamAgainst) values ('92c415e5-093d-4eb9-b272-0c65526f3e5b','4ca83856-4fba-4227-ad26-1bc9f3496646','turnover',2,'TeamC','TeamB');
insert into basketballturnovers(eventId,player) values ('92c415e5-093d-4eb9-b272-0c65526f3e5b','Dapper');
insert into basketballgameevents(id,gameId,playType,period,teamFor,teamAgainst) values ('68a558cc-912a-4ea1-98e6-2d52a99ea63e','4ca83856-4fba-4227-ad26-1bc9f3496646','turnover',2,'TeamC','TeamB');
insert into basketballturnovers(eventId,player) values ('68a558cc-912a-4ea1-98e6-2d52a99ea63e','Doppler');
insert into basketballgameevents(id,gameId,playType,period,teamFor,teamAgainst) values ('6c7757f9-eda2-4349-942d-0e91caaed094','4ca83856-4fba-4227-ad26-1bc9f3496646','foul',2,'TeamB','TeamC');
insert into basketballfouls(eventId,player,reason) values ('6c7757f9-eda2-4349-942d-0e91caaed094','Cameron','Holding');
insert into basketballgameevents(id,gameId,playType,period,teamFor,teamAgainst) values ('3058e8a1-f5b6-43c3-bb1f-c36d21c1a2d0','4ca83856-4fba-4227-ad26-1bc9f3496646','point',2,'TeamB','TeamC');
insert into basketballpoints(eventId,player,assist,result,point) values ('3058e8a1-f5b6-43c3-bb1f-c36d21c1a2d0', 'Cameron', 'Cauchy', 'made', 2);
insert into basketballgameevents(id,gameId,playType,period,teamFor,teamAgainst) values ('2b980acf-fd7d-49f7-8697-788412d7f5ac','4ca83856-4fba-4227-ad26-1bc9f3496646','rebound',2,'TeamC','TeamB');
insert into basketballrebounds(eventId,player) values ('2b980acf-fd7d-49f7-8697-788412d7f5ac','Dickson');
insert into basketballgameevents(id,gameId,playType,period,teamFor,teamAgainst) values ('685f2a74-9ef3-4f44-885e-79c77535897b','4ca83856-4fba-4227-ad26-1bc9f3496646','block',2,'TeamB','TeamC');
insert into basketballblocks(eventId,player) values ('685f2a74-9ef3-4f44-885e-79c77535897b','Cauchy');
insert into basketballgameevents(id,gameId,playType,period,teamFor,teamAgainst) values ('fa0b8bab-9443-4974-8a4c-0ea7718f4c47','4ca83856-4fba-4227-ad26-1bc9f3496646','turnover',2,'TeamB','TeamC');
insert into basketballturnovers(eventId,player) values ('fa0b8bab-9443-4974-8a4c-0ea7718f4c47','Camel');
insert into basketballgameevents(id,gameId,playType,period,teamFor,teamAgainst) values ('23f2de8c-33dd-45ee-ae8b-d7c11b60f6eb','4ca83856-4fba-4227-ad26-1bc9f3496646','foul',2,'TeamB','TeamC');
insert into basketballfouls(eventId,player,reason) values ('23f2de8c-33dd-45ee-ae8b-d7c11b60f6eb','Cody','Holding');
insert into basketballgameevents(id,gameId,playType,period,teamFor,teamAgainst) values ('434325f9-905d-4fb0-8f4b-36980dcba20b','4ca83856-4fba-4227-ad26-1bc9f3496646','rebound',2,'TeamB','TeamC');
insert into basketballrebounds(eventId,player) values ('434325f9-905d-4fb0-8f4b-36980dcba20b','Caleb');
insert into basketballgameevents(id,gameId,playType,period,teamFor,teamAgainst) values ('a60f1e0e-d5c4-46f8-b284-06ce566877e9','4ca83856-4fba-4227-ad26-1bc9f3496646','point',2,'TeamB','TeamC');
insert into basketballpoints(eventId,player,result,point) values ('a60f1e0e-d5c4-46f8-b284-06ce566877e9','Cameron','miss',2);
insert into basketballgameevents(id,gameId,playType,period,teamFor,teamAgainst) values ('ca8cc0ed-9bd4-4128-b2a8-11d06a75c3c2','4ca83856-4fba-4227-ad26-1bc9f3496646','point',2,'TeamB','TeamC');
insert into basketballpoints(eventId,player,result,point) values ('ca8cc0ed-9bd4-4128-b2a8-11d06a75c3c2','Caleb','miss',2);
insert into basketballgameevents(id,gameId,playType,period,teamFor,teamAgainst) values ('2f3c18a9-f86f-42a0-8b33-faf153ab2b2d','4ca83856-4fba-4227-ad26-1bc9f3496646','rebound',2,'TeamB','TeamC');
insert into basketballrebounds(eventId,player) values ('2f3c18a9-f86f-42a0-8b33-faf153ab2b2d','Cauchy');
insert into basketballgameevents(id,gameId,playType,period,teamFor,teamAgainst) values ('933009ca-be74-49ee-b841-5b22610f25c7','4ca83856-4fba-4227-ad26-1bc9f3496646','block',2,'TeamB','TeamC');
insert into basketballblocks(eventId,player) values ('933009ca-be74-49ee-b841-5b22610f25c7','Cody');
insert into basketballgameevents(id,gameId,playType,period,teamFor,teamAgainst) values ('4f0e452a-8874-4d02-9ed6-204815c1d226','4ca83856-4fba-4227-ad26-1bc9f3496646','rebound',2,'TeamC','TeamB');
insert into basketballrebounds(eventId,player) values ('4f0e452a-8874-4d02-9ed6-204815c1d226','Daniel');
insert into basketballgameevents(id,gameId,playType,period,teamFor,teamAgainst) values ('8cf09b85-33af-46a9-b98c-d11a8b31c23a','4ca83856-4fba-4227-ad26-1bc9f3496646','foul',2,'TeamC','TeamB');
insert into basketballfouls(eventId,player,reason) values ('8cf09b85-33af-46a9-b98c-d11a8b31c23a','Dickson','Pushing');
insert into basketballgameevents(id,gameId,playType,period,teamFor,teamAgainst) values ('749c99cd-63ba-4917-991d-5642eafcda14','4ca83856-4fba-4227-ad26-1bc9f3496646','block',2,'TeamC','TeamB');
insert into basketballblocks(eventId,player) values ('749c99cd-63ba-4917-991d-5642eafcda14','Doppler');
insert into basketballgameevents(id,gameId,playType,period,teamFor,teamAgainst) values ('a8d56f7f-43fb-4317-91fd-7bd72a917c6e','4ca83856-4fba-4227-ad26-1bc9f3496646','steal',2,'TeamB','TeamC');
insert into basketballsteals(eventId,player) values ('a8d56f7f-43fb-4317-91fd-7bd72a917c6e','Cameron');
insert into basketballgameevents(id,gameId,playType,period,teamFor,teamAgainst) values ('de4370d2-9707-4b37-9234-caf26130b217','4ca83856-4fba-4227-ad26-1bc9f3496646','foul',2,'TeamC','TeamB');
insert into basketballfouls(eventId,player,reason) values ('de4370d2-9707-4b37-9234-caf26130b217','Denver','Holding');
insert into basketballgameevents(id,gameId,playType,period,teamFor,teamAgainst) values ('7c6ee4f6-7173-45f1-8f11-f7f6362145e5','4ca83856-4fba-4227-ad26-1bc9f3496646','steal',2,'TeamC','TeamB');
insert into basketballsteals(eventId,player) values ('7c6ee4f6-7173-45f1-8f11-f7f6362145e5','Doppler');
insert into basketballgameevents(id,gameId,playType,period,teamFor,teamAgainst) values ('ff207af1-c4f8-4335-bc22-c46bd85dfe4d','4ca83856-4fba-4227-ad26-1bc9f3496646','block',2,'TeamC','TeamB');
insert into basketballblocks(eventId,player) values ('ff207af1-c4f8-4335-bc22-c46bd85dfe4d','Dapper');
insert into basketballgameevents(id,gameId,playType,period,teamFor,teamAgainst) values ('5f024ffd-9e4f-41c2-a806-3e70084fc71a','4ca83856-4fba-4227-ad26-1bc9f3496646','point',2,'TeamC','TeamB');
insert into basketballpoints(eventId,player,result,point) values ('5f024ffd-9e4f-41c2-a806-3e70084fc71a','Daniel','miss',2);
insert into basketballgameevents(id,gameId,playType,period,teamFor,teamAgainst) values ('14e7b28c-cd21-4059-aee7-a5156c049a60','4ca83856-4fba-4227-ad26-1bc9f3496646','rebound',2,'TeamC','TeamB');
insert into basketballrebounds(eventId,player) values ('14e7b28c-cd21-4059-aee7-a5156c049a60','Denver');
insert into basketballgameevents(id,gameId,playType,period,teamFor,teamAgainst) values ('3147de13-20a2-4588-95d1-de1797341f36','4ca83856-4fba-4227-ad26-1bc9f3496646','steal',2,'TeamB','TeamC');
insert into basketballsteals(eventId,player) values ('3147de13-20a2-4588-95d1-de1797341f36','Caleb');
insert into basketballgameevents(id,gameId,playType,period,teamFor,teamAgainst) values ('b6769923-ca7d-4861-926a-f2e90dfee6b5','4ca83856-4fba-4227-ad26-1bc9f3496646','point',2,'TeamB','TeamC');
insert into basketballpoints(eventId,player,result,point) values ('b6769923-ca7d-4861-926a-f2e90dfee6b5','Cody','made',2);
insert into basketballgameevents(id,gameId,playType,period,teamFor,teamAgainst) values ('2cc221b0-6e44-40a1-8a99-96839f49987c','4ca83856-4fba-4227-ad26-1bc9f3496646','turnover',2,'TeamB','TeamC');
insert into basketballturnovers(eventId,player) values ('2cc221b0-6e44-40a1-8a99-96839f49987c','Cody');
insert into basketballgameevents(id,gameId,playType,period,teamFor,teamAgainst) values ('b74b2d2b-776b-4e46-ab46-834ea3878ff9','4ca83856-4fba-4227-ad26-1bc9f3496646','foul',2,'TeamB','TeamC');
insert into basketballfouls(eventId,player,reason) values ('b74b2d2b-776b-4e46-ab46-834ea3878ff9','Cameron','Pushing');
insert into basketballgameevents(id,gameId,playType,period,teamFor,teamAgainst) values ('0f2b97e4-9571-4235-8375-7eb2a0194d14','4ca83856-4fba-4227-ad26-1bc9f3496646','turnover',2,'TeamB','TeamC');
insert into basketballturnovers(eventId,player) values ('0f2b97e4-9571-4235-8375-7eb2a0194d14','Caleb');
insert into basketballgameevents(id,gameId,playType,period,teamFor,teamAgainst) values ('f1f2d9a0-c7da-46b2-8605-ce874783fae5','4ca83856-4fba-4227-ad26-1bc9f3496646','block',2,'TeamB','TeamC');
insert into basketballblocks(eventId,player) values ('f1f2d9a0-c7da-46b2-8605-ce874783fae5','Cauchy');
insert into basketballgameevents(id,gameId,playType,period,teamFor,teamAgainst) values ('c83e6fe6-0735-4030-8a8a-ee373b616341','4ca83856-4fba-4227-ad26-1bc9f3496646','turnover',2,'TeamC','TeamB');
insert into basketballturnovers(eventId,player) values ('c83e6fe6-0735-4030-8a8a-ee373b616341','Dickson');
insert into basketballgameevents(id,gameId,playType,period,teamFor,teamAgainst) values ('0c65f48b-1c06-4f64-a606-61be35e9af64','4ca83856-4fba-4227-ad26-1bc9f3496646','point',2,'TeamC','TeamB');
insert into basketballpoints(eventId,player,result,point) values ('0c65f48b-1c06-4f64-a606-61be35e9af64','Daniel','miss',2);
insert into basketballgameevents(id,gameId,playType,period,teamFor,teamAgainst) values ('d75f58b0-2125-44c0-a360-05834a71a09e','4ca83856-4fba-4227-ad26-1bc9f3496646','block',2,'TeamC','TeamB');
insert into basketballblocks(eventId,player) values ('d75f58b0-2125-44c0-a360-05834a71a09e','Doppler');
insert into basketballgameevents(id,gameId,playType,period,teamFor,teamAgainst) values ('998a065c-d36e-490c-a974-d51ac37484d9','4ca83856-4fba-4227-ad26-1bc9f3496646','foul',2,'TeamB','TeamC');
insert into basketballfouls(eventId,player,reason) values ('998a065c-d36e-490c-a974-d51ac37484d9','Caleb','Pushing');
insert into basketballgameevents(id,gameId,playType,period,teamFor,teamAgainst) values ('39e682c6-5580-4359-8070-6a811facd8dd','4ca83856-4fba-4227-ad26-1bc9f3496646','block',2,'TeamC','TeamB');
insert into basketballblocks(eventId,player) values ('39e682c6-5580-4359-8070-6a811facd8dd','Dapper');
insert into basketballgameevents(id,gameId,playType,period,teamFor,teamAgainst) values ('54d68b83-5576-4867-9f06-ce110ce2c1cf','4ca83856-4fba-4227-ad26-1bc9f3496646','block',2,'TeamC','TeamB');
insert into basketballblocks(eventId,player) values ('54d68b83-5576-4867-9f06-ce110ce2c1cf','Doppler');
insert into basketballgameevents(id,gameId,playType,period,teamFor,teamAgainst) values ('01b4d74c-bb7a-450a-b433-0e2a49185089','4ca83856-4fba-4227-ad26-1bc9f3496646','point',2,'TeamB','TeamC');
insert into basketballpoints(eventId,player,result,point) values ('01b4d74c-bb7a-450a-b433-0e2a49185089','Camel','miss',2);
insert into basketballgameevents(id,gameId,playType,period,teamFor,teamAgainst) values ('45728201-deba-4990-963f-4ce3fa19b96a','4ca83856-4fba-4227-ad26-1bc9f3496646','block',2,'TeamB','TeamC');
insert into basketballblocks(eventId,player) values ('45728201-deba-4990-963f-4ce3fa19b96a','Camel');
insert into basketballgameevents(id,gameId,playType,period,teamFor,teamAgainst) values ('9668854d-2238-4260-9fb8-7d2945825f3f','4ca83856-4fba-4227-ad26-1bc9f3496646','steal',3,'TeamB','TeamC');
insert into basketballsteals(eventId,player) values ('9668854d-2238-4260-9fb8-7d2945825f3f','Cauchy');
insert into basketballgameevents(id,gameId,playType,period,teamFor,teamAgainst) values ('cec7bbe6-65dd-478b-b07c-e757aaa025a5','4ca83856-4fba-4227-ad26-1bc9f3496646','rebound',3,'TeamB','TeamC');
insert into basketballrebounds(eventId,player) values ('cec7bbe6-65dd-478b-b07c-e757aaa025a5','Cameron');
insert into basketballgameevents(id,gameId,playType,period,teamFor,teamAgainst) values ('767916e3-5df9-4fd2-b80a-ce060fc57724','4ca83856-4fba-4227-ad26-1bc9f3496646','rebound',3,'TeamB','TeamC');
insert into basketballrebounds(eventId,player) values ('767916e3-5df9-4fd2-b80a-ce060fc57724','Camel');
insert into basketballgameevents(id,gameId,playType,period,teamFor,teamAgainst) values ('9882559e-866e-4f43-aec5-f78597af7eb2','4ca83856-4fba-4227-ad26-1bc9f3496646','steal',3,'TeamB','TeamC');
insert into basketballsteals(eventId,player) values ('9882559e-866e-4f43-aec5-f78597af7eb2','Camel');
insert into basketballgameevents(id,gameId,playType,period,teamFor,teamAgainst) values ('6c577bd3-1dff-4901-8044-19fff3e21fd0','4ca83856-4fba-4227-ad26-1bc9f3496646','foul',3,'TeamC','TeamB');
insert into basketballfouls(eventId,player,reason) values ('6c577bd3-1dff-4901-8044-19fff3e21fd0','Daniel','Holding');
insert into basketballgameevents(id,gameId,playType,period,teamFor,teamAgainst) values ('5c92f59e-81ed-4628-8021-f8d5564eb327','4ca83856-4fba-4227-ad26-1bc9f3496646','steal',3,'TeamB','TeamC');
insert into basketballsteals(eventId,player) values ('5c92f59e-81ed-4628-8021-f8d5564eb327','Cameron');
insert into basketballgameevents(id,gameId,playType,period,teamFor,teamAgainst) values ('1264ff26-f16e-4a67-9b21-94d155f748e3','4ca83856-4fba-4227-ad26-1bc9f3496646','rebound',3,'TeamC','TeamB');
insert into basketballrebounds(eventId,player) values ('1264ff26-f16e-4a67-9b21-94d155f748e3','Doppler');
insert into basketballgameevents(id,gameId,playType,period,teamFor,teamAgainst) values ('efcdef3c-5cf5-443f-ba9f-cfe646ebb5b5','4ca83856-4fba-4227-ad26-1bc9f3496646','turnover',3,'TeamC','TeamB');
insert into basketballturnovers(eventId,player) values ('efcdef3c-5cf5-443f-ba9f-cfe646ebb5b5','Daniel');
insert into basketballgameevents(id,gameId,playType,period,teamFor,teamAgainst) values ('059d3b6a-436c-4c95-9ebf-1f538b2ed505','4ca83856-4fba-4227-ad26-1bc9f3496646','turnover',3,'TeamB','TeamC');
insert into basketballturnovers(eventId,player) values ('059d3b6a-436c-4c95-9ebf-1f538b2ed505','Cauchy');
insert into basketballgameevents(id,gameId,playType,period,teamFor,teamAgainst) values ('dbd5e0b4-f91d-4ce9-8a8c-b3ff4522aa71','4ca83856-4fba-4227-ad26-1bc9f3496646','steal',3,'TeamC','TeamB');
insert into basketballsteals(eventId,player) values ('dbd5e0b4-f91d-4ce9-8a8c-b3ff4522aa71','Denver');
insert into basketballgameevents(id,gameId,playType,period,teamFor,teamAgainst) values ('cd12c7ae-72e6-45cc-aa88-7215680dbd2d','4ca83856-4fba-4227-ad26-1bc9f3496646','turnover',3,'TeamB','TeamC');
insert into basketballturnovers(eventId,player) values ('cd12c7ae-72e6-45cc-aa88-7215680dbd2d','Caleb');
insert into basketballgameevents(id,gameId,playType,period,teamFor,teamAgainst) values ('79ab94b7-2b3e-4e9d-802d-f19cda6e7b9c','4ca83856-4fba-4227-ad26-1bc9f3496646','point',3,'TeamC','TeamB');
insert into basketballpoints(eventId,player,result,point) values ('79ab94b7-2b3e-4e9d-802d-f19cda6e7b9c','Denver','made',3);
insert into basketballgameevents(id,gameId,playType,period,teamFor,teamAgainst) values ('0eea2bc9-16cf-42d6-b476-48c5dcde534c','4ca83856-4fba-4227-ad26-1bc9f3496646','turnover',3,'TeamB','TeamC');
insert into basketballturnovers(eventId,player) values ('0eea2bc9-16cf-42d6-b476-48c5dcde534c','Caleb');
insert into basketballgameevents(id,gameId,playType,period,teamFor,teamAgainst) values ('20e59768-580b-4b4d-9dde-c26032269ffe','4ca83856-4fba-4227-ad26-1bc9f3496646','steal',3,'TeamB','TeamC');
insert into basketballsteals(eventId,player) values ('20e59768-580b-4b4d-9dde-c26032269ffe','Cauchy');
insert into basketballgameevents(id,gameId,playType,period,teamFor,teamAgainst) values ('76051f46-1cc4-4d44-98c5-76f1e07539b5','4ca83856-4fba-4227-ad26-1bc9f3496646','rebound',3,'TeamC','TeamB');
insert into basketballrebounds(eventId,player) values ('76051f46-1cc4-4d44-98c5-76f1e07539b5','Denver');
insert into basketballgameevents(id,gameId,playType,period,teamFor,teamAgainst) values ('4d8d7deb-e2dd-4bf5-b3ed-23b6e5a5eef3','4ca83856-4fba-4227-ad26-1bc9f3496646','turnover',3,'TeamB','TeamC');
insert into basketballturnovers(eventId,player) values ('4d8d7deb-e2dd-4bf5-b3ed-23b6e5a5eef3','Cody');
insert into basketballgameevents(id,gameId,playType,period,teamFor,teamAgainst) values ('e0469c1b-82ee-4db5-9826-80e599c13290','4ca83856-4fba-4227-ad26-1bc9f3496646','rebound',3,'TeamC','TeamB');
insert into basketballrebounds(eventId,player) values ('e0469c1b-82ee-4db5-9826-80e599c13290','Dapper');
insert into basketballgameevents(id,gameId,playType,period,teamFor,teamAgainst) values ('97ef0740-af8d-43f8-9130-ce15f6be4ada','4ca83856-4fba-4227-ad26-1bc9f3496646','turnover',3,'TeamB','TeamC');
insert into basketballturnovers(eventId,player) values ('97ef0740-af8d-43f8-9130-ce15f6be4ada','Cody');
insert into basketballgameevents(id,gameId,playType,period,teamFor,teamAgainst) values ('e77be940-5cab-46b6-b924-8cac36ea2deb','4ca83856-4fba-4227-ad26-1bc9f3496646','turnover',3,'TeamC','TeamB');
insert into basketballturnovers(eventId,player) values ('e77be940-5cab-46b6-b924-8cac36ea2deb','Daniel');
insert into basketballgameevents(id,gameId,playType,period,teamFor,teamAgainst) values ('cc0a4447-b7f8-42f1-8c13-f751c5573f0c','4ca83856-4fba-4227-ad26-1bc9f3496646','foul',3,'TeamB','TeamC');
insert into basketballfouls(eventId,player,reason) values ('cc0a4447-b7f8-42f1-8c13-f751c5573f0c','Cauchy','Pushing');
insert into basketballgameevents(id,gameId,playType,period,teamFor,teamAgainst) values ('dd68e825-2fe2-4d83-88f9-7208bb2046e3','4ca83856-4fba-4227-ad26-1bc9f3496646','steal',3,'TeamC','TeamB');
insert into basketballsteals(eventId,player) values ('dd68e825-2fe2-4d83-88f9-7208bb2046e3','Denver');
insert into basketballgameevents(id,gameId,playType,period,teamFor,teamAgainst) values ('e939eeae-aa17-4004-b61c-3aeac4f08dd7','4ca83856-4fba-4227-ad26-1bc9f3496646','turnover',3,'TeamC','TeamB');
insert into basketballturnovers(eventId,player) values ('e939eeae-aa17-4004-b61c-3aeac4f08dd7','Doppler');
insert into basketballgameevents(id,gameId,playType,period,teamFor,teamAgainst) values ('00533577-4af0-405f-a001-86a4cd09c3a3','4ca83856-4fba-4227-ad26-1bc9f3496646','steal',3,'TeamC','TeamB');
insert into basketballsteals(eventId,player) values ('00533577-4af0-405f-a001-86a4cd09c3a3','Dickson');
insert into basketballgameevents(id,gameId,playType,period,teamFor,teamAgainst) values ('cfe09d77-2435-45e0-b7ca-7dad8354ad5f','4ca83856-4fba-4227-ad26-1bc9f3496646','point',3,'TeamB','TeamC');
insert into basketballpoints(eventId,player,assist,result,point) values ('cfe09d77-2435-45e0-b7ca-7dad8354ad5f', 'Cody', 'Camel', 'made', 1);
insert into basketballgameevents(id,gameId,playType,period,teamFor,teamAgainst) values ('9066fa67-7e68-4314-bf43-94258d970180','4ca83856-4fba-4227-ad26-1bc9f3496646','foul',3,'TeamC','TeamB');
insert into basketballfouls(eventId,player,reason) values ('9066fa67-7e68-4314-bf43-94258d970180','Dickson','Pushing');
insert into basketballgameevents(id,gameId,playType,period,teamFor,teamAgainst) values ('dc54259e-1a90-4368-ae9c-d1661c9ba91f','4ca83856-4fba-4227-ad26-1bc9f3496646','point',3,'TeamB','TeamC');
insert into basketballpoints(eventId,player,result,point) values ('dc54259e-1a90-4368-ae9c-d1661c9ba91f','Cauchy','miss',2);
insert into basketballgameevents(id,gameId,playType,period,teamFor,teamAgainst) values ('64987632-bb6e-47bf-8133-d3278586260c','4ca83856-4fba-4227-ad26-1bc9f3496646','block',3,'TeamC','TeamB');
insert into basketballblocks(eventId,player) values ('64987632-bb6e-47bf-8133-d3278586260c','Dickson');
insert into basketballgameevents(id,gameId,playType,period,teamFor,teamAgainst) values ('2924b898-096c-43da-9b4f-829878417308','4ca83856-4fba-4227-ad26-1bc9f3496646','foul',3,'TeamC','TeamB');
insert into basketballfouls(eventId,player,reason) values ('2924b898-096c-43da-9b4f-829878417308','Daniel','Pushing');
insert into basketballgameevents(id,gameId,playType,period,teamFor,teamAgainst) values ('b6e51ca9-0acb-40dc-971d-375a3c330e5b','4ca83856-4fba-4227-ad26-1bc9f3496646','foul',3,'TeamB','TeamC');
insert into basketballfouls(eventId,player,reason) values ('b6e51ca9-0acb-40dc-971d-375a3c330e5b','Cody','Pushing');
insert into basketballgameevents(id,gameId,playType,period,teamFor,teamAgainst) values ('e7c65a45-c859-4888-ae76-5b87a8b3a932','4ca83856-4fba-4227-ad26-1bc9f3496646','turnover',3,'TeamC','TeamB');
insert into basketballturnovers(eventId,player) values ('e7c65a45-c859-4888-ae76-5b87a8b3a932','Dickson');
insert into basketballgameevents(id,gameId,playType,period,teamFor,teamAgainst) values ('439be5e6-2d71-4b69-94b9-c25a52b34255','4ca83856-4fba-4227-ad26-1bc9f3496646','rebound',3,'TeamC','TeamB');
insert into basketballrebounds(eventId,player) values ('439be5e6-2d71-4b69-94b9-c25a52b34255','Doppler');
insert into basketballgameevents(id,gameId,playType,period,teamFor,teamAgainst) values ('2493326e-9bb0-4b9c-90ff-82cc787a24da','4ca83856-4fba-4227-ad26-1bc9f3496646','point',3,'TeamB','TeamC');
insert into basketballpoints(eventId,player,result,point) values ('2493326e-9bb0-4b9c-90ff-82cc787a24da','Cameron','made',2);
insert into basketballgameevents(id,gameId,playType,period,teamFor,teamAgainst) values ('c0618f26-ccc9-4e86-b8ef-1869f3490283','4ca83856-4fba-4227-ad26-1bc9f3496646','point',3,'TeamC','TeamB');
insert into basketballpoints(eventId,player,result,point) values ('c0618f26-ccc9-4e86-b8ef-1869f3490283','Daniel','miss',3);
insert into basketballgameevents(id,gameId,playType,period,teamFor,teamAgainst) values ('f1374906-ff3d-462e-9d70-0151e00e5943','4ca83856-4fba-4227-ad26-1bc9f3496646','turnover',3,'TeamC','TeamB');
insert into basketballturnovers(eventId,player) values ('f1374906-ff3d-462e-9d70-0151e00e5943','Denver');
insert into basketballgameevents(id,gameId,playType,period,teamFor,teamAgainst) values ('d36ebb07-7671-4736-8f1d-29a778a95042','4ca83856-4fba-4227-ad26-1bc9f3496646','point',3,'TeamB','TeamC');
insert into basketballpoints(eventId,player,result,point) values ('d36ebb07-7671-4736-8f1d-29a778a95042','Cameron','miss',3);
insert into basketballgameevents(id,gameId,playType,period,teamFor,teamAgainst) values ('abeac421-a6ba-4c16-b2da-ccf75bb7161c','4ca83856-4fba-4227-ad26-1bc9f3496646','turnover',3,'TeamC','TeamB');
insert into basketballturnovers(eventId,player) values ('abeac421-a6ba-4c16-b2da-ccf75bb7161c','Denver');
insert into basketballgameevents(id,gameId,playType,period,teamFor,teamAgainst) values ('893bb91c-bc42-4e9e-b38b-35c1a7952120','4ca83856-4fba-4227-ad26-1bc9f3496646','point',3,'TeamC','TeamB');
insert into basketballpoints(eventId,player,result,point) values ('893bb91c-bc42-4e9e-b38b-35c1a7952120','Daniel','miss',1);
insert into basketballgameevents(id,gameId,playType,period,teamFor,teamAgainst) values ('9710cdaf-6a1c-4bc8-8cc6-b2008ec9fa16','4ca83856-4fba-4227-ad26-1bc9f3496646','turnover',3,'TeamC','TeamB');
insert into basketballturnovers(eventId,player) values ('9710cdaf-6a1c-4bc8-8cc6-b2008ec9fa16','Dickson');
insert into basketballgameevents(id,gameId,playType,period,teamFor,teamAgainst) values ('b44d73c7-07eb-42b0-816c-8d8318eb8e96','4ca83856-4fba-4227-ad26-1bc9f3496646','rebound',3,'TeamB','TeamC');
insert into basketballrebounds(eventId,player) values ('b44d73c7-07eb-42b0-816c-8d8318eb8e96','Cameron');
insert into basketballgameevents(id,gameId,playType,period,teamFor,teamAgainst) values ('78699cd3-e350-4608-a3c4-b1baf255142d','4ca83856-4fba-4227-ad26-1bc9f3496646','foul',3,'TeamC','TeamB');
insert into basketballfouls(eventId,player,reason) values ('78699cd3-e350-4608-a3c4-b1baf255142d','Daniel','Pushing');
insert into basketballgameevents(id,gameId,playType,period,teamFor,teamAgainst) values ('1f9fb405-3dba-442f-9be4-aede7def3992','4ca83856-4fba-4227-ad26-1bc9f3496646','turnover',3,'TeamB','TeamC');
insert into basketballturnovers(eventId,player) values ('1f9fb405-3dba-442f-9be4-aede7def3992','Cameron');
insert into basketballgameevents(id,gameId,playType,period,teamFor,teamAgainst) values ('282fd188-9bb3-4891-a885-10e852847627','4ca83856-4fba-4227-ad26-1bc9f3496646','rebound',3,'TeamC','TeamB');
insert into basketballrebounds(eventId,player) values ('282fd188-9bb3-4891-a885-10e852847627','Denver');
insert into basketballgameevents(id,gameId,playType,period,teamFor,teamAgainst) values ('24b8535e-1a85-4847-89e5-31b014bdf50f','4ca83856-4fba-4227-ad26-1bc9f3496646','steal',3,'TeamC','TeamB');
insert into basketballsteals(eventId,player) values ('24b8535e-1a85-4847-89e5-31b014bdf50f','Denver');
insert into basketballgameevents(id,gameId,playType,period,teamFor,teamAgainst) values ('ef5cd4ea-6c36-426d-8137-31fc04f66d3b','4ca83856-4fba-4227-ad26-1bc9f3496646','point',3,'TeamC','TeamB');
insert into basketballpoints(eventId,player,result,point) values ('ef5cd4ea-6c36-426d-8137-31fc04f66d3b','Dapper','miss',2);
insert into basketballgameevents(id,gameId,playType,period,teamFor,teamAgainst) values ('2a113a68-10b6-4804-a5fd-385fcdd568cb','4ca83856-4fba-4227-ad26-1bc9f3496646','block',3,'TeamB','TeamC');
insert into basketballblocks(eventId,player) values ('2a113a68-10b6-4804-a5fd-385fcdd568cb','Cameron');
insert into basketballgameevents(id,gameId,playType,period,teamFor,teamAgainst) values ('7e99d4cf-07cd-49e5-80f2-9fe163a55d5b','4ca83856-4fba-4227-ad26-1bc9f3496646','foul',3,'TeamB','TeamC');
insert into basketballfouls(eventId,player,reason) values ('7e99d4cf-07cd-49e5-80f2-9fe163a55d5b','Cauchy','Pushing');
insert into basketballgameevents(id,gameId,playType,period,teamFor,teamAgainst) values ('75f778a1-3a1e-444b-8246-33e71a8c87b4','4ca83856-4fba-4227-ad26-1bc9f3496646','steal',3,'TeamB','TeamC');
insert into basketballsteals(eventId,player) values ('75f778a1-3a1e-444b-8246-33e71a8c87b4','Cameron');
insert into basketballgameevents(id,gameId,playType,period,teamFor,teamAgainst) values ('359f90ac-3ba7-4bfc-a041-ee9c976db255','4ca83856-4fba-4227-ad26-1bc9f3496646','foul',3,'TeamB','TeamC');
insert into basketballfouls(eventId,player,reason) values ('359f90ac-3ba7-4bfc-a041-ee9c976db255','Camel','Holding');
insert into basketballgameevents(id,gameId,playType,period,teamFor,teamAgainst) values ('23b572fe-21d3-4852-9dd5-9340962fde23','4ca83856-4fba-4227-ad26-1bc9f3496646','rebound',3,'TeamB','TeamC');
insert into basketballrebounds(eventId,player) values ('23b572fe-21d3-4852-9dd5-9340962fde23','Cody');
insert into basketballgameevents(id,gameId,playType,period,teamFor,teamAgainst) values ('03787f03-6cce-4bd1-9d6e-e60ea9a76848','4ca83856-4fba-4227-ad26-1bc9f3496646','block',3,'TeamC','TeamB');
insert into basketballblocks(eventId,player) values ('03787f03-6cce-4bd1-9d6e-e60ea9a76848','Doppler');
insert into basketballgameevents(id,gameId,playType,period,teamFor,teamAgainst) values ('3c63f0f9-1297-4e29-bab6-70320dd8ddd4','4ca83856-4fba-4227-ad26-1bc9f3496646','point',3,'TeamC','TeamB');
insert into basketballpoints(eventId,player,result,point) values ('3c63f0f9-1297-4e29-bab6-70320dd8ddd4','Doppler','miss',1);
insert into basketballgameevents(id,gameId,playType,period,teamFor,teamAgainst) values ('c8321ea3-3b02-43b5-aa0f-6d40a10d1de1','4ca83856-4fba-4227-ad26-1bc9f3496646','point',3,'TeamC','TeamB');
insert into basketballpoints(eventId,player,assist,result,point) values ('c8321ea3-3b02-43b5-aa0f-6d40a10d1de1', 'Denver', 'Daniel', 'made', 3);
insert into basketballgameevents(id,gameId,playType,period,teamFor,teamAgainst) values ('712aca95-827a-4fb3-a592-9b1d6501219f','4ca83856-4fba-4227-ad26-1bc9f3496646','turnover',3,'TeamC','TeamB');
insert into basketballturnovers(eventId,player) values ('712aca95-827a-4fb3-a592-9b1d6501219f','Doppler');
insert into basketballgameevents(id,gameId,playType,period,teamFor,teamAgainst) values ('c51d253d-7765-471a-bbe1-42024f801882','4ca83856-4fba-4227-ad26-1bc9f3496646','steal',3,'TeamC','TeamB');
insert into basketballsteals(eventId,player) values ('c51d253d-7765-471a-bbe1-42024f801882','Daniel');
insert into basketballgameevents(id,gameId,playType,period,teamFor,teamAgainst) values ('be8be186-a3ee-4d59-ba88-b51c698289ea','4ca83856-4fba-4227-ad26-1bc9f3496646','turnover',3,'TeamB','TeamC');
insert into basketballturnovers(eventId,player) values ('be8be186-a3ee-4d59-ba88-b51c698289ea','Cody');
insert into basketballgameevents(id,gameId,playType,period,teamFor,teamAgainst) values ('cce23ada-a05c-4279-b2a1-c6f665e25dcb','4ca83856-4fba-4227-ad26-1bc9f3496646','rebound',3,'TeamB','TeamC');
insert into basketballrebounds(eventId,player) values ('cce23ada-a05c-4279-b2a1-c6f665e25dcb','Caleb');
insert into basketballgameevents(id,gameId,playType,period,teamFor,teamAgainst) values ('bf3cff60-a519-4b1c-aa9c-011047737b5a','4ca83856-4fba-4227-ad26-1bc9f3496646','steal',3,'TeamB','TeamC');
insert into basketballsteals(eventId,player) values ('bf3cff60-a519-4b1c-aa9c-011047737b5a','Camel');
insert into basketballgameevents(id,gameId,playType,period,teamFor,teamAgainst) values ('306e9476-8636-49bc-b026-a48afe5f851e','4ca83856-4fba-4227-ad26-1bc9f3496646','block',3,'TeamC','TeamB');
insert into basketballblocks(eventId,player) values ('306e9476-8636-49bc-b026-a48afe5f851e','Dickson');
insert into basketballgameevents(id,gameId,playType,period,teamFor,teamAgainst) values ('946442d2-0f4b-4688-8288-69a9c9e13d1d','4ca83856-4fba-4227-ad26-1bc9f3496646','foul',3,'TeamC','TeamB');
insert into basketballfouls(eventId,player,reason) values ('946442d2-0f4b-4688-8288-69a9c9e13d1d','Doppler','Holding');
insert into basketballgameevents(id,gameId,playType,period,teamFor,teamAgainst) values ('7a86e02d-2e35-4b3c-b3d7-9ffc259a4b05','4ca83856-4fba-4227-ad26-1bc9f3496646','foul',3,'TeamC','TeamB');
insert into basketballfouls(eventId,player,reason) values ('7a86e02d-2e35-4b3c-b3d7-9ffc259a4b05','Daniel','Holding');
insert into basketballgameevents(id,gameId,playType,period,teamFor,teamAgainst) values ('fa6d5e1a-3031-4558-85f6-79f6e421f2ef','4ca83856-4fba-4227-ad26-1bc9f3496646','foul',3,'TeamC','TeamB');
insert into basketballfouls(eventId,player,reason) values ('fa6d5e1a-3031-4558-85f6-79f6e421f2ef','Denver','Holding');
insert into basketballgameevents(id,gameId,playType,period,teamFor,teamAgainst) values ('74cca3fd-7799-4358-a9e4-cdf2a864a0d4','4ca83856-4fba-4227-ad26-1bc9f3496646','point',3,'TeamB','TeamC');
insert into basketballpoints(eventId,player,result,point) values ('74cca3fd-7799-4358-a9e4-cdf2a864a0d4','Caleb','made',3);
insert into basketballgameevents(id,gameId,playType,period,teamFor,teamAgainst) values ('1ed52259-ed2d-44d3-b3df-a6b349a7ab8f','4ca83856-4fba-4227-ad26-1bc9f3496646','turnover',3,'TeamB','TeamC');
insert into basketballturnovers(eventId,player) values ('1ed52259-ed2d-44d3-b3df-a6b349a7ab8f','Cameron');
insert into basketballgameevents(id,gameId,playType,period,teamFor,teamAgainst) values ('b64929f9-cd82-405d-af16-7f31728e15d2','4ca83856-4fba-4227-ad26-1bc9f3496646','block',3,'TeamC','TeamB');
insert into basketballblocks(eventId,player) values ('b64929f9-cd82-405d-af16-7f31728e15d2','Denver');
insert into basketballgameevents(id,gameId,playType,period,teamFor,teamAgainst) values ('3cf88a71-80ba-476c-884d-af807b720693','4ca83856-4fba-4227-ad26-1bc9f3496646','block',3,'TeamC','TeamB');
insert into basketballblocks(eventId,player) values ('3cf88a71-80ba-476c-884d-af807b720693','Denver');
insert into basketballgameevents(id,gameId,playType,period,teamFor,teamAgainst) values ('ab3161e9-25be-44e2-a97e-f3b3881cb1fe','4ca83856-4fba-4227-ad26-1bc9f3496646','rebound',3,'TeamB','TeamC');
insert into basketballrebounds(eventId,player) values ('ab3161e9-25be-44e2-a97e-f3b3881cb1fe','Cody');
insert into basketballgameevents(id,gameId,playType,period,teamFor,teamAgainst) values ('66f0a6d1-a8d7-41ba-a630-ac80be1eb294','4ca83856-4fba-4227-ad26-1bc9f3496646','rebound',3,'TeamB','TeamC');
insert into basketballrebounds(eventId,player) values ('66f0a6d1-a8d7-41ba-a630-ac80be1eb294','Caleb');
insert into basketballgameevents(id,gameId,playType,period,teamFor,teamAgainst) values ('f00679e2-c57b-46f2-a8a8-91d00f881d4c','4ca83856-4fba-4227-ad26-1bc9f3496646','steal',3,'TeamB','TeamC');
insert into basketballsteals(eventId,player) values ('f00679e2-c57b-46f2-a8a8-91d00f881d4c','Cauchy');
insert into basketballgameevents(id,gameId,playType,period,teamFor,teamAgainst) values ('d2986633-eae6-4bdf-a0a6-c884793d3978','4ca83856-4fba-4227-ad26-1bc9f3496646','point',3,'TeamB','TeamC');
insert into basketballpoints(eventId,player,result,point) values ('d2986633-eae6-4bdf-a0a6-c884793d3978','Camel','miss',1);
insert into basketballgameevents(id,gameId,playType,period,teamFor,teamAgainst) values ('e5c870dd-9acc-4e02-a1a5-6868ae17d18b','4ca83856-4fba-4227-ad26-1bc9f3496646','point',3,'TeamB','TeamC');
insert into basketballpoints(eventId,player,assist,result,point) values ('e5c870dd-9acc-4e02-a1a5-6868ae17d18b', 'Caleb', 'Camel', 'made', 3);
insert into basketballgameevents(id,gameId,playType,period,teamFor,teamAgainst) values ('9ff75854-cb3b-41d1-a4d4-f2c5d93e66bf','4ca83856-4fba-4227-ad26-1bc9f3496646','steal',3,'TeamC','TeamB');
insert into basketballsteals(eventId,player) values ('9ff75854-cb3b-41d1-a4d4-f2c5d93e66bf','Denver');
insert into basketballgameevents(id,gameId,playType,period,teamFor,teamAgainst) values ('9adba3c4-6ea1-4b78-9883-754ea25f18fc','4ca83856-4fba-4227-ad26-1bc9f3496646','turnover',3,'TeamC','TeamB');
insert into basketballturnovers(eventId,player) values ('9adba3c4-6ea1-4b78-9883-754ea25f18fc','Daniel');
insert into basketballgameevents(id,gameId,playType,period,teamFor,teamAgainst) values ('8a0dc102-d334-4424-97dc-7e57a4937ca1','4ca83856-4fba-4227-ad26-1bc9f3496646','turnover',3,'TeamB','TeamC');
insert into basketballturnovers(eventId,player) values ('8a0dc102-d334-4424-97dc-7e57a4937ca1','Camel');
insert into basketballgameevents(id,gameId,playType,period,teamFor,teamAgainst) values ('3308702c-d7d0-4c58-93fb-657624982fd0','4ca83856-4fba-4227-ad26-1bc9f3496646','point',3,'TeamB','TeamC');
insert into basketballpoints(eventId,player,result,point) values ('3308702c-d7d0-4c58-93fb-657624982fd0','Cauchy','made',3);
insert into basketballgameevents(id,gameId,playType,period,teamFor,teamAgainst) values ('bdfa5a5d-5292-47b8-8cfa-d8ea0e87eb6d','4ca83856-4fba-4227-ad26-1bc9f3496646','turnover',3,'TeamB','TeamC');
insert into basketballturnovers(eventId,player) values ('bdfa5a5d-5292-47b8-8cfa-d8ea0e87eb6d','Caleb');
insert into basketballgameevents(id,gameId,playType,period,teamFor,teamAgainst) values ('332e6ccf-f7e8-4b6d-976f-ffb50decdd06','4ca83856-4fba-4227-ad26-1bc9f3496646','block',3,'TeamB','TeamC');
insert into basketballblocks(eventId,player) values ('332e6ccf-f7e8-4b6d-976f-ffb50decdd06','Cauchy');
insert into basketballgameevents(id,gameId,playType,period,teamFor,teamAgainst) values ('603fedb8-14b4-4f54-af10-798028df692d','4ca83856-4fba-4227-ad26-1bc9f3496646','foul',3,'TeamB','TeamC');
insert into basketballfouls(eventId,player,reason) values ('603fedb8-14b4-4f54-af10-798028df692d','Cauchy','Holding');
insert into basketballgameevents(id,gameId,playType,period,teamFor,teamAgainst) values ('69ef26f9-7a62-401a-bd37-ab46ed5af760','4ca83856-4fba-4227-ad26-1bc9f3496646','rebound',3,'TeamB','TeamC');
insert into basketballrebounds(eventId,player) values ('69ef26f9-7a62-401a-bd37-ab46ed5af760','Caleb');
insert into basketballgameevents(id,gameId,playType,period,teamFor,teamAgainst) values ('2a0afcd3-ae40-439f-88e8-7b1e1da1ec51','4ca83856-4fba-4227-ad26-1bc9f3496646','rebound',3,'TeamB','TeamC');
insert into basketballrebounds(eventId,player) values ('2a0afcd3-ae40-439f-88e8-7b1e1da1ec51','Cody');
insert into basketballgameevents(id,gameId,playType,period,teamFor,teamAgainst) values ('1a9da1c6-a691-4a35-bae6-013de5c33f1d','4ca83856-4fba-4227-ad26-1bc9f3496646','steal',3,'TeamC','TeamB');
insert into basketballsteals(eventId,player) values ('1a9da1c6-a691-4a35-bae6-013de5c33f1d','Denver');
insert into basketballgameevents(id,gameId,playType,period,teamFor,teamAgainst) values ('e0e30b8a-0f71-4ff9-b83d-d31618acc226','4ca83856-4fba-4227-ad26-1bc9f3496646','turnover',3,'TeamC','TeamB');
insert into basketballturnovers(eventId,player) values ('e0e30b8a-0f71-4ff9-b83d-d31618acc226','Doppler');
insert into basketballgameevents(id,gameId,playType,period,teamFor,teamAgainst) values ('cc28daed-5886-4840-a02a-1d297208726a','4ca83856-4fba-4227-ad26-1bc9f3496646','point',3,'TeamC','TeamB');
insert into basketballpoints(eventId,player,result,point) values ('cc28daed-5886-4840-a02a-1d297208726a','Daniel','miss',1);
insert into basketballgameevents(id,gameId,playType,period,teamFor,teamAgainst) values ('66c97122-e535-4eb8-a8c3-47df64ccbcff','4ca83856-4fba-4227-ad26-1bc9f3496646','point',3,'TeamC','TeamB');
insert into basketballpoints(eventId,player,result,point) values ('66c97122-e535-4eb8-a8c3-47df64ccbcff','Dickson','miss',2);
insert into basketballgameevents(id,gameId,playType,period,teamFor,teamAgainst) values ('861d7838-ccf2-4946-857f-d9b227daedda','4ca83856-4fba-4227-ad26-1bc9f3496646','steal',3,'TeamB','TeamC');
insert into basketballsteals(eventId,player) values ('861d7838-ccf2-4946-857f-d9b227daedda','Caleb');
insert into basketballgameevents(id,gameId,playType,period,teamFor,teamAgainst) values ('06f09c21-fc49-461a-a9ab-9d00d74eeb5f','4ca83856-4fba-4227-ad26-1bc9f3496646','turnover',3,'TeamC','TeamB');
insert into basketballturnovers(eventId,player) values ('06f09c21-fc49-461a-a9ab-9d00d74eeb5f','Dickson');
insert into basketballgameevents(id,gameId,playType,period,teamFor,teamAgainst) values ('cfc202e8-9e65-48cf-8fd8-9fc57080bd5d','4ca83856-4fba-4227-ad26-1bc9f3496646','block',3,'TeamB','TeamC');
insert into basketballblocks(eventId,player) values ('cfc202e8-9e65-48cf-8fd8-9fc57080bd5d','Cameron');
insert into basketballgameevents(id,gameId,playType,period,teamFor,teamAgainst) values ('b3ec5c0d-0187-4ce1-8c48-ca081175b544','4ca83856-4fba-4227-ad26-1bc9f3496646','point',3,'TeamB','TeamC');
insert into basketballpoints(eventId,player,result,point) values ('b3ec5c0d-0187-4ce1-8c48-ca081175b544','Cameron','miss',2);
insert into basketballgameevents(id,gameId,playType,period,teamFor,teamAgainst) values ('017df44b-277e-4f71-98d6-38254631bd65','4ca83856-4fba-4227-ad26-1bc9f3496646','foul',3,'TeamB','TeamC');
insert into basketballfouls(eventId,player,reason) values ('017df44b-277e-4f71-98d6-38254631bd65','Caleb','Holding');
insert into basketballgameevents(id,gameId,playType,period,teamFor,teamAgainst) values ('6e21fc36-9d78-4361-abae-37d3b03c86a8','4ca83856-4fba-4227-ad26-1bc9f3496646','point',3,'TeamC','TeamB');
insert into basketballpoints(eventId,player,result,point) values ('6e21fc36-9d78-4361-abae-37d3b03c86a8','Doppler','miss',1);
insert into basketballgameevents(id,gameId,playType,period,teamFor,teamAgainst) values ('b505582e-af50-4b2e-adbb-d1f6d24ac7c3','4ca83856-4fba-4227-ad26-1bc9f3496646','point',3,'TeamB','TeamC');
insert into basketballpoints(eventId,player,assist,result,point) values ('b505582e-af50-4b2e-adbb-d1f6d24ac7c3', 'Camel', 'Cauchy', 'made', 2);
insert into basketballgameevents(id,gameId,playType,period,teamFor,teamAgainst) values ('a513e8a4-ca56-402b-b2c5-f6d81545f532','4ca83856-4fba-4227-ad26-1bc9f3496646','point',3,'TeamB','TeamC');
insert into basketballpoints(eventId,player,result,point) values ('a513e8a4-ca56-402b-b2c5-f6d81545f532','Cauchy','miss',2);
insert into basketballgameevents(id,gameId,playType,period,teamFor,teamAgainst) values ('2df46c11-8709-4548-9e45-fe5e9e3fdad5','4ca83856-4fba-4227-ad26-1bc9f3496646','rebound',3,'TeamC','TeamB');
insert into basketballrebounds(eventId,player) values ('2df46c11-8709-4548-9e45-fe5e9e3fdad5','Denver');
insert into basketballgameevents(id,gameId,playType,period,teamFor,teamAgainst) values ('d2d49c47-9e36-4c1d-852d-bab7bda89e50','4ca83856-4fba-4227-ad26-1bc9f3496646','turnover',3,'TeamB','TeamC');
insert into basketballturnovers(eventId,player) values ('d2d49c47-9e36-4c1d-852d-bab7bda89e50','Camel');
insert into basketballgameevents(id,gameId,playType,period,teamFor,teamAgainst) values ('3e1c4b6a-0970-40f0-bd85-5820bdb265eb','4ca83856-4fba-4227-ad26-1bc9f3496646','steal',3,'TeamB','TeamC');
insert into basketballsteals(eventId,player) values ('3e1c4b6a-0970-40f0-bd85-5820bdb265eb','Cody');
insert into basketballgameevents(id,gameId,playType,period,teamFor,teamAgainst) values ('d825a39c-b537-4b41-9196-0b662f8fbf2e','4ca83856-4fba-4227-ad26-1bc9f3496646','point',3,'TeamC','TeamB');
insert into basketballpoints(eventId,player,result,point) values ('d825a39c-b537-4b41-9196-0b662f8fbf2e','Dapper','miss',1);
insert into basketballgameevents(id,gameId,playType,period,teamFor,teamAgainst) values ('b45f0162-2b0f-4ed9-8f1c-7c459d7937ee','4ca83856-4fba-4227-ad26-1bc9f3496646','foul',3,'TeamC','TeamB');
insert into basketballfouls(eventId,player,reason) values ('b45f0162-2b0f-4ed9-8f1c-7c459d7937ee','Dapper','Pushing');
insert into basketballgameevents(id,gameId,playType,period,teamFor,teamAgainst) values ('395c8dd3-3463-4bd8-92e7-d261432e9e51','4ca83856-4fba-4227-ad26-1bc9f3496646','block',3,'TeamB','TeamC');
insert into basketballblocks(eventId,player) values ('395c8dd3-3463-4bd8-92e7-d261432e9e51','Cody');
insert into basketballgameevents(id,gameId,playType,period,teamFor,teamAgainst) values ('e377afea-1d48-47fd-b125-6aaf7e1bb8ea','4ca83856-4fba-4227-ad26-1bc9f3496646','foul',3,'TeamB','TeamC');
insert into basketballfouls(eventId,player,reason) values ('e377afea-1d48-47fd-b125-6aaf7e1bb8ea','Caleb','Holding');
insert into basketballgameevents(id,gameId,playType,period,teamFor,teamAgainst) values ('84713229-c5a5-4462-ac76-74fa32131b0c','4ca83856-4fba-4227-ad26-1bc9f3496646','rebound',3,'TeamC','TeamB');
insert into basketballrebounds(eventId,player) values ('84713229-c5a5-4462-ac76-74fa32131b0c','Denver');
insert into basketballgameevents(id,gameId,playType,period,teamFor,teamAgainst) values ('8d7df91a-fb22-4951-bd06-e39afd1b6059','4ca83856-4fba-4227-ad26-1bc9f3496646','steal',3,'TeamC','TeamB');
insert into basketballsteals(eventId,player) values ('8d7df91a-fb22-4951-bd06-e39afd1b6059','Denver');
insert into basketballgameevents(id,gameId,playType,period,teamFor,teamAgainst) values ('edc72281-0a9e-4016-b6a4-ef5f6847796a','4ca83856-4fba-4227-ad26-1bc9f3496646','rebound',4,'TeamB','TeamC');
insert into basketballrebounds(eventId,player) values ('edc72281-0a9e-4016-b6a4-ef5f6847796a','Camel');
insert into basketballgameevents(id,gameId,playType,period,teamFor,teamAgainst) values ('6d16eafa-5dfa-42ba-aa34-c3d1b9636077','4ca83856-4fba-4227-ad26-1bc9f3496646','point',4,'TeamC','TeamB');
insert into basketballpoints(eventId,player,assist,result,point) values ('6d16eafa-5dfa-42ba-aa34-c3d1b9636077', 'Dickson', 'Daniel', 'made', 3);
insert into basketballgameevents(id,gameId,playType,period,teamFor,teamAgainst) values ('7d4375f4-5c08-41f1-b569-072c999c9abe','4ca83856-4fba-4227-ad26-1bc9f3496646','block',4,'TeamC','TeamB');
insert into basketballblocks(eventId,player) values ('7d4375f4-5c08-41f1-b569-072c999c9abe','Denver');
insert into basketballgameevents(id,gameId,playType,period,teamFor,teamAgainst) values ('61f2b215-7660-44ef-9feb-ec2a1f9d5547','4ca83856-4fba-4227-ad26-1bc9f3496646','block',4,'TeamC','TeamB');
insert into basketballblocks(eventId,player) values ('61f2b215-7660-44ef-9feb-ec2a1f9d5547','Denver');
insert into basketballgameevents(id,gameId,playType,period,teamFor,teamAgainst) values ('b15b970a-bc58-47c4-bb53-dc167c75938b','4ca83856-4fba-4227-ad26-1bc9f3496646','turnover',4,'TeamC','TeamB');
insert into basketballturnovers(eventId,player) values ('b15b970a-bc58-47c4-bb53-dc167c75938b','Denver');
insert into basketballgameevents(id,gameId,playType,period,teamFor,teamAgainst) values ('d14eda16-0daf-4262-809d-9d022b66b745','4ca83856-4fba-4227-ad26-1bc9f3496646','steal',4,'TeamB','TeamC');
insert into basketballsteals(eventId,player) values ('d14eda16-0daf-4262-809d-9d022b66b745','Cauchy');
insert into basketballgameevents(id,gameId,playType,period,teamFor,teamAgainst) values ('b0537a2f-6dcc-4bc2-9d47-8e498642db4b','4ca83856-4fba-4227-ad26-1bc9f3496646','steal',4,'TeamC','TeamB');
insert into basketballsteals(eventId,player) values ('b0537a2f-6dcc-4bc2-9d47-8e498642db4b','Daniel');
insert into basketballgameevents(id,gameId,playType,period,teamFor,teamAgainst) values ('6beb7b8e-a391-43cf-a0a0-5a68707d802b','4ca83856-4fba-4227-ad26-1bc9f3496646','point',4,'TeamB','TeamC');
insert into basketballpoints(eventId,player,result,point) values ('6beb7b8e-a391-43cf-a0a0-5a68707d802b','Cameron','miss',2);
insert into basketballgameevents(id,gameId,playType,period,teamFor,teamAgainst) values ('2a2502fd-e5ed-4e38-bacf-0f40d37077b2','4ca83856-4fba-4227-ad26-1bc9f3496646','point',4,'TeamC','TeamB');
insert into basketballpoints(eventId,player,result,point) values ('2a2502fd-e5ed-4e38-bacf-0f40d37077b2','Dickson','made',1);
insert into basketballgameevents(id,gameId,playType,period,teamFor,teamAgainst) values ('70f5fb91-37c6-4ec5-a6e7-72e7ba96c3ba','4ca83856-4fba-4227-ad26-1bc9f3496646','rebound',4,'TeamC','TeamB');
insert into basketballrebounds(eventId,player) values ('70f5fb91-37c6-4ec5-a6e7-72e7ba96c3ba','Daniel');
insert into basketballgameevents(id,gameId,playType,period,teamFor,teamAgainst) values ('41865d7d-27a5-4b9b-b217-461e71c41776','4ca83856-4fba-4227-ad26-1bc9f3496646','steal',4,'TeamB','TeamC');
insert into basketballsteals(eventId,player) values ('41865d7d-27a5-4b9b-b217-461e71c41776','Cody');
insert into basketballgameevents(id,gameId,playType,period,teamFor,teamAgainst) values ('d137dc95-071f-4f82-875c-e191c6f17811','4ca83856-4fba-4227-ad26-1bc9f3496646','block',4,'TeamB','TeamC');
insert into basketballblocks(eventId,player) values ('d137dc95-071f-4f82-875c-e191c6f17811','Cameron');
insert into basketballgameevents(id,gameId,playType,period,teamFor,teamAgainst) values ('fcad0e26-542b-48a4-ad90-c429c93b7b25','4ca83856-4fba-4227-ad26-1bc9f3496646','block',4,'TeamC','TeamB');
insert into basketballblocks(eventId,player) values ('fcad0e26-542b-48a4-ad90-c429c93b7b25','Doppler');
insert into basketballgameevents(id,gameId,playType,period,teamFor,teamAgainst) values ('15420c90-67f0-4471-9d19-286c4667e98b','4ca83856-4fba-4227-ad26-1bc9f3496646','turnover',4,'TeamC','TeamB');
insert into basketballturnovers(eventId,player) values ('15420c90-67f0-4471-9d19-286c4667e98b','Dickson');
insert into basketballgameevents(id,gameId,playType,period,teamFor,teamAgainst) values ('086eac2f-33cc-4d66-8c10-a4ed1921deb8','4ca83856-4fba-4227-ad26-1bc9f3496646','rebound',4,'TeamC','TeamB');
insert into basketballrebounds(eventId,player) values ('086eac2f-33cc-4d66-8c10-a4ed1921deb8','Dickson');
insert into basketballgameevents(id,gameId,playType,period,teamFor,teamAgainst) values ('d2cc4388-8930-4d03-a7ac-f4cf2baa2b2a','4ca83856-4fba-4227-ad26-1bc9f3496646','block',4,'TeamB','TeamC');
insert into basketballblocks(eventId,player) values ('d2cc4388-8930-4d03-a7ac-f4cf2baa2b2a','Cauchy');
insert into basketballgameevents(id,gameId,playType,period,teamFor,teamAgainst) values ('2265a795-6be2-4727-9016-6b8dfab7cce8','4ca83856-4fba-4227-ad26-1bc9f3496646','point',4,'TeamB','TeamC');
insert into basketballpoints(eventId,player,result,point) values ('2265a795-6be2-4727-9016-6b8dfab7cce8','Cauchy','miss',2);
insert into basketballgameevents(id,gameId,playType,period,teamFor,teamAgainst) values ('80228150-b0de-468d-93ae-72ab002435da','4ca83856-4fba-4227-ad26-1bc9f3496646','steal',4,'TeamC','TeamB');
insert into basketballsteals(eventId,player) values ('80228150-b0de-468d-93ae-72ab002435da','Daniel');
insert into basketballgameevents(id,gameId,playType,period,teamFor,teamAgainst) values ('b93918c1-2c0e-449b-9dfa-d89b7c2c571f','4ca83856-4fba-4227-ad26-1bc9f3496646','foul',4,'TeamB','TeamC');
insert into basketballfouls(eventId,player,reason) values ('b93918c1-2c0e-449b-9dfa-d89b7c2c571f','Cody','Holding');
insert into basketballgameevents(id,gameId,playType,period,teamFor,teamAgainst) values ('4abf0d93-c0fb-4094-a54c-dbe1d717ec95','4ca83856-4fba-4227-ad26-1bc9f3496646','foul',4,'TeamB','TeamC');
insert into basketballfouls(eventId,player,reason) values ('4abf0d93-c0fb-4094-a54c-dbe1d717ec95','Cameron','Pushing');
insert into basketballgameevents(id,gameId,playType,period,teamFor,teamAgainst) values ('f363881b-3fb3-4ef8-a9a8-55b4203d2591','4ca83856-4fba-4227-ad26-1bc9f3496646','steal',4,'TeamC','TeamB');
insert into basketballsteals(eventId,player) values ('f363881b-3fb3-4ef8-a9a8-55b4203d2591','Dickson');
insert into basketballgameevents(id,gameId,playType,period,teamFor,teamAgainst) values ('48679faf-e591-4433-828b-dbdad9a70934','4ca83856-4fba-4227-ad26-1bc9f3496646','point',4,'TeamC','TeamB');
insert into basketballpoints(eventId,player,result,point) values ('48679faf-e591-4433-828b-dbdad9a70934','Denver','miss',2);
insert into basketballgameevents(id,gameId,playType,period,teamFor,teamAgainst) values ('8c833cc8-e273-488f-82e0-149a2638a280','4ca83856-4fba-4227-ad26-1bc9f3496646','turnover',4,'TeamB','TeamC');
insert into basketballturnovers(eventId,player) values ('8c833cc8-e273-488f-82e0-149a2638a280','Camel');
insert into basketballgameevents(id,gameId,playType,period,teamFor,teamAgainst) values ('04a8491d-9695-4f62-bed8-3053c7014efa','4ca83856-4fba-4227-ad26-1bc9f3496646','rebound',4,'TeamC','TeamB');
insert into basketballrebounds(eventId,player) values ('04a8491d-9695-4f62-bed8-3053c7014efa','Denver');
insert into basketballgameevents(id,gameId,playType,period,teamFor,teamAgainst) values ('9d34692d-93a8-44bd-84af-ca87e9ae3358','4ca83856-4fba-4227-ad26-1bc9f3496646','steal',4,'TeamB','TeamC');
insert into basketballsteals(eventId,player) values ('9d34692d-93a8-44bd-84af-ca87e9ae3358','Cauchy');
insert into basketballgameevents(id,gameId,playType,period,teamFor,teamAgainst) values ('7ed27d64-ed98-49a1-a5b2-f978f67d24ca','4ca83856-4fba-4227-ad26-1bc9f3496646','block',4,'TeamB','TeamC');
insert into basketballblocks(eventId,player) values ('7ed27d64-ed98-49a1-a5b2-f978f67d24ca','Cody');
insert into basketballgameevents(id,gameId,playType,period,teamFor,teamAgainst) values ('b613fabd-d10e-4f19-a41e-da0f31e11bdf','4ca83856-4fba-4227-ad26-1bc9f3496646','rebound',4,'TeamB','TeamC');
insert into basketballrebounds(eventId,player) values ('b613fabd-d10e-4f19-a41e-da0f31e11bdf','Cameron');
insert into basketballgameevents(id,gameId,playType,period,teamFor,teamAgainst) values ('ca2b3aae-e275-4c6a-8155-5101cdd1256c','4ca83856-4fba-4227-ad26-1bc9f3496646','block',4,'TeamC','TeamB');
insert into basketballblocks(eventId,player) values ('ca2b3aae-e275-4c6a-8155-5101cdd1256c','Denver');
insert into basketballgameevents(id,gameId,playType,period,teamFor,teamAgainst) values ('8ee77d70-b115-41ff-a731-43f77e710cb8','4ca83856-4fba-4227-ad26-1bc9f3496646','foul',4,'TeamB','TeamC');
insert into basketballfouls(eventId,player,reason) values ('8ee77d70-b115-41ff-a731-43f77e710cb8','Cauchy','Holding');
insert into basketballgameevents(id,gameId,playType,period,teamFor,teamAgainst) values ('4a1d72f8-94ca-4d1a-b9bf-f04dcb38efbe','4ca83856-4fba-4227-ad26-1bc9f3496646','steal',4,'TeamB','TeamC');
insert into basketballsteals(eventId,player) values ('4a1d72f8-94ca-4d1a-b9bf-f04dcb38efbe','Camel');
insert into basketballgameevents(id,gameId,playType,period,teamFor,teamAgainst) values ('78962781-4e9c-40a6-9883-4df4c8a52117','4ca83856-4fba-4227-ad26-1bc9f3496646','point',4,'TeamC','TeamB');
insert into basketballpoints(eventId,player,result,point) values ('78962781-4e9c-40a6-9883-4df4c8a52117','Dapper','miss',3);
insert into basketballgameevents(id,gameId,playType,period,teamFor,teamAgainst) values ('21fa8d76-58dc-4a8c-9533-e71d6aadf3ef','4ca83856-4fba-4227-ad26-1bc9f3496646','point',4,'TeamC','TeamB');
insert into basketballpoints(eventId,player,result,point) values ('21fa8d76-58dc-4a8c-9533-e71d6aadf3ef','Dickson','miss',2);
insert into basketballgameevents(id,gameId,playType,period,teamFor,teamAgainst) values ('00f2cbc3-468a-4078-ab59-4b7a4c659686','4ca83856-4fba-4227-ad26-1bc9f3496646','rebound',4,'TeamC','TeamB');
insert into basketballrebounds(eventId,player) values ('00f2cbc3-468a-4078-ab59-4b7a4c659686','Daniel');
insert into basketballgameevents(id,gameId,playType,period,teamFor,teamAgainst) values ('5ca2f6cc-c099-408b-adcf-be9093b7204a','4ca83856-4fba-4227-ad26-1bc9f3496646','rebound',4,'TeamB','TeamC');
insert into basketballrebounds(eventId,player) values ('5ca2f6cc-c099-408b-adcf-be9093b7204a','Cody');
insert into basketballgameevents(id,gameId,playType,period,teamFor,teamAgainst) values ('fd035a2c-cd3f-4784-952e-289b116a849d','4ca83856-4fba-4227-ad26-1bc9f3496646','turnover',4,'TeamB','TeamC');
insert into basketballturnovers(eventId,player) values ('fd035a2c-cd3f-4784-952e-289b116a849d','Caleb');
insert into basketballgameevents(id,gameId,playType,period,teamFor,teamAgainst) values ('af48f633-3783-48aa-a7d3-298136b7a934','4ca83856-4fba-4227-ad26-1bc9f3496646','turnover',4,'TeamC','TeamB');
insert into basketballturnovers(eventId,player) values ('af48f633-3783-48aa-a7d3-298136b7a934','Doppler');
insert into basketballgameevents(id,gameId,playType,period,teamFor,teamAgainst) values ('e6733ccf-6305-4618-9338-8ab1060a1f64','4ca83856-4fba-4227-ad26-1bc9f3496646','block',4,'TeamC','TeamB');
insert into basketballblocks(eventId,player) values ('e6733ccf-6305-4618-9338-8ab1060a1f64','Doppler');
insert into basketballgameevents(id,gameId,playType,period,teamFor,teamAgainst) values ('51bb83d1-2cd3-4354-acb0-8a6f1e350460','4ca83856-4fba-4227-ad26-1bc9f3496646','block',4,'TeamC','TeamB');
insert into basketballblocks(eventId,player) values ('51bb83d1-2cd3-4354-acb0-8a6f1e350460','Dickson');
insert into basketballgameevents(id,gameId,playType,period,teamFor,teamAgainst) values ('145630d3-c948-4f1f-8b8b-70339d0ee125','4ca83856-4fba-4227-ad26-1bc9f3496646','steal',4,'TeamC','TeamB');
insert into basketballsteals(eventId,player) values ('145630d3-c948-4f1f-8b8b-70339d0ee125','Doppler');
insert into basketballgameevents(id,gameId,playType,period,teamFor,teamAgainst) values ('c6f9ebaa-6a96-4045-b2b2-82f5f12728d5','4ca83856-4fba-4227-ad26-1bc9f3496646','block',4,'TeamB','TeamC');
insert into basketballblocks(eventId,player) values ('c6f9ebaa-6a96-4045-b2b2-82f5f12728d5','Cauchy');
insert into basketballgameevents(id,gameId,playType,period,teamFor,teamAgainst) values ('1e9b3093-a199-4963-af8a-9815da3740ef','4ca83856-4fba-4227-ad26-1bc9f3496646','point',4,'TeamC','TeamB');
insert into basketballpoints(eventId,player,result,point) values ('1e9b3093-a199-4963-af8a-9815da3740ef','Doppler','made',3);
insert into basketballgameevents(id,gameId,playType,period,teamFor,teamAgainst) values ('ff13ca43-4018-4f7a-a0d8-644e4adff29b','4ca83856-4fba-4227-ad26-1bc9f3496646','steal',4,'TeamB','TeamC');
insert into basketballsteals(eventId,player) values ('ff13ca43-4018-4f7a-a0d8-644e4adff29b','Camel');
insert into basketballgameevents(id,gameId,playType,period,teamFor,teamAgainst) values ('af358279-adcc-4f52-9ddb-b6e17e0fe463','4ca83856-4fba-4227-ad26-1bc9f3496646','block',4,'TeamB','TeamC');
insert into basketballblocks(eventId,player) values ('af358279-adcc-4f52-9ddb-b6e17e0fe463','Caleb');
insert into basketballgameevents(id,gameId,playType,period,teamFor,teamAgainst) values ('c33a5fd5-3654-4a47-a2c3-74b51f726fc8','4ca83856-4fba-4227-ad26-1bc9f3496646','point',4,'TeamC','TeamB');
insert into basketballpoints(eventId,player,assist,result,point) values ('c33a5fd5-3654-4a47-a2c3-74b51f726fc8', 'Dapper', 'Daniel', 'made', 3);
insert into basketballgameevents(id,gameId,playType,period,teamFor,teamAgainst) values ('04070927-2249-4127-9cb4-84cf112e369c','4ca83856-4fba-4227-ad26-1bc9f3496646','point',4,'TeamC','TeamB');
insert into basketballpoints(eventId,player,result,point) values ('04070927-2249-4127-9cb4-84cf112e369c','Dapper','made',3);
insert into basketballgameevents(id,gameId,playType,period,teamFor,teamAgainst) values ('d3a242b4-333e-4317-8e81-27d0557a4a95','4ca83856-4fba-4227-ad26-1bc9f3496646','rebound',4,'TeamB','TeamC');
insert into basketballrebounds(eventId,player) values ('d3a242b4-333e-4317-8e81-27d0557a4a95','Cauchy');
insert into basketballgameevents(id,gameId,playType,period,teamFor,teamAgainst) values ('0e787b1a-5fec-47e8-9abd-5b6d171540dc','4ca83856-4fba-4227-ad26-1bc9f3496646','rebound',4,'TeamC','TeamB');
insert into basketballrebounds(eventId,player) values ('0e787b1a-5fec-47e8-9abd-5b6d171540dc','Denver');
insert into basketballgameevents(id,gameId,playType,period,teamFor,teamAgainst) values ('583e1c9f-33cc-4471-932d-7f2cf031a299','4ca83856-4fba-4227-ad26-1bc9f3496646','foul',4,'TeamC','TeamB');
insert into basketballfouls(eventId,player,reason) values ('583e1c9f-33cc-4471-932d-7f2cf031a299','Dickson','Holding');
insert into basketballgameevents(id,gameId,playType,period,teamFor,teamAgainst) values ('f1c03cd2-75b2-4252-ae17-59b4fda6c926','4ca83856-4fba-4227-ad26-1bc9f3496646','foul',4,'TeamB','TeamC');
insert into basketballfouls(eventId,player,reason) values ('f1c03cd2-75b2-4252-ae17-59b4fda6c926','Cameron','Pushing');
insert into basketballgameevents(id,gameId,playType,period,teamFor,teamAgainst) values ('4f861849-6ff8-4b8b-881f-bb685a8def34','4ca83856-4fba-4227-ad26-1bc9f3496646','block',4,'TeamC','TeamB');
insert into basketballblocks(eventId,player) values ('4f861849-6ff8-4b8b-881f-bb685a8def34','Dickson');
insert into basketballgameevents(id,gameId,playType,period,teamFor,teamAgainst) values ('3ba1b907-5fbf-479d-809a-4787afb16adc','4ca83856-4fba-4227-ad26-1bc9f3496646','foul',4,'TeamB','TeamC');
insert into basketballfouls(eventId,player,reason) values ('3ba1b907-5fbf-479d-809a-4787afb16adc','Camel','Pushing');
insert into basketballgameevents(id,gameId,playType,period,teamFor,teamAgainst) values ('4a12a4c9-d643-44de-8535-6e0d7d68407f','4ca83856-4fba-4227-ad26-1bc9f3496646','steal',4,'TeamC','TeamB');
insert into basketballsteals(eventId,player) values ('4a12a4c9-d643-44de-8535-6e0d7d68407f','Doppler');
insert into basketballgameevents(id,gameId,playType,period,teamFor,teamAgainst) values ('2374388d-2bac-477a-8e55-d86effc6cfc1','4ca83856-4fba-4227-ad26-1bc9f3496646','foul',4,'TeamC','TeamB');
insert into basketballfouls(eventId,player,reason) values ('2374388d-2bac-477a-8e55-d86effc6cfc1','Dapper','Pushing');
insert into basketballgameevents(id,gameId,playType,period,teamFor,teamAgainst) values ('f497fd61-05f5-46b7-9286-1b23617f033a','4ca83856-4fba-4227-ad26-1bc9f3496646','turnover',4,'TeamB','TeamC');
insert into basketballturnovers(eventId,player) values ('f497fd61-05f5-46b7-9286-1b23617f033a','Cameron');
insert into basketballgameevents(id,gameId,playType,period,teamFor,teamAgainst) values ('ab6b8814-6047-459a-8a0d-01c17411051a','4ca83856-4fba-4227-ad26-1bc9f3496646','block',4,'TeamC','TeamB');
insert into basketballblocks(eventId,player) values ('ab6b8814-6047-459a-8a0d-01c17411051a','Daniel');
insert into basketballgameevents(id,gameId,playType,period,teamFor,teamAgainst) values ('5d177850-25c1-4751-abfe-013b7553751f','4ca83856-4fba-4227-ad26-1bc9f3496646','block',4,'TeamB','TeamC');
insert into basketballblocks(eventId,player) values ('5d177850-25c1-4751-abfe-013b7553751f','Cauchy');
insert into basketballgameevents(id,gameId,playType,period,teamFor,teamAgainst) values ('236b8477-f77e-40f5-8b66-d657425d529b','4ca83856-4fba-4227-ad26-1bc9f3496646','point',4,'TeamC','TeamB');
insert into basketballpoints(eventId,player,assist,result,point) values ('236b8477-f77e-40f5-8b66-d657425d529b', 'Doppler', 'Dickson', 'made', 1);
insert into basketballgameevents(id,gameId,playType,period,teamFor,teamAgainst) values ('e74f6fe2-b0eb-4a90-86a1-537cac801540','4ca83856-4fba-4227-ad26-1bc9f3496646','point',4,'TeamB','TeamC');
insert into basketballpoints(eventId,player,result,point) values ('e74f6fe2-b0eb-4a90-86a1-537cac801540','Cody','made',2);
insert into basketballgameevents(id,gameId,playType,period,teamFor,teamAgainst) values ('5cb06349-8fc9-4395-ab18-1aef60a31fd6','4ca83856-4fba-4227-ad26-1bc9f3496646','point',4,'TeamB','TeamC');
insert into basketballpoints(eventId,player,result,point) values ('5cb06349-8fc9-4395-ab18-1aef60a31fd6','Camel','miss',1);
insert into basketballgameevents(id,gameId,playType,period,teamFor,teamAgainst) values ('195632eb-7aaf-47ea-93b2-5d14699925cc','4ca83856-4fba-4227-ad26-1bc9f3496646','block',4,'TeamB','TeamC');
insert into basketballblocks(eventId,player) values ('195632eb-7aaf-47ea-93b2-5d14699925cc','Cameron');
insert into basketballgameevents(id,gameId,playType,period,teamFor,teamAgainst) values ('91fffe90-090b-4dca-832f-722c2dcd241f','4ca83856-4fba-4227-ad26-1bc9f3496646','foul',4,'TeamB','TeamC');
insert into basketballfouls(eventId,player,reason) values ('91fffe90-090b-4dca-832f-722c2dcd241f','Cameron','Pushing');
insert into basketballgameevents(id,gameId,playType,period,teamFor,teamAgainst) values ('c71b1382-3d0e-4f0e-a1bb-79a5e5a1c25d','4ca83856-4fba-4227-ad26-1bc9f3496646','foul',4,'TeamC','TeamB');
insert into basketballfouls(eventId,player,reason) values ('c71b1382-3d0e-4f0e-a1bb-79a5e5a1c25d','Dapper','Holding');
insert into basketballgameevents(id,gameId,playType,period,teamFor,teamAgainst) values ('f3f6b313-7314-4d7a-a95b-65ee9a208f3a','4ca83856-4fba-4227-ad26-1bc9f3496646','foul',4,'TeamC','TeamB');
insert into basketballfouls(eventId,player,reason) values ('f3f6b313-7314-4d7a-a95b-65ee9a208f3a','Dickson','Holding');
insert into basketballgameevents(id,gameId,playType,period,teamFor,teamAgainst) values ('715c5dc6-5f5c-4f65-bb41-1964a3e32658','4ca83856-4fba-4227-ad26-1bc9f3496646','point',4,'TeamC','TeamB');
insert into basketballpoints(eventId,player,result,point) values ('715c5dc6-5f5c-4f65-bb41-1964a3e32658','Denver','made',3);
insert into basketballgameevents(id,gameId,playType,period,teamFor,teamAgainst) values ('e35389d6-5f08-4bcf-8083-a1142e86c1f6','4ca83856-4fba-4227-ad26-1bc9f3496646','turnover',4,'TeamB','TeamC');
insert into basketballturnovers(eventId,player) values ('e35389d6-5f08-4bcf-8083-a1142e86c1f6','Caleb');
insert into basketballgameevents(id,gameId,playType,period,teamFor,teamAgainst) values ('82f4fb1b-d35d-4bb3-b1fc-3ee5a3ee12f1','4ca83856-4fba-4227-ad26-1bc9f3496646','turnover',4,'TeamC','TeamB');
insert into basketballturnovers(eventId,player) values ('82f4fb1b-d35d-4bb3-b1fc-3ee5a3ee12f1','Doppler');
insert into basketballgameevents(id,gameId,playType,period,teamFor,teamAgainst) values ('9cd28f71-5ddd-4f73-a414-55070c0984d3','4ca83856-4fba-4227-ad26-1bc9f3496646','block',4,'TeamB','TeamC');
insert into basketballblocks(eventId,player) values ('9cd28f71-5ddd-4f73-a414-55070c0984d3','Cameron');
insert into basketballgameevents(id,gameId,playType,period,teamFor,teamAgainst) values ('6a0110dd-15aa-419d-83e3-a42d40fb4333','4ca83856-4fba-4227-ad26-1bc9f3496646','turnover',4,'TeamB','TeamC');
insert into basketballturnovers(eventId,player) values ('6a0110dd-15aa-419d-83e3-a42d40fb4333','Cauchy');
insert into basketballgameevents(id,gameId,playType,period,teamFor,teamAgainst) values ('745808e9-1f25-4004-ab83-f8fb0addc1bb','4ca83856-4fba-4227-ad26-1bc9f3496646','turnover',4,'TeamC','TeamB');
insert into basketballturnovers(eventId,player) values ('745808e9-1f25-4004-ab83-f8fb0addc1bb','Denver');
insert into basketballgameevents(id,gameId,playType,period,teamFor,teamAgainst) values ('a4b3c21f-4586-4457-ac88-d8b3ab927fac','4ca83856-4fba-4227-ad26-1bc9f3496646','turnover',4,'TeamB','TeamC');
insert into basketballturnovers(eventId,player) values ('a4b3c21f-4586-4457-ac88-d8b3ab927fac','Cauchy');
insert into basketballgameevents(id,gameId,playType,period,teamFor,teamAgainst) values ('b09c3cff-0b48-4899-975f-5a2405e05fbe','4ca83856-4fba-4227-ad26-1bc9f3496646','point',4,'TeamC','TeamB');
insert into basketballpoints(eventId,player,result,point) values ('b09c3cff-0b48-4899-975f-5a2405e05fbe','Denver','miss',1);
insert into basketballgameevents(id,gameId,playType,period,teamFor,teamAgainst) values ('169e2f1d-ffa0-4f40-b901-552d9ddaf5cb','4ca83856-4fba-4227-ad26-1bc9f3496646','foul',4,'TeamC','TeamB');
insert into basketballfouls(eventId,player,reason) values ('169e2f1d-ffa0-4f40-b901-552d9ddaf5cb','Dapper','Holding');
insert into basketballgameevents(id,gameId,playType,period,teamFor,teamAgainst) values ('c0b1e777-d223-45d3-b5b8-666a12e0a510','4ca83856-4fba-4227-ad26-1bc9f3496646','rebound',4,'TeamC','TeamB');
insert into basketballrebounds(eventId,player) values ('c0b1e777-d223-45d3-b5b8-666a12e0a510','Doppler');
insert into basketballgameevents(id,gameId,playType,period,teamFor,teamAgainst) values ('ce37fa0e-5170-46c4-abb3-038d33054fa2','4ca83856-4fba-4227-ad26-1bc9f3496646','foul',4,'TeamC','TeamB');
insert into basketballfouls(eventId,player,reason) values ('ce37fa0e-5170-46c4-abb3-038d33054fa2','Dapper','Pushing');
insert into basketballgameevents(id,gameId,playType,period,teamFor,teamAgainst) values ('32f445ca-3879-46e5-86c8-17294dbd5f56','4ca83856-4fba-4227-ad26-1bc9f3496646','rebound',4,'TeamC','TeamB');
insert into basketballrebounds(eventId,player) values ('32f445ca-3879-46e5-86c8-17294dbd5f56','Dapper');
insert into basketballgameevents(id,gameId,playType,period,teamFor,teamAgainst) values ('016c8e15-8e81-47d7-8f32-c3b908a113a0','4ca83856-4fba-4227-ad26-1bc9f3496646','point',4,'TeamC','TeamB');
insert into basketballpoints(eventId,player,result,point) values ('016c8e15-8e81-47d7-8f32-c3b908a113a0','Denver','made',3);
insert into basketballgameevents(id,gameId,playType,period,teamFor,teamAgainst) values ('ea42da16-eaa3-42f2-ab78-77ed20938c66','4ca83856-4fba-4227-ad26-1bc9f3496646','foul',4,'TeamB','TeamC');
insert into basketballfouls(eventId,player,reason) values ('ea42da16-eaa3-42f2-ab78-77ed20938c66','Cody','Pushing');
insert into basketballgameevents(id,gameId,playType,period,teamFor,teamAgainst) values ('c4c876d9-9555-4c20-80cf-e9f0ab4aee21','4ca83856-4fba-4227-ad26-1bc9f3496646','point',4,'TeamC','TeamB');
insert into basketballpoints(eventId,player,result,point) values ('c4c876d9-9555-4c20-80cf-e9f0ab4aee21','Dickson','made',1);
insert into basketballgameevents(id,gameId,playType,period,teamFor,teamAgainst) values ('dd2c394e-f497-438f-8144-5975c866ca28','4ca83856-4fba-4227-ad26-1bc9f3496646','point',4,'TeamB','TeamC');
insert into basketballpoints(eventId,player,result,point) values ('dd2c394e-f497-438f-8144-5975c866ca28','Cody','miss',3);
insert into basketballgameevents(id,gameId,playType,period,teamFor,teamAgainst) values ('91326321-d6f4-4158-a239-d33fd0e91c39','4ca83856-4fba-4227-ad26-1bc9f3496646','rebound',4,'TeamB','TeamC');
insert into basketballrebounds(eventId,player) values ('91326321-d6f4-4158-a239-d33fd0e91c39','Cauchy');
insert into basketballgameevents(id,gameId,playType,period,teamFor,teamAgainst) values ('de86391f-e067-4359-b16b-c04396888ce4','4ca83856-4fba-4227-ad26-1bc9f3496646','rebound',4,'TeamC','TeamB');
insert into basketballrebounds(eventId,player) values ('de86391f-e067-4359-b16b-c04396888ce4','Denver');
insert into basketballgameevents(id,gameId,playType,period,teamFor,teamAgainst) values ('e80cf09a-bfad-4f01-ac31-f5d632f9397b','4ca83856-4fba-4227-ad26-1bc9f3496646','point',4,'TeamC','TeamB');
insert into basketballpoints(eventId,player,result,point) values ('e80cf09a-bfad-4f01-ac31-f5d632f9397b','Denver','miss',1);
insert into basketballgameevents(id,gameId,playType,period,teamFor,teamAgainst) values ('d2260af6-4a9f-47c3-90e1-994b5504c1d8','4ca83856-4fba-4227-ad26-1bc9f3496646','point',4,'TeamC','TeamB');
insert into basketballpoints(eventId,player,assist,result,point) values ('d2260af6-4a9f-47c3-90e1-994b5504c1d8', 'Doppler', 'Dapper', 'made', 3);
insert into basketballgameevents(id,gameId,playType,period,teamFor,teamAgainst) values ('0f8ef311-f08d-4326-b760-6e93c29c23c5','4ca83856-4fba-4227-ad26-1bc9f3496646','steal',4,'TeamB','TeamC');
insert into basketballsteals(eventId,player) values ('0f8ef311-f08d-4326-b760-6e93c29c23c5','Cameron');
insert into basketballgameevents(id,gameId,playType,period,teamFor,teamAgainst) values ('08a4d6cb-c0f0-4578-96d9-34327a8fd6b4','4ca83856-4fba-4227-ad26-1bc9f3496646','block',4,'TeamB','TeamC');
insert into basketballblocks(eventId,player) values ('08a4d6cb-c0f0-4578-96d9-34327a8fd6b4','Cameron');
insert into basketballgameevents(id,gameId,playType,period,teamFor,teamAgainst) values ('8111c4d0-4cc2-43ec-93e4-68e30a523524','4ca83856-4fba-4227-ad26-1bc9f3496646','steal',4,'TeamC','TeamB');
insert into basketballsteals(eventId,player) values ('8111c4d0-4cc2-43ec-93e4-68e30a523524','Dickson');
insert into basketballgameevents(id,gameId,playType,period,teamFor,teamAgainst) values ('90bb8ba8-f6d9-4337-9a09-c4b4ad86b2b1','4ca83856-4fba-4227-ad26-1bc9f3496646','turnover',4,'TeamC','TeamB');
insert into basketballturnovers(eventId,player) values ('90bb8ba8-f6d9-4337-9a09-c4b4ad86b2b1','Doppler');
insert into basketballgameevents(id,gameId,playType,period,teamFor,teamAgainst) values ('991a01cc-8a3e-4afd-ab46-0d46b52d2556','4ca83856-4fba-4227-ad26-1bc9f3496646','turnover',4,'TeamB','TeamC');
insert into basketballturnovers(eventId,player) values ('991a01cc-8a3e-4afd-ab46-0d46b52d2556','Cauchy');
insert into basketballgameevents(id,gameId,playType,period,teamFor,teamAgainst) values ('b1159bb3-ba23-40b9-b9ff-a06ece07d115','4ca83856-4fba-4227-ad26-1bc9f3496646','turnover',4,'TeamB','TeamC');
insert into basketballturnovers(eventId,player) values ('b1159bb3-ba23-40b9-b9ff-a06ece07d115','Cameron');
insert into basketballgameevents(id,gameId,playType,period,teamFor,teamAgainst) values ('972cbcf5-ba54-4c24-b2ea-731d52ae8cab','4ca83856-4fba-4227-ad26-1bc9f3496646','steal',4,'TeamC','TeamB');
insert into basketballsteals(eventId,player) values ('972cbcf5-ba54-4c24-b2ea-731d52ae8cab','Daniel');
insert into basketballgameevents(id,gameId,playType,period,teamFor,teamAgainst) values ('83777357-ae97-4daf-9c33-0ee5f4898c57','4ca83856-4fba-4227-ad26-1bc9f3496646','rebound',4,'TeamC','TeamB');
insert into basketballrebounds(eventId,player) values ('83777357-ae97-4daf-9c33-0ee5f4898c57','Denver');
insert into basketballgameevents(id,gameId,playType,period,teamFor,teamAgainst) values ('b38f7a2f-05da-45b5-ba0f-71cea6424ea7','4ca83856-4fba-4227-ad26-1bc9f3496646','block',4,'TeamC','TeamB');
insert into basketballblocks(eventId,player) values ('b38f7a2f-05da-45b5-ba0f-71cea6424ea7','Denver');
insert into basketballgameevents(id,gameId,playType,period,teamFor,teamAgainst) values ('40f23ce5-743c-4ce1-9dca-d6996b0fe56f','4ca83856-4fba-4227-ad26-1bc9f3496646','rebound',4,'TeamC','TeamB');
insert into basketballrebounds(eventId,player) values ('40f23ce5-743c-4ce1-9dca-d6996b0fe56f','Dapper');
insert into basketballgameevents(id,gameId,playType,period,teamFor,teamAgainst) values ('239cf26e-21ec-4fdf-bc37-67f4b260af05','4ca83856-4fba-4227-ad26-1bc9f3496646','block',4,'TeamB','TeamC');
insert into basketballblocks(eventId,player) values ('239cf26e-21ec-4fdf-bc37-67f4b260af05','Cameron');
insert into basketballgameevents(id,gameId,playType,period,teamFor,teamAgainst) values ('592a6617-7c3b-4aee-a9c5-73e29bd5e847','4ca83856-4fba-4227-ad26-1bc9f3496646','steal',4,'TeamB','TeamC');
insert into basketballsteals(eventId,player) values ('592a6617-7c3b-4aee-a9c5-73e29bd5e847','Camel');
insert into basketballgameevents(id,gameId,playType,period,teamFor,teamAgainst) values ('6d18ff6f-5f2f-4bfe-b03f-b350fa22bae5','4ca83856-4fba-4227-ad26-1bc9f3496646','rebound',4,'TeamC','TeamB');
insert into basketballrebounds(eventId,player) values ('6d18ff6f-5f2f-4bfe-b03f-b350fa22bae5','Daniel');
insert into basketballgameevents(id,gameId,playType,period,teamFor,teamAgainst) values ('7cf92f63-0cd0-4258-850e-def953488381','4ca83856-4fba-4227-ad26-1bc9f3496646','rebound',4,'TeamB','TeamC');
insert into basketballrebounds(eventId,player) values ('7cf92f63-0cd0-4258-850e-def953488381','Cauchy');
insert into basketballgameevents(id,gameId,playType,period,teamFor,teamAgainst) values ('f14ff002-3782-4eed-a8ee-85d459de3895','4ca83856-4fba-4227-ad26-1bc9f3496646','turnover',4,'TeamC','TeamB');
insert into basketballturnovers(eventId,player) values ('f14ff002-3782-4eed-a8ee-85d459de3895','Doppler');
insert into basketballgameevents(id,gameId,playType,period,teamFor,teamAgainst) values ('6d5aa59d-ae08-4d70-93dd-4daf701a5a98','4ca83856-4fba-4227-ad26-1bc9f3496646','block',4,'TeamC','TeamB');
insert into basketballblocks(eventId,player) values ('6d5aa59d-ae08-4d70-93dd-4daf701a5a98','Dickson');
insert into basketballgameevents(id,gameId,playType,period,teamFor,teamAgainst) values ('23962a65-4b02-457b-bee2-952572524b11','4ca83856-4fba-4227-ad26-1bc9f3496646','steal',4,'TeamC','TeamB');
insert into basketballsteals(eventId,player) values ('23962a65-4b02-457b-bee2-952572524b11','Denver');
insert into basketballgames(id,leagueId,home,away,starttime) values ('e9fcb950-3afe-47c9-83cf-6b59c9d3d017','890efb7f-a729-4c81-9b67-4b1d605a99ba','TeamD','TeamA','2023-02-23T22:42:43+00:00');
insert into basketballgameevents(id,gameId,playType,period,teamFor,teamAgainst) values ('c2d094f8-4ebf-48f8-8146-02a2fedf792c','e9fcb950-3afe-47c9-83cf-6b59c9d3d017','steal',1,'TeamA','TeamD');
insert into basketballsteals(eventId,player) values ('c2d094f8-4ebf-48f8-8146-02a2fedf792c','Daniel');
insert into basketballgameevents(id,gameId,playType,period,teamFor,teamAgainst) values ('53fd0282-803a-4481-ab4a-af00e899b10e','e9fcb950-3afe-47c9-83cf-6b59c9d3d017','block',1,'TeamD','TeamA');
insert into basketballblocks(eventId,player) values ('53fd0282-803a-4481-ab4a-af00e899b10e','Cody');
insert into basketballgameevents(id,gameId,playType,period,teamFor,teamAgainst) values ('c6f1c1a0-e706-46a1-9079-3704a050e68c','e9fcb950-3afe-47c9-83cf-6b59c9d3d017','point',1,'TeamA','TeamD');
insert into basketballpoints(eventId,player,result,point) values ('c6f1c1a0-e706-46a1-9079-3704a050e68c','Dapper','miss',1);
insert into basketballgameevents(id,gameId,playType,period,teamFor,teamAgainst) values ('9508c7c0-2266-4802-9f49-24bca37fa72c','e9fcb950-3afe-47c9-83cf-6b59c9d3d017','steal',1,'TeamD','TeamA');
insert into basketballsteals(eventId,player) values ('9508c7c0-2266-4802-9f49-24bca37fa72c','Camel');
insert into basketballgameevents(id,gameId,playType,period,teamFor,teamAgainst) values ('830373af-fab0-4cff-8499-117a99f7696b','e9fcb950-3afe-47c9-83cf-6b59c9d3d017','rebound',1,'TeamA','TeamD');
insert into basketballrebounds(eventId,player) values ('830373af-fab0-4cff-8499-117a99f7696b','Dickson');
insert into basketballgameevents(id,gameId,playType,period,teamFor,teamAgainst) values ('b86a4e63-8731-4020-9037-55a5747f98e1','e9fcb950-3afe-47c9-83cf-6b59c9d3d017','foul',1,'TeamD','TeamA');
insert into basketballfouls(eventId,player,reason) values ('b86a4e63-8731-4020-9037-55a5747f98e1','Caleb','Holding');
insert into basketballgameevents(id,gameId,playType,period,teamFor,teamAgainst) values ('b40ea816-1fd9-446c-88bc-c80f3ab94544','e9fcb950-3afe-47c9-83cf-6b59c9d3d017','block',1,'TeamD','TeamA');
insert into basketballblocks(eventId,player) values ('b40ea816-1fd9-446c-88bc-c80f3ab94544','Cody');
insert into basketballgameevents(id,gameId,playType,period,teamFor,teamAgainst) values ('ee7971b5-75de-4696-bc64-b552813ced4d','e9fcb950-3afe-47c9-83cf-6b59c9d3d017','steal',1,'TeamA','TeamD');
insert into basketballsteals(eventId,player) values ('ee7971b5-75de-4696-bc64-b552813ced4d','Dapper');
insert into basketballgameevents(id,gameId,playType,period,teamFor,teamAgainst) values ('49d630cb-011b-4f2e-88be-649f8568f4e1','e9fcb950-3afe-47c9-83cf-6b59c9d3d017','point',1,'TeamA','TeamD');
insert into basketballpoints(eventId,player,assist,result,point) values ('49d630cb-011b-4f2e-88be-649f8568f4e1', 'Doppler', 'Dapper', 'made', 2);
insert into basketballgameevents(id,gameId,playType,period,teamFor,teamAgainst) values ('c5495462-7733-4669-a6b3-1fad43ffb3bb','e9fcb950-3afe-47c9-83cf-6b59c9d3d017','point',1,'TeamA','TeamD');
insert into basketballpoints(eventId,player,result,point) values ('c5495462-7733-4669-a6b3-1fad43ffb3bb','Denver','miss',2);
insert into basketballgameevents(id,gameId,playType,period,teamFor,teamAgainst) values ('63087b38-8785-4083-a645-943671b6590a','e9fcb950-3afe-47c9-83cf-6b59c9d3d017','steal',1,'TeamA','TeamD');
insert into basketballsteals(eventId,player) values ('63087b38-8785-4083-a645-943671b6590a','Denver');
insert into basketballgameevents(id,gameId,playType,period,teamFor,teamAgainst) values ('a04da303-6587-445b-bbb1-c0f2b5c10ebc','e9fcb950-3afe-47c9-83cf-6b59c9d3d017','foul',1,'TeamA','TeamD');
insert into basketballfouls(eventId,player,reason) values ('a04da303-6587-445b-bbb1-c0f2b5c10ebc','Dickson','Pushing');
insert into basketballgameevents(id,gameId,playType,period,teamFor,teamAgainst) values ('88d06532-930c-447e-ba84-916849d578d1','e9fcb950-3afe-47c9-83cf-6b59c9d3d017','block',1,'TeamA','TeamD');
insert into basketballblocks(eventId,player) values ('88d06532-930c-447e-ba84-916849d578d1','Daniel');
insert into basketballgameevents(id,gameId,playType,period,teamFor,teamAgainst) values ('56f2501a-b34c-4e6b-866b-b45c6c5d994c','e9fcb950-3afe-47c9-83cf-6b59c9d3d017','point',1,'TeamA','TeamD');
insert into basketballpoints(eventId,player,result,point) values ('56f2501a-b34c-4e6b-866b-b45c6c5d994c','Dapper','miss',1);
insert into basketballgameevents(id,gameId,playType,period,teamFor,teamAgainst) values ('53376892-9150-4e8d-a59a-a05008ca5979','e9fcb950-3afe-47c9-83cf-6b59c9d3d017','turnover',1,'TeamD','TeamA');
insert into basketballturnovers(eventId,player) values ('53376892-9150-4e8d-a59a-a05008ca5979','Cody');
insert into basketballgameevents(id,gameId,playType,period,teamFor,teamAgainst) values ('850b161b-da19-40fd-87ff-c26cae2975c6','e9fcb950-3afe-47c9-83cf-6b59c9d3d017','turnover',1,'TeamA','TeamD');
insert into basketballturnovers(eventId,player) values ('850b161b-da19-40fd-87ff-c26cae2975c6','Denver');
insert into basketballgameevents(id,gameId,playType,period,teamFor,teamAgainst) values ('39e4dfa4-7c04-447b-b0ee-323c70022d76','e9fcb950-3afe-47c9-83cf-6b59c9d3d017','rebound',1,'TeamA','TeamD');
insert into basketballrebounds(eventId,player) values ('39e4dfa4-7c04-447b-b0ee-323c70022d76','Doppler');
insert into basketballgameevents(id,gameId,playType,period,teamFor,teamAgainst) values ('221a1ff3-7b05-46d9-9546-467e5c5ccb98','e9fcb950-3afe-47c9-83cf-6b59c9d3d017','rebound',1,'TeamD','TeamA');
insert into basketballrebounds(eventId,player) values ('221a1ff3-7b05-46d9-9546-467e5c5ccb98','Cameron');
insert into basketballgameevents(id,gameId,playType,period,teamFor,teamAgainst) values ('bbc30af9-a0d3-4eba-bb60-e950d607040a','e9fcb950-3afe-47c9-83cf-6b59c9d3d017','rebound',1,'TeamD','TeamA');
insert into basketballrebounds(eventId,player) values ('bbc30af9-a0d3-4eba-bb60-e950d607040a','Caleb');
insert into basketballgameevents(id,gameId,playType,period,teamFor,teamAgainst) values ('aa3b9d57-3ad9-4b66-bd76-228689f41015','e9fcb950-3afe-47c9-83cf-6b59c9d3d017','turnover',1,'TeamA','TeamD');
insert into basketballturnovers(eventId,player) values ('aa3b9d57-3ad9-4b66-bd76-228689f41015','Dapper');
insert into basketballgameevents(id,gameId,playType,period,teamFor,teamAgainst) values ('731de284-6d5b-4ea6-b58f-b29478d7702d','e9fcb950-3afe-47c9-83cf-6b59c9d3d017','point',1,'TeamA','TeamD');
insert into basketballpoints(eventId,player,result,point) values ('731de284-6d5b-4ea6-b58f-b29478d7702d','Dickson','miss',1);
insert into basketballgameevents(id,gameId,playType,period,teamFor,teamAgainst) values ('3162fcc2-6e2c-4469-aed3-b0b7980b8402','e9fcb950-3afe-47c9-83cf-6b59c9d3d017','steal',1,'TeamA','TeamD');
insert into basketballsteals(eventId,player) values ('3162fcc2-6e2c-4469-aed3-b0b7980b8402','Denver');
insert into basketballgameevents(id,gameId,playType,period,teamFor,teamAgainst) values ('87160ad2-693c-4d44-bacd-e990761121d6','e9fcb950-3afe-47c9-83cf-6b59c9d3d017','block',1,'TeamD','TeamA');
insert into basketballblocks(eventId,player) values ('87160ad2-693c-4d44-bacd-e990761121d6','Caleb');
insert into basketballgameevents(id,gameId,playType,period,teamFor,teamAgainst) values ('fb64a6da-c708-42b7-b8ff-970491784381','e9fcb950-3afe-47c9-83cf-6b59c9d3d017','steal',1,'TeamD','TeamA');
insert into basketballsteals(eventId,player) values ('fb64a6da-c708-42b7-b8ff-970491784381','Cameron');
insert into basketballgameevents(id,gameId,playType,period,teamFor,teamAgainst) values ('fe89f0ae-d43d-4bda-bdc2-dfc50b1e3831','e9fcb950-3afe-47c9-83cf-6b59c9d3d017','steal',1,'TeamA','TeamD');
insert into basketballsteals(eventId,player) values ('fe89f0ae-d43d-4bda-bdc2-dfc50b1e3831','Denver');
insert into basketballgameevents(id,gameId,playType,period,teamFor,teamAgainst) values ('fe1d72ec-4a80-47db-950b-34f40c422941','e9fcb950-3afe-47c9-83cf-6b59c9d3d017','foul',1,'TeamD','TeamA');
insert into basketballfouls(eventId,player,reason) values ('fe1d72ec-4a80-47db-950b-34f40c422941','Camel','Pushing');
insert into basketballgameevents(id,gameId,playType,period,teamFor,teamAgainst) values ('073a40f5-d222-4e74-a9a1-d1454526f4b2','e9fcb950-3afe-47c9-83cf-6b59c9d3d017','point',1,'TeamD','TeamA');
insert into basketballpoints(eventId,player,result,point) values ('073a40f5-d222-4e74-a9a1-d1454526f4b2','Cameron','made',3);
insert into basketballgameevents(id,gameId,playType,period,teamFor,teamAgainst) values ('d855ea33-1c24-4ac5-84b1-e1a29516752f','e9fcb950-3afe-47c9-83cf-6b59c9d3d017','foul',1,'TeamA','TeamD');
insert into basketballfouls(eventId,player,reason) values ('d855ea33-1c24-4ac5-84b1-e1a29516752f','Dickson','Holding');
insert into basketballgameevents(id,gameId,playType,period,teamFor,teamAgainst) values ('455415cc-dc5f-4bb7-8b54-1dd3cc3a32ee','e9fcb950-3afe-47c9-83cf-6b59c9d3d017','turnover',1,'TeamD','TeamA');
insert into basketballturnovers(eventId,player) values ('455415cc-dc5f-4bb7-8b54-1dd3cc3a32ee','Camel');
insert into basketballgameevents(id,gameId,playType,period,teamFor,teamAgainst) values ('9eb4651d-0849-417a-bcdd-9f0b27347252','e9fcb950-3afe-47c9-83cf-6b59c9d3d017','rebound',1,'TeamD','TeamA');
insert into basketballrebounds(eventId,player) values ('9eb4651d-0849-417a-bcdd-9f0b27347252','Cauchy');
insert into basketballgameevents(id,gameId,playType,period,teamFor,teamAgainst) values ('84458f67-60e3-404c-9d17-afc7d5985ff8','e9fcb950-3afe-47c9-83cf-6b59c9d3d017','turnover',1,'TeamA','TeamD');
insert into basketballturnovers(eventId,player) values ('84458f67-60e3-404c-9d17-afc7d5985ff8','Daniel');
insert into basketballgameevents(id,gameId,playType,period,teamFor,teamAgainst) values ('3501943c-4666-482a-85dc-4a03f6768e28','e9fcb950-3afe-47c9-83cf-6b59c9d3d017','turnover',1,'TeamA','TeamD');
insert into basketballturnovers(eventId,player) values ('3501943c-4666-482a-85dc-4a03f6768e28','Denver');
insert into basketballgameevents(id,gameId,playType,period,teamFor,teamAgainst) values ('b4bafdb8-7f92-45ff-a0d3-2f750600088f','e9fcb950-3afe-47c9-83cf-6b59c9d3d017','foul',1,'TeamA','TeamD');
insert into basketballfouls(eventId,player,reason) values ('b4bafdb8-7f92-45ff-a0d3-2f750600088f','Daniel','Holding');
insert into basketballgameevents(id,gameId,playType,period,teamFor,teamAgainst) values ('689f38f4-d084-4dbf-a651-b6ac0d5293fd','e9fcb950-3afe-47c9-83cf-6b59c9d3d017','rebound',1,'TeamD','TeamA');
insert into basketballrebounds(eventId,player) values ('689f38f4-d084-4dbf-a651-b6ac0d5293fd','Cameron');
insert into basketballgameevents(id,gameId,playType,period,teamFor,teamAgainst) values ('e05b5dfb-e899-474f-8ae3-a50f7fd0712c','e9fcb950-3afe-47c9-83cf-6b59c9d3d017','block',1,'TeamA','TeamD');
insert into basketballblocks(eventId,player) values ('e05b5dfb-e899-474f-8ae3-a50f7fd0712c','Denver');
insert into basketballgameevents(id,gameId,playType,period,teamFor,teamAgainst) values ('1089ab24-fac4-40c0-871a-9dc5ce5429c4','e9fcb950-3afe-47c9-83cf-6b59c9d3d017','rebound',1,'TeamA','TeamD');
insert into basketballrebounds(eventId,player) values ('1089ab24-fac4-40c0-871a-9dc5ce5429c4','Doppler');
insert into basketballgameevents(id,gameId,playType,period,teamFor,teamAgainst) values ('432180be-6494-4f07-986b-457f49bad5cd','e9fcb950-3afe-47c9-83cf-6b59c9d3d017','rebound',1,'TeamA','TeamD');
insert into basketballrebounds(eventId,player) values ('432180be-6494-4f07-986b-457f49bad5cd','Denver');
insert into basketballgameevents(id,gameId,playType,period,teamFor,teamAgainst) values ('532348ab-2bf3-4124-bc01-caea3f3eb1df','e9fcb950-3afe-47c9-83cf-6b59c9d3d017','point',1,'TeamA','TeamD');
insert into basketballpoints(eventId,player,assist,result,point) values ('532348ab-2bf3-4124-bc01-caea3f3eb1df', 'Doppler', 'Denver', 'made', 3);
insert into basketballgameevents(id,gameId,playType,period,teamFor,teamAgainst) values ('9f32f11e-b393-4bcb-a954-c6820ad9f6cc','e9fcb950-3afe-47c9-83cf-6b59c9d3d017','rebound',1,'TeamA','TeamD');
insert into basketballrebounds(eventId,player) values ('9f32f11e-b393-4bcb-a954-c6820ad9f6cc','Doppler');
insert into basketballgameevents(id,gameId,playType,period,teamFor,teamAgainst) values ('3ed47641-2bff-4710-a8a0-6ef72a95df10','e9fcb950-3afe-47c9-83cf-6b59c9d3d017','turnover',1,'TeamD','TeamA');
insert into basketballturnovers(eventId,player) values ('3ed47641-2bff-4710-a8a0-6ef72a95df10','Cody');
insert into basketballgameevents(id,gameId,playType,period,teamFor,teamAgainst) values ('cec344cd-abd6-46db-874b-f06a5cac6800','e9fcb950-3afe-47c9-83cf-6b59c9d3d017','rebound',1,'TeamA','TeamD');
insert into basketballrebounds(eventId,player) values ('cec344cd-abd6-46db-874b-f06a5cac6800','Daniel');
insert into basketballgameevents(id,gameId,playType,period,teamFor,teamAgainst) values ('972edb56-1131-4765-9a86-b666cc70e1f4','e9fcb950-3afe-47c9-83cf-6b59c9d3d017','rebound',1,'TeamA','TeamD');
insert into basketballrebounds(eventId,player) values ('972edb56-1131-4765-9a86-b666cc70e1f4','Dickson');
insert into basketballgameevents(id,gameId,playType,period,teamFor,teamAgainst) values ('d6a1f1cf-fb12-4266-b9b4-d29dc52f48c0','e9fcb950-3afe-47c9-83cf-6b59c9d3d017','rebound',1,'TeamD','TeamA');
insert into basketballrebounds(eventId,player) values ('d6a1f1cf-fb12-4266-b9b4-d29dc52f48c0','Camel');
insert into basketballgameevents(id,gameId,playType,period,teamFor,teamAgainst) values ('daf4f96e-21c3-456c-bd24-a606fd102dc5','e9fcb950-3afe-47c9-83cf-6b59c9d3d017','steal',1,'TeamA','TeamD');
insert into basketballsteals(eventId,player) values ('daf4f96e-21c3-456c-bd24-a606fd102dc5','Dickson');
insert into basketballgameevents(id,gameId,playType,period,teamFor,teamAgainst) values ('dfcc59e4-fdf1-4247-83dd-fd96f837e5e4','e9fcb950-3afe-47c9-83cf-6b59c9d3d017','rebound',1,'TeamD','TeamA');
insert into basketballrebounds(eventId,player) values ('dfcc59e4-fdf1-4247-83dd-fd96f837e5e4','Cameron');
insert into basketballgameevents(id,gameId,playType,period,teamFor,teamAgainst) values ('e0aa3fdc-ef19-48e1-badd-bcc6eac8a6e1','e9fcb950-3afe-47c9-83cf-6b59c9d3d017','steal',1,'TeamA','TeamD');
insert into basketballsteals(eventId,player) values ('e0aa3fdc-ef19-48e1-badd-bcc6eac8a6e1','Doppler');
insert into basketballgameevents(id,gameId,playType,period,teamFor,teamAgainst) values ('e3612092-d31c-4532-8866-9e0cad5c4ae0','e9fcb950-3afe-47c9-83cf-6b59c9d3d017','turnover',1,'TeamD','TeamA');
insert into basketballturnovers(eventId,player) values ('e3612092-d31c-4532-8866-9e0cad5c4ae0','Camel');
insert into basketballgameevents(id,gameId,playType,period,teamFor,teamAgainst) values ('b4b16d5a-0bbd-4aa0-af42-ed58c1c83aed','e9fcb950-3afe-47c9-83cf-6b59c9d3d017','steal',1,'TeamD','TeamA');
insert into basketballsteals(eventId,player) values ('b4b16d5a-0bbd-4aa0-af42-ed58c1c83aed','Caleb');
insert into basketballgameevents(id,gameId,playType,period,teamFor,teamAgainst) values ('69e1c21c-1b39-492e-8090-154a9550c652','e9fcb950-3afe-47c9-83cf-6b59c9d3d017','turnover',1,'TeamA','TeamD');
insert into basketballturnovers(eventId,player) values ('69e1c21c-1b39-492e-8090-154a9550c652','Dapper');
insert into basketballgameevents(id,gameId,playType,period,teamFor,teamAgainst) values ('1eb39a6f-ade7-45b0-8a54-b447df544ba3','e9fcb950-3afe-47c9-83cf-6b59c9d3d017','steal',1,'TeamA','TeamD');
insert into basketballsteals(eventId,player) values ('1eb39a6f-ade7-45b0-8a54-b447df544ba3','Dapper');
insert into basketballgameevents(id,gameId,playType,period,teamFor,teamAgainst) values ('094c8078-2393-4b6f-bffe-a16e5d54de80','e9fcb950-3afe-47c9-83cf-6b59c9d3d017','turnover',1,'TeamD','TeamA');
insert into basketballturnovers(eventId,player) values ('094c8078-2393-4b6f-bffe-a16e5d54de80','Camel');
insert into basketballgameevents(id,gameId,playType,period,teamFor,teamAgainst) values ('db7fcfcd-70c9-4eef-8fb4-737cb7e4e385','e9fcb950-3afe-47c9-83cf-6b59c9d3d017','point',1,'TeamD','TeamA');
insert into basketballpoints(eventId,player,assist,result,point) values ('db7fcfcd-70c9-4eef-8fb4-737cb7e4e385', 'Camel', 'Cody', 'made', 2);
insert into basketballgameevents(id,gameId,playType,period,teamFor,teamAgainst) values ('ce847d7f-27e7-44f6-a119-24936dad54fe','e9fcb950-3afe-47c9-83cf-6b59c9d3d017','turnover',1,'TeamA','TeamD');
insert into basketballturnovers(eventId,player) values ('ce847d7f-27e7-44f6-a119-24936dad54fe','Daniel');
insert into basketballgameevents(id,gameId,playType,period,teamFor,teamAgainst) values ('2dcca694-6efc-4e9f-bb4f-ed66f974b4b0','e9fcb950-3afe-47c9-83cf-6b59c9d3d017','foul',1,'TeamA','TeamD');
insert into basketballfouls(eventId,player,reason) values ('2dcca694-6efc-4e9f-bb4f-ed66f974b4b0','Doppler','Holding');
insert into basketballgameevents(id,gameId,playType,period,teamFor,teamAgainst) values ('ae1a43a6-9c11-481f-b9d0-b4b244d04503','e9fcb950-3afe-47c9-83cf-6b59c9d3d017','foul',1,'TeamD','TeamA');
insert into basketballfouls(eventId,player,reason) values ('ae1a43a6-9c11-481f-b9d0-b4b244d04503','Cody','Holding');
insert into basketballgameevents(id,gameId,playType,period,teamFor,teamAgainst) values ('32d419d9-2898-44af-a4e2-a698072a3426','e9fcb950-3afe-47c9-83cf-6b59c9d3d017','foul',1,'TeamA','TeamD');
insert into basketballfouls(eventId,player,reason) values ('32d419d9-2898-44af-a4e2-a698072a3426','Dickson','Pushing');
insert into basketballgameevents(id,gameId,playType,period,teamFor,teamAgainst) values ('df8d43b4-0f75-43a1-b6d7-97de2247cefd','e9fcb950-3afe-47c9-83cf-6b59c9d3d017','point',1,'TeamD','TeamA');
insert into basketballpoints(eventId,player,result,point) values ('df8d43b4-0f75-43a1-b6d7-97de2247cefd','Camel','made',2);
insert into basketballgameevents(id,gameId,playType,period,teamFor,teamAgainst) values ('0d65c962-43fa-4427-b3d7-c5af8c6bf749','e9fcb950-3afe-47c9-83cf-6b59c9d3d017','foul',1,'TeamA','TeamD');
insert into basketballfouls(eventId,player,reason) values ('0d65c962-43fa-4427-b3d7-c5af8c6bf749','Dapper','Holding');
insert into basketballgameevents(id,gameId,playType,period,teamFor,teamAgainst) values ('0ad0d88e-47f6-414f-890f-6d4e458860a3','e9fcb950-3afe-47c9-83cf-6b59c9d3d017','point',1,'TeamA','TeamD');
insert into basketballpoints(eventId,player,assist,result,point) values ('0ad0d88e-47f6-414f-890f-6d4e458860a3', 'Daniel', 'Denver', 'made', 2);
insert into basketballgameevents(id,gameId,playType,period,teamFor,teamAgainst) values ('74d5c37d-a654-4c34-bc6a-1fb5f3f866a5','e9fcb950-3afe-47c9-83cf-6b59c9d3d017','point',1,'TeamD','TeamA');
insert into basketballpoints(eventId,player,result,point) values ('74d5c37d-a654-4c34-bc6a-1fb5f3f866a5','Cody','made',1);
insert into basketballgameevents(id,gameId,playType,period,teamFor,teamAgainst) values ('a371be00-2bdb-4b4d-a11a-21764ca909a7','e9fcb950-3afe-47c9-83cf-6b59c9d3d017','foul',1,'TeamA','TeamD');
insert into basketballfouls(eventId,player,reason) values ('a371be00-2bdb-4b4d-a11a-21764ca909a7','Denver','Pushing');
insert into basketballgameevents(id,gameId,playType,period,teamFor,teamAgainst) values ('b5418424-4bea-4607-999d-2970d161eacb','e9fcb950-3afe-47c9-83cf-6b59c9d3d017','steal',1,'TeamD','TeamA');
insert into basketballsteals(eventId,player) values ('b5418424-4bea-4607-999d-2970d161eacb','Cameron');
insert into basketballgameevents(id,gameId,playType,period,teamFor,teamAgainst) values ('b6a80950-9d29-45bc-9612-b90bae009cf6','e9fcb950-3afe-47c9-83cf-6b59c9d3d017','steal',1,'TeamD','TeamA');
insert into basketballsteals(eventId,player) values ('b6a80950-9d29-45bc-9612-b90bae009cf6','Cody');
insert into basketballgameevents(id,gameId,playType,period,teamFor,teamAgainst) values ('adcec964-8dd2-4247-9ebe-f4f3ceafa890','e9fcb950-3afe-47c9-83cf-6b59c9d3d017','block',1,'TeamA','TeamD');
insert into basketballblocks(eventId,player) values ('adcec964-8dd2-4247-9ebe-f4f3ceafa890','Dapper');
insert into basketballgameevents(id,gameId,playType,period,teamFor,teamAgainst) values ('99849ff5-3e77-497b-9660-fe3f61dbe6ac','e9fcb950-3afe-47c9-83cf-6b59c9d3d017','rebound',1,'TeamA','TeamD');
insert into basketballrebounds(eventId,player) values ('99849ff5-3e77-497b-9660-fe3f61dbe6ac','Denver');
insert into basketballgameevents(id,gameId,playType,period,teamFor,teamAgainst) values ('92e28808-c133-4c39-8ef4-c562597208b1','e9fcb950-3afe-47c9-83cf-6b59c9d3d017','rebound',1,'TeamD','TeamA');
insert into basketballrebounds(eventId,player) values ('92e28808-c133-4c39-8ef4-c562597208b1','Cameron');
insert into basketballgameevents(id,gameId,playType,period,teamFor,teamAgainst) values ('96ce0a0a-9f75-4b7a-b5d8-3af376a66b7e','e9fcb950-3afe-47c9-83cf-6b59c9d3d017','block',1,'TeamA','TeamD');
insert into basketballblocks(eventId,player) values ('96ce0a0a-9f75-4b7a-b5d8-3af376a66b7e','Denver');
insert into basketballgameevents(id,gameId,playType,period,teamFor,teamAgainst) values ('53b012d7-9fb1-40ed-bad6-58fd3acd3c36','e9fcb950-3afe-47c9-83cf-6b59c9d3d017','rebound',1,'TeamA','TeamD');
insert into basketballrebounds(eventId,player) values ('53b012d7-9fb1-40ed-bad6-58fd3acd3c36','Doppler');
insert into basketballgameevents(id,gameId,playType,period,teamFor,teamAgainst) values ('fefcb2d7-599f-46e0-809d-f5931ed95cd3','e9fcb950-3afe-47c9-83cf-6b59c9d3d017','steal',1,'TeamD','TeamA');
insert into basketballsteals(eventId,player) values ('fefcb2d7-599f-46e0-809d-f5931ed95cd3','Camel');
insert into basketballgameevents(id,gameId,playType,period,teamFor,teamAgainst) values ('cf407615-06ca-42e3-a9b0-342761b8a1b6','e9fcb950-3afe-47c9-83cf-6b59c9d3d017','turnover',1,'TeamD','TeamA');
insert into basketballturnovers(eventId,player) values ('cf407615-06ca-42e3-a9b0-342761b8a1b6','Cameron');
insert into basketballgameevents(id,gameId,playType,period,teamFor,teamAgainst) values ('2dedb6a9-fe88-48cb-bb32-fa1a62e24d8d','e9fcb950-3afe-47c9-83cf-6b59c9d3d017','point',1,'TeamD','TeamA');
insert into basketballpoints(eventId,player,result,point) values ('2dedb6a9-fe88-48cb-bb32-fa1a62e24d8d','Cameron','miss',1);
insert into basketballgameevents(id,gameId,playType,period,teamFor,teamAgainst) values ('f484016d-166d-4397-9e5b-ee278f4cb4d1','e9fcb950-3afe-47c9-83cf-6b59c9d3d017','block',1,'TeamA','TeamD');
insert into basketballblocks(eventId,player) values ('f484016d-166d-4397-9e5b-ee278f4cb4d1','Dapper');
insert into basketballgameevents(id,gameId,playType,period,teamFor,teamAgainst) values ('d14f7332-9d46-4820-ab0e-df7060d32c5d','e9fcb950-3afe-47c9-83cf-6b59c9d3d017','turnover',1,'TeamD','TeamA');
insert into basketballturnovers(eventId,player) values ('d14f7332-9d46-4820-ab0e-df7060d32c5d','Cody');
insert into basketballgameevents(id,gameId,playType,period,teamFor,teamAgainst) values ('e5a33181-3d71-415d-a6b4-594b4c96202b','e9fcb950-3afe-47c9-83cf-6b59c9d3d017','rebound',1,'TeamA','TeamD');
insert into basketballrebounds(eventId,player) values ('e5a33181-3d71-415d-a6b4-594b4c96202b','Daniel');
insert into basketballgameevents(id,gameId,playType,period,teamFor,teamAgainst) values ('f293d3b7-4f63-49f3-a77c-f952c79a5749','e9fcb950-3afe-47c9-83cf-6b59c9d3d017','block',1,'TeamA','TeamD');
insert into basketballblocks(eventId,player) values ('f293d3b7-4f63-49f3-a77c-f952c79a5749','Dapper');
insert into basketballgameevents(id,gameId,playType,period,teamFor,teamAgainst) values ('ad805b48-2bcd-4deb-a6c7-8ef41bb0c4c3','e9fcb950-3afe-47c9-83cf-6b59c9d3d017','steal',1,'TeamD','TeamA');
insert into basketballsteals(eventId,player) values ('ad805b48-2bcd-4deb-a6c7-8ef41bb0c4c3','Camel');
insert into basketballgameevents(id,gameId,playType,period,teamFor,teamAgainst) values ('161b881b-e54e-4ba6-a902-bc9ef4e07f7f','e9fcb950-3afe-47c9-83cf-6b59c9d3d017','turnover',1,'TeamA','TeamD');
insert into basketballturnovers(eventId,player) values ('161b881b-e54e-4ba6-a902-bc9ef4e07f7f','Doppler');
insert into basketballgameevents(id,gameId,playType,period,teamFor,teamAgainst) values ('4264ea44-1e69-46c2-aed5-2078629982c4','e9fcb950-3afe-47c9-83cf-6b59c9d3d017','rebound',1,'TeamA','TeamD');
insert into basketballrebounds(eventId,player) values ('4264ea44-1e69-46c2-aed5-2078629982c4','Dapper');
insert into basketballgameevents(id,gameId,playType,period,teamFor,teamAgainst) values ('4411be1e-d003-41df-8155-b2d7f6c76e0b','e9fcb950-3afe-47c9-83cf-6b59c9d3d017','rebound',1,'TeamA','TeamD');
insert into basketballrebounds(eventId,player) values ('4411be1e-d003-41df-8155-b2d7f6c76e0b','Denver');
insert into basketballgameevents(id,gameId,playType,period,teamFor,teamAgainst) values ('a3cf7538-71d9-4717-bd31-d64b4453b8e2','e9fcb950-3afe-47c9-83cf-6b59c9d3d017','block',1,'TeamA','TeamD');
insert into basketballblocks(eventId,player) values ('a3cf7538-71d9-4717-bd31-d64b4453b8e2','Dickson');
insert into basketballgameevents(id,gameId,playType,period,teamFor,teamAgainst) values ('a77b8511-d165-4f4c-9b37-853c701fa11e','e9fcb950-3afe-47c9-83cf-6b59c9d3d017','turnover',1,'TeamD','TeamA');
insert into basketballturnovers(eventId,player) values ('a77b8511-d165-4f4c-9b37-853c701fa11e','Camel');
insert into basketballgameevents(id,gameId,playType,period,teamFor,teamAgainst) values ('2c6c0ad9-15c8-49c8-af45-f02c79f6f979','e9fcb950-3afe-47c9-83cf-6b59c9d3d017','foul',1,'TeamA','TeamD');
insert into basketballfouls(eventId,player,reason) values ('2c6c0ad9-15c8-49c8-af45-f02c79f6f979','Dickson','Pushing');
insert into basketballgameevents(id,gameId,playType,period,teamFor,teamAgainst) values ('ba0d1571-6cbc-4c0f-90cf-7c9b6c29ee24','e9fcb950-3afe-47c9-83cf-6b59c9d3d017','turnover',1,'TeamD','TeamA');
insert into basketballturnovers(eventId,player) values ('ba0d1571-6cbc-4c0f-90cf-7c9b6c29ee24','Cauchy');
insert into basketballgameevents(id,gameId,playType,period,teamFor,teamAgainst) values ('eb315248-0785-4829-85da-298823cdb5cd','e9fcb950-3afe-47c9-83cf-6b59c9d3d017','foul',1,'TeamD','TeamA');
insert into basketballfouls(eventId,player,reason) values ('eb315248-0785-4829-85da-298823cdb5cd','Camel','Pushing');
insert into basketballgameevents(id,gameId,playType,period,teamFor,teamAgainst) values ('b68f6412-1caf-4b33-a36e-b26e694dfbf8','e9fcb950-3afe-47c9-83cf-6b59c9d3d017','point',1,'TeamD','TeamA');
insert into basketballpoints(eventId,player,result,point) values ('b68f6412-1caf-4b33-a36e-b26e694dfbf8','Camel','miss',3);
insert into basketballgameevents(id,gameId,playType,period,teamFor,teamAgainst) values ('e6cb9ddf-e851-4deb-81fa-d05f1122f9dd','e9fcb950-3afe-47c9-83cf-6b59c9d3d017','point',1,'TeamD','TeamA');
insert into basketballpoints(eventId,player,result,point) values ('e6cb9ddf-e851-4deb-81fa-d05f1122f9dd','Camel','miss',1);
insert into basketballgameevents(id,gameId,playType,period,teamFor,teamAgainst) values ('366852b6-5881-413e-8a5c-ab5c6ef51f14','e9fcb950-3afe-47c9-83cf-6b59c9d3d017','steal',1,'TeamD','TeamA');
insert into basketballsteals(eventId,player) values ('366852b6-5881-413e-8a5c-ab5c6ef51f14','Cody');
insert into basketballgameevents(id,gameId,playType,period,teamFor,teamAgainst) values ('818f864d-84dc-40e1-b671-9688d2e938c3','e9fcb950-3afe-47c9-83cf-6b59c9d3d017','point',1,'TeamD','TeamA');
insert into basketballpoints(eventId,player,result,point) values ('818f864d-84dc-40e1-b671-9688d2e938c3','Cameron','made',2);
insert into basketballgameevents(id,gameId,playType,period,teamFor,teamAgainst) values ('057d8aeb-1b7b-40c5-9d7c-fc582ffd1c1a','e9fcb950-3afe-47c9-83cf-6b59c9d3d017','foul',1,'TeamD','TeamA');
insert into basketballfouls(eventId,player,reason) values ('057d8aeb-1b7b-40c5-9d7c-fc582ffd1c1a','Cauchy','Pushing');
insert into basketballgameevents(id,gameId,playType,period,teamFor,teamAgainst) values ('2e1c5c8e-79b7-433e-b73e-25d026610002','e9fcb950-3afe-47c9-83cf-6b59c9d3d017','rebound',1,'TeamD','TeamA');
insert into basketballrebounds(eventId,player) values ('2e1c5c8e-79b7-433e-b73e-25d026610002','Cody');
insert into basketballgameevents(id,gameId,playType,period,teamFor,teamAgainst) values ('4502e8f5-c211-4270-abcd-9899bb8a8442','e9fcb950-3afe-47c9-83cf-6b59c9d3d017','foul',1,'TeamA','TeamD');
insert into basketballfouls(eventId,player,reason) values ('4502e8f5-c211-4270-abcd-9899bb8a8442','Daniel','Pushing');
insert into basketballgameevents(id,gameId,playType,period,teamFor,teamAgainst) values ('f78f27f2-5413-46b8-b896-7677e270c355','e9fcb950-3afe-47c9-83cf-6b59c9d3d017','block',1,'TeamD','TeamA');
insert into basketballblocks(eventId,player) values ('f78f27f2-5413-46b8-b896-7677e270c355','Cody');
insert into basketballgameevents(id,gameId,playType,period,teamFor,teamAgainst) values ('47a1d1cf-cf63-4f6a-bd2a-9fb6771cb131','e9fcb950-3afe-47c9-83cf-6b59c9d3d017','foul',1,'TeamD','TeamA');
insert into basketballfouls(eventId,player,reason) values ('47a1d1cf-cf63-4f6a-bd2a-9fb6771cb131','Caleb','Holding');
insert into basketballgameevents(id,gameId,playType,period,teamFor,teamAgainst) values ('7feaf532-92d9-4105-a235-806ae1e55d69','e9fcb950-3afe-47c9-83cf-6b59c9d3d017','turnover',1,'TeamD','TeamA');
insert into basketballturnovers(eventId,player) values ('7feaf532-92d9-4105-a235-806ae1e55d69','Cauchy');
insert into basketballgameevents(id,gameId,playType,period,teamFor,teamAgainst) values ('882a80e7-7ef7-4028-8b6a-63483d84fc18','e9fcb950-3afe-47c9-83cf-6b59c9d3d017','block',1,'TeamD','TeamA');
insert into basketballblocks(eventId,player) values ('882a80e7-7ef7-4028-8b6a-63483d84fc18','Cody');
insert into basketballgameevents(id,gameId,playType,period,teamFor,teamAgainst) values ('d9524c3e-1bbf-4e6a-8a7b-23d91040ed0e','e9fcb950-3afe-47c9-83cf-6b59c9d3d017','foul',1,'TeamA','TeamD');
insert into basketballfouls(eventId,player,reason) values ('d9524c3e-1bbf-4e6a-8a7b-23d91040ed0e','Denver','Pushing');
insert into basketballgameevents(id,gameId,playType,period,teamFor,teamAgainst) values ('5cbbc0d1-8a65-4f16-9c6f-9ea3232b1422','e9fcb950-3afe-47c9-83cf-6b59c9d3d017','turnover',1,'TeamA','TeamD');
insert into basketballturnovers(eventId,player) values ('5cbbc0d1-8a65-4f16-9c6f-9ea3232b1422','Doppler');
insert into basketballgameevents(id,gameId,playType,period,teamFor,teamAgainst) values ('bd35583e-33ee-4fc2-b68a-16ae651ca8a3','e9fcb950-3afe-47c9-83cf-6b59c9d3d017','turnover',1,'TeamD','TeamA');
insert into basketballturnovers(eventId,player) values ('bd35583e-33ee-4fc2-b68a-16ae651ca8a3','Caleb');
insert into basketballgameevents(id,gameId,playType,period,teamFor,teamAgainst) values ('edf95700-3f98-4dc8-bbbe-f9452c623f37','e9fcb950-3afe-47c9-83cf-6b59c9d3d017','foul',1,'TeamA','TeamD');
insert into basketballfouls(eventId,player,reason) values ('edf95700-3f98-4dc8-bbbe-f9452c623f37','Dapper','Holding');
insert into basketballgameevents(id,gameId,playType,period,teamFor,teamAgainst) values ('5e528861-3ca5-4071-9f59-f35b697c857e','e9fcb950-3afe-47c9-83cf-6b59c9d3d017','foul',1,'TeamA','TeamD');
insert into basketballfouls(eventId,player,reason) values ('5e528861-3ca5-4071-9f59-f35b697c857e','Dapper','Pushing');
insert into basketballgameevents(id,gameId,playType,period,teamFor,teamAgainst) values ('18ea7236-ddf0-4a8c-b9ad-3596b9122714','e9fcb950-3afe-47c9-83cf-6b59c9d3d017','foul',2,'TeamA','TeamD');
insert into basketballfouls(eventId,player,reason) values ('18ea7236-ddf0-4a8c-b9ad-3596b9122714','Dickson','Pushing');
insert into basketballgameevents(id,gameId,playType,period,teamFor,teamAgainst) values ('5062e4ef-9eed-42fb-a5c5-3527eaf9dd8a','e9fcb950-3afe-47c9-83cf-6b59c9d3d017','block',2,'TeamD','TeamA');
insert into basketballblocks(eventId,player) values ('5062e4ef-9eed-42fb-a5c5-3527eaf9dd8a','Camel');
insert into basketballgameevents(id,gameId,playType,period,teamFor,teamAgainst) values ('a7139c79-7e2f-4f64-a775-e4a5253c6c08','e9fcb950-3afe-47c9-83cf-6b59c9d3d017','foul',2,'TeamD','TeamA');
insert into basketballfouls(eventId,player,reason) values ('a7139c79-7e2f-4f64-a775-e4a5253c6c08','Camel','Pushing');
insert into basketballgameevents(id,gameId,playType,period,teamFor,teamAgainst) values ('3229fb20-f7ef-4d7d-a4e2-e817f56a00aa','e9fcb950-3afe-47c9-83cf-6b59c9d3d017','rebound',2,'TeamD','TeamA');
insert into basketballrebounds(eventId,player) values ('3229fb20-f7ef-4d7d-a4e2-e817f56a00aa','Cauchy');
insert into basketballgameevents(id,gameId,playType,period,teamFor,teamAgainst) values ('b6c6d097-b6fb-44d5-bdd6-77a8ed2e62e2','e9fcb950-3afe-47c9-83cf-6b59c9d3d017','turnover',2,'TeamD','TeamA');
insert into basketballturnovers(eventId,player) values ('b6c6d097-b6fb-44d5-bdd6-77a8ed2e62e2','Cauchy');
insert into basketballgameevents(id,gameId,playType,period,teamFor,teamAgainst) values ('8f00b4ee-6b3b-4432-af46-e63aaf7b4258','e9fcb950-3afe-47c9-83cf-6b59c9d3d017','block',2,'TeamD','TeamA');
insert into basketballblocks(eventId,player) values ('8f00b4ee-6b3b-4432-af46-e63aaf7b4258','Cody');
insert into basketballgameevents(id,gameId,playType,period,teamFor,teamAgainst) values ('b38ed155-231f-4f2f-a115-172e89f69b8c','e9fcb950-3afe-47c9-83cf-6b59c9d3d017','steal',2,'TeamA','TeamD');
insert into basketballsteals(eventId,player) values ('b38ed155-231f-4f2f-a115-172e89f69b8c','Daniel');
insert into basketballgameevents(id,gameId,playType,period,teamFor,teamAgainst) values ('1a66b087-f4e7-4320-8072-5503e4894da5','e9fcb950-3afe-47c9-83cf-6b59c9d3d017','rebound',2,'TeamD','TeamA');
insert into basketballrebounds(eventId,player) values ('1a66b087-f4e7-4320-8072-5503e4894da5','Camel');
insert into basketballgameevents(id,gameId,playType,period,teamFor,teamAgainst) values ('0db84c25-0343-47df-b326-f1eae991caea','e9fcb950-3afe-47c9-83cf-6b59c9d3d017','turnover',2,'TeamA','TeamD');
insert into basketballturnovers(eventId,player) values ('0db84c25-0343-47df-b326-f1eae991caea','Denver');
insert into basketballgameevents(id,gameId,playType,period,teamFor,teamAgainst) values ('ed3b2ebe-a38d-4a8c-8172-019ebabe2c98','e9fcb950-3afe-47c9-83cf-6b59c9d3d017','turnover',2,'TeamA','TeamD');
insert into basketballturnovers(eventId,player) values ('ed3b2ebe-a38d-4a8c-8172-019ebabe2c98','Dickson');
insert into basketballgameevents(id,gameId,playType,period,teamFor,teamAgainst) values ('672f0b8b-2cb5-4fe1-a64d-4d4f27ab01b3','e9fcb950-3afe-47c9-83cf-6b59c9d3d017','rebound',2,'TeamD','TeamA');
insert into basketballrebounds(eventId,player) values ('672f0b8b-2cb5-4fe1-a64d-4d4f27ab01b3','Camel');
insert into basketballgameevents(id,gameId,playType,period,teamFor,teamAgainst) values ('d7f9a1f7-1a38-44c3-b944-a0ce4a0e7612','e9fcb950-3afe-47c9-83cf-6b59c9d3d017','steal',2,'TeamD','TeamA');
insert into basketballsteals(eventId,player) values ('d7f9a1f7-1a38-44c3-b944-a0ce4a0e7612','Caleb');
insert into basketballgameevents(id,gameId,playType,period,teamFor,teamAgainst) values ('06e971b9-0329-4f28-84c9-0b482cfe679f','e9fcb950-3afe-47c9-83cf-6b59c9d3d017','turnover',2,'TeamD','TeamA');
insert into basketballturnovers(eventId,player) values ('06e971b9-0329-4f28-84c9-0b482cfe679f','Camel');
insert into basketballgameevents(id,gameId,playType,period,teamFor,teamAgainst) values ('3b67ab52-fd16-416b-a53d-1c4e6cade4af','e9fcb950-3afe-47c9-83cf-6b59c9d3d017','steal',2,'TeamD','TeamA');
insert into basketballsteals(eventId,player) values ('3b67ab52-fd16-416b-a53d-1c4e6cade4af','Cauchy');
insert into basketballgameevents(id,gameId,playType,period,teamFor,teamAgainst) values ('1aa09c40-616f-45be-b873-cbd30bf5795d','e9fcb950-3afe-47c9-83cf-6b59c9d3d017','turnover',2,'TeamA','TeamD');
insert into basketballturnovers(eventId,player) values ('1aa09c40-616f-45be-b873-cbd30bf5795d','Doppler');
insert into basketballgameevents(id,gameId,playType,period,teamFor,teamAgainst) values ('f873eaf5-bf49-4efc-a228-ee8faed52be7','e9fcb950-3afe-47c9-83cf-6b59c9d3d017','foul',2,'TeamD','TeamA');
insert into basketballfouls(eventId,player,reason) values ('f873eaf5-bf49-4efc-a228-ee8faed52be7','Caleb','Holding');
insert into basketballgameevents(id,gameId,playType,period,teamFor,teamAgainst) values ('40d837e2-d091-4a77-af3b-e75d1d8bf253','e9fcb950-3afe-47c9-83cf-6b59c9d3d017','point',2,'TeamA','TeamD');
insert into basketballpoints(eventId,player,result,point) values ('40d837e2-d091-4a77-af3b-e75d1d8bf253','Daniel','miss',2);
insert into basketballgameevents(id,gameId,playType,period,teamFor,teamAgainst) values ('e119d47f-3327-430d-9d0b-df0363c7d767','e9fcb950-3afe-47c9-83cf-6b59c9d3d017','block',2,'TeamD','TeamA');
insert into basketballblocks(eventId,player) values ('e119d47f-3327-430d-9d0b-df0363c7d767','Caleb');
insert into basketballgameevents(id,gameId,playType,period,teamFor,teamAgainst) values ('1e93a752-a666-4641-85b7-689b19ab2eca','e9fcb950-3afe-47c9-83cf-6b59c9d3d017','foul',2,'TeamA','TeamD');
insert into basketballfouls(eventId,player,reason) values ('1e93a752-a666-4641-85b7-689b19ab2eca','Daniel','Holding');
insert into basketballgameevents(id,gameId,playType,period,teamFor,teamAgainst) values ('da9b0ee5-3530-4228-877d-ee991c9ae3de','e9fcb950-3afe-47c9-83cf-6b59c9d3d017','turnover',2,'TeamD','TeamA');
insert into basketballturnovers(eventId,player) values ('da9b0ee5-3530-4228-877d-ee991c9ae3de','Cauchy');
insert into basketballgameevents(id,gameId,playType,period,teamFor,teamAgainst) values ('fdafc063-a2bc-499d-8bfd-251b19bb1849','e9fcb950-3afe-47c9-83cf-6b59c9d3d017','block',2,'TeamD','TeamA');
insert into basketballblocks(eventId,player) values ('fdafc063-a2bc-499d-8bfd-251b19bb1849','Cauchy');
insert into basketballgameevents(id,gameId,playType,period,teamFor,teamAgainst) values ('8e299043-a45d-4328-a62a-781f3ef74e21','e9fcb950-3afe-47c9-83cf-6b59c9d3d017','foul',2,'TeamD','TeamA');
insert into basketballfouls(eventId,player,reason) values ('8e299043-a45d-4328-a62a-781f3ef74e21','Camel','Pushing');
insert into basketballgameevents(id,gameId,playType,period,teamFor,teamAgainst) values ('8497f0e1-011a-43e0-a515-201bd3d4c097','e9fcb950-3afe-47c9-83cf-6b59c9d3d017','steal',2,'TeamA','TeamD');
insert into basketballsteals(eventId,player) values ('8497f0e1-011a-43e0-a515-201bd3d4c097','Doppler');
insert into basketballgameevents(id,gameId,playType,period,teamFor,teamAgainst) values ('ce93d7ea-f433-463c-a737-2c806548fc76','e9fcb950-3afe-47c9-83cf-6b59c9d3d017','point',2,'TeamA','TeamD');
insert into basketballpoints(eventId,player,result,point) values ('ce93d7ea-f433-463c-a737-2c806548fc76','Dapper','miss',1);
insert into basketballgameevents(id,gameId,playType,period,teamFor,teamAgainst) values ('9175a2e8-62cc-4a43-a9f2-c8f7908d8287','e9fcb950-3afe-47c9-83cf-6b59c9d3d017','block',2,'TeamD','TeamA');
insert into basketballblocks(eventId,player) values ('9175a2e8-62cc-4a43-a9f2-c8f7908d8287','Camel');
insert into basketballgameevents(id,gameId,playType,period,teamFor,teamAgainst) values ('47342f2a-50ad-445f-85bd-4a360107ad87','e9fcb950-3afe-47c9-83cf-6b59c9d3d017','steal',2,'TeamD','TeamA');
insert into basketballsteals(eventId,player) values ('47342f2a-50ad-445f-85bd-4a360107ad87','Camel');
insert into basketballgameevents(id,gameId,playType,period,teamFor,teamAgainst) values ('664793e6-a5c0-4563-9545-3f24d490a929','e9fcb950-3afe-47c9-83cf-6b59c9d3d017','rebound',2,'TeamD','TeamA');
insert into basketballrebounds(eventId,player) values ('664793e6-a5c0-4563-9545-3f24d490a929','Cody');
insert into basketballgameevents(id,gameId,playType,period,teamFor,teamAgainst) values ('40dbe8d7-2f94-4d75-b302-6f5bd57b9bab','e9fcb950-3afe-47c9-83cf-6b59c9d3d017','block',2,'TeamD','TeamA');
insert into basketballblocks(eventId,player) values ('40dbe8d7-2f94-4d75-b302-6f5bd57b9bab','Cameron');
insert into basketballgameevents(id,gameId,playType,period,teamFor,teamAgainst) values ('b1e56584-5a57-4888-aac3-6cf6dc4262be','e9fcb950-3afe-47c9-83cf-6b59c9d3d017','point',2,'TeamA','TeamD');
insert into basketballpoints(eventId,player,result,point) values ('b1e56584-5a57-4888-aac3-6cf6dc4262be','Dapper','miss',2);
insert into basketballgameevents(id,gameId,playType,period,teamFor,teamAgainst) values ('44c44687-4af2-4997-aafc-eb2f20ce61ed','e9fcb950-3afe-47c9-83cf-6b59c9d3d017','block',2,'TeamD','TeamA');
insert into basketballblocks(eventId,player) values ('44c44687-4af2-4997-aafc-eb2f20ce61ed','Cameron');
insert into basketballgameevents(id,gameId,playType,period,teamFor,teamAgainst) values ('64bcb2ed-15aa-4b11-9268-ecd8e9c65ce7','e9fcb950-3afe-47c9-83cf-6b59c9d3d017','turnover',2,'TeamD','TeamA');
insert into basketballturnovers(eventId,player) values ('64bcb2ed-15aa-4b11-9268-ecd8e9c65ce7','Camel');
insert into basketballgameevents(id,gameId,playType,period,teamFor,teamAgainst) values ('e8f8b440-ec60-41d7-8994-03428eb96690','e9fcb950-3afe-47c9-83cf-6b59c9d3d017','point',2,'TeamD','TeamA');
insert into basketballpoints(eventId,player,result,point) values ('e8f8b440-ec60-41d7-8994-03428eb96690','Cameron','miss',2);
insert into basketballgameevents(id,gameId,playType,period,teamFor,teamAgainst) values ('c0ec4cee-87cd-49a6-893f-4b8da8508e54','e9fcb950-3afe-47c9-83cf-6b59c9d3d017','point',2,'TeamD','TeamA');
insert into basketballpoints(eventId,player,result,point) values ('c0ec4cee-87cd-49a6-893f-4b8da8508e54','Cameron','miss',1);
insert into basketballgameevents(id,gameId,playType,period,teamFor,teamAgainst) values ('b091c755-1aef-4c94-a08b-3ce468fc1984','e9fcb950-3afe-47c9-83cf-6b59c9d3d017','point',2,'TeamA','TeamD');
insert into basketballpoints(eventId,player,result,point) values ('b091c755-1aef-4c94-a08b-3ce468fc1984','Denver','miss',3);
insert into basketballgameevents(id,gameId,playType,period,teamFor,teamAgainst) values ('71869812-8030-4f35-bf9a-0ac6689d14be','e9fcb950-3afe-47c9-83cf-6b59c9d3d017','point',2,'TeamA','TeamD');
insert into basketballpoints(eventId,player,result,point) values ('71869812-8030-4f35-bf9a-0ac6689d14be','Dickson','made',3);
insert into basketballgameevents(id,gameId,playType,period,teamFor,teamAgainst) values ('709166af-5ebc-433b-a0c4-d1e0157a86f1','e9fcb950-3afe-47c9-83cf-6b59c9d3d017','steal',2,'TeamD','TeamA');
insert into basketballsteals(eventId,player) values ('709166af-5ebc-433b-a0c4-d1e0157a86f1','Camel');
insert into basketballgameevents(id,gameId,playType,period,teamFor,teamAgainst) values ('e728ad7e-e57e-4d18-b3b9-2efd47f63f50','e9fcb950-3afe-47c9-83cf-6b59c9d3d017','point',2,'TeamA','TeamD');
insert into basketballpoints(eventId,player,result,point) values ('e728ad7e-e57e-4d18-b3b9-2efd47f63f50','Dapper','made',3);
insert into basketballgameevents(id,gameId,playType,period,teamFor,teamAgainst) values ('bf485d84-6449-40bf-92fb-5ea9f8c7899d','e9fcb950-3afe-47c9-83cf-6b59c9d3d017','block',2,'TeamA','TeamD');
insert into basketballblocks(eventId,player) values ('bf485d84-6449-40bf-92fb-5ea9f8c7899d','Doppler');
insert into basketballgameevents(id,gameId,playType,period,teamFor,teamAgainst) values ('a40872c6-c679-4abc-a214-2ff8642068bc','e9fcb950-3afe-47c9-83cf-6b59c9d3d017','rebound',2,'TeamA','TeamD');
insert into basketballrebounds(eventId,player) values ('a40872c6-c679-4abc-a214-2ff8642068bc','Doppler');
insert into basketballgameevents(id,gameId,playType,period,teamFor,teamAgainst) values ('867772bd-079e-464b-b9fe-b13e70a865d7','e9fcb950-3afe-47c9-83cf-6b59c9d3d017','rebound',2,'TeamD','TeamA');
insert into basketballrebounds(eventId,player) values ('867772bd-079e-464b-b9fe-b13e70a865d7','Caleb');
insert into basketballgameevents(id,gameId,playType,period,teamFor,teamAgainst) values ('df53f4df-aa80-419b-a063-2845eb3d96c6','e9fcb950-3afe-47c9-83cf-6b59c9d3d017','foul',2,'TeamD','TeamA');
insert into basketballfouls(eventId,player,reason) values ('df53f4df-aa80-419b-a063-2845eb3d96c6','Cody','Pushing');
insert into basketballgameevents(id,gameId,playType,period,teamFor,teamAgainst) values ('b2c83164-ec1e-48e2-bf98-d649b10d2dbc','e9fcb950-3afe-47c9-83cf-6b59c9d3d017','block',2,'TeamA','TeamD');
insert into basketballblocks(eventId,player) values ('b2c83164-ec1e-48e2-bf98-d649b10d2dbc','Dapper');
insert into basketballgameevents(id,gameId,playType,period,teamFor,teamAgainst) values ('cfeb5e5e-1ac1-47e3-bfce-589cbcd71ff6','e9fcb950-3afe-47c9-83cf-6b59c9d3d017','turnover',2,'TeamD','TeamA');
insert into basketballturnovers(eventId,player) values ('cfeb5e5e-1ac1-47e3-bfce-589cbcd71ff6','Cameron');
insert into basketballgameevents(id,gameId,playType,period,teamFor,teamAgainst) values ('f4eb1ba2-934f-4e91-814e-92d1b302d84d','e9fcb950-3afe-47c9-83cf-6b59c9d3d017','block',2,'TeamA','TeamD');
insert into basketballblocks(eventId,player) values ('f4eb1ba2-934f-4e91-814e-92d1b302d84d','Dickson');
insert into basketballgameevents(id,gameId,playType,period,teamFor,teamAgainst) values ('2b30db29-2be3-48b2-9d2b-73cf4e38e67a','e9fcb950-3afe-47c9-83cf-6b59c9d3d017','block',2,'TeamD','TeamA');
insert into basketballblocks(eventId,player) values ('2b30db29-2be3-48b2-9d2b-73cf4e38e67a','Caleb');
insert into basketballgameevents(id,gameId,playType,period,teamFor,teamAgainst) values ('f8208d71-8619-4bbd-a187-7fcf3a91d269','e9fcb950-3afe-47c9-83cf-6b59c9d3d017','point',2,'TeamA','TeamD');
insert into basketballpoints(eventId,player,result,point) values ('f8208d71-8619-4bbd-a187-7fcf3a91d269','Dapper','miss',3);
insert into basketballgameevents(id,gameId,playType,period,teamFor,teamAgainst) values ('a5c239ff-3fff-4602-ac09-e0acfe653fa7','e9fcb950-3afe-47c9-83cf-6b59c9d3d017','rebound',2,'TeamA','TeamD');
insert into basketballrebounds(eventId,player) values ('a5c239ff-3fff-4602-ac09-e0acfe653fa7','Denver');
insert into basketballgameevents(id,gameId,playType,period,teamFor,teamAgainst) values ('41405340-b19e-4fbc-9d9a-61871411e89f','e9fcb950-3afe-47c9-83cf-6b59c9d3d017','turnover',2,'TeamD','TeamA');
insert into basketballturnovers(eventId,player) values ('41405340-b19e-4fbc-9d9a-61871411e89f','Cauchy');
insert into basketballgameevents(id,gameId,playType,period,teamFor,teamAgainst) values ('6dfe2fae-771c-4aaa-9d4d-73560698689f','e9fcb950-3afe-47c9-83cf-6b59c9d3d017','rebound',2,'TeamA','TeamD');
insert into basketballrebounds(eventId,player) values ('6dfe2fae-771c-4aaa-9d4d-73560698689f','Dickson');
insert into basketballgameevents(id,gameId,playType,period,teamFor,teamAgainst) values ('9961b72d-035f-498b-a97d-15ff53d7a902','e9fcb950-3afe-47c9-83cf-6b59c9d3d017','rebound',2,'TeamD','TeamA');
insert into basketballrebounds(eventId,player) values ('9961b72d-035f-498b-a97d-15ff53d7a902','Cody');
insert into basketballgameevents(id,gameId,playType,period,teamFor,teamAgainst) values ('81be8332-432a-42b9-9cec-8787b7a05b23','e9fcb950-3afe-47c9-83cf-6b59c9d3d017','point',2,'TeamA','TeamD');
insert into basketballpoints(eventId,player,result,point) values ('81be8332-432a-42b9-9cec-8787b7a05b23','Dickson','made',2);
insert into basketballgameevents(id,gameId,playType,period,teamFor,teamAgainst) values ('8adca7e8-23a3-4c19-bec3-8fa1051f6c31','e9fcb950-3afe-47c9-83cf-6b59c9d3d017','foul',2,'TeamA','TeamD');
insert into basketballfouls(eventId,player,reason) values ('8adca7e8-23a3-4c19-bec3-8fa1051f6c31','Doppler','Holding');
insert into basketballgameevents(id,gameId,playType,period,teamFor,teamAgainst) values ('d4d21e97-1b57-4cd1-8280-f941a9c8df64','e9fcb950-3afe-47c9-83cf-6b59c9d3d017','block',2,'TeamA','TeamD');
insert into basketballblocks(eventId,player) values ('d4d21e97-1b57-4cd1-8280-f941a9c8df64','Daniel');
insert into basketballgameevents(id,gameId,playType,period,teamFor,teamAgainst) values ('219fde95-c367-41d1-817d-eccb3f82cb11','e9fcb950-3afe-47c9-83cf-6b59c9d3d017','point',2,'TeamA','TeamD');
insert into basketballpoints(eventId,player,result,point) values ('219fde95-c367-41d1-817d-eccb3f82cb11','Dickson','made',1);
insert into basketballgameevents(id,gameId,playType,period,teamFor,teamAgainst) values ('7d92d5da-a01b-4c13-a6eb-ab26447bbf74','e9fcb950-3afe-47c9-83cf-6b59c9d3d017','rebound',2,'TeamD','TeamA');
insert into basketballrebounds(eventId,player) values ('7d92d5da-a01b-4c13-a6eb-ab26447bbf74','Cameron');
insert into basketballgameevents(id,gameId,playType,period,teamFor,teamAgainst) values ('285236a2-10d4-461b-b233-854527f40c65','e9fcb950-3afe-47c9-83cf-6b59c9d3d017','turnover',2,'TeamA','TeamD');
insert into basketballturnovers(eventId,player) values ('285236a2-10d4-461b-b233-854527f40c65','Denver');
insert into basketballgameevents(id,gameId,playType,period,teamFor,teamAgainst) values ('8de3bbbd-7772-4866-b956-ff2d6b80f8cb','e9fcb950-3afe-47c9-83cf-6b59c9d3d017','block',2,'TeamD','TeamA');
insert into basketballblocks(eventId,player) values ('8de3bbbd-7772-4866-b956-ff2d6b80f8cb','Cody');
insert into basketballgameevents(id,gameId,playType,period,teamFor,teamAgainst) values ('45ca037a-0159-479f-ad13-e4455622bb2e','e9fcb950-3afe-47c9-83cf-6b59c9d3d017','rebound',2,'TeamD','TeamA');
insert into basketballrebounds(eventId,player) values ('45ca037a-0159-479f-ad13-e4455622bb2e','Cauchy');
insert into basketballgameevents(id,gameId,playType,period,teamFor,teamAgainst) values ('b1956844-496d-4864-8170-4b44f7852fc2','e9fcb950-3afe-47c9-83cf-6b59c9d3d017','point',2,'TeamA','TeamD');
insert into basketballpoints(eventId,player,result,point) values ('b1956844-496d-4864-8170-4b44f7852fc2','Dickson','made',2);
insert into basketballgameevents(id,gameId,playType,period,teamFor,teamAgainst) values ('45ac52de-5f3c-4568-9bee-9f43a6fe6730','e9fcb950-3afe-47c9-83cf-6b59c9d3d017','steal',2,'TeamD','TeamA');
insert into basketballsteals(eventId,player) values ('45ac52de-5f3c-4568-9bee-9f43a6fe6730','Cody');
insert into basketballgameevents(id,gameId,playType,period,teamFor,teamAgainst) values ('fff04b5d-bb87-4d2f-be3e-0e088b7a5a02','e9fcb950-3afe-47c9-83cf-6b59c9d3d017','point',2,'TeamA','TeamD');
insert into basketballpoints(eventId,player,result,point) values ('fff04b5d-bb87-4d2f-be3e-0e088b7a5a02','Doppler','miss',3);
insert into basketballgameevents(id,gameId,playType,period,teamFor,teamAgainst) values ('f3c84c11-402f-4cd9-a6e2-0dd0d1b6b965','e9fcb950-3afe-47c9-83cf-6b59c9d3d017','turnover',2,'TeamD','TeamA');
insert into basketballturnovers(eventId,player) values ('f3c84c11-402f-4cd9-a6e2-0dd0d1b6b965','Cody');
insert into basketballgameevents(id,gameId,playType,period,teamFor,teamAgainst) values ('25c8bb0a-ca11-441a-a607-114e52c3b3fa','e9fcb950-3afe-47c9-83cf-6b59c9d3d017','steal',2,'TeamD','TeamA');
insert into basketballsteals(eventId,player) values ('25c8bb0a-ca11-441a-a607-114e52c3b3fa','Cody');
insert into basketballgameevents(id,gameId,playType,period,teamFor,teamAgainst) values ('2d4780b6-0e9f-42c9-8141-0be089a73492','e9fcb950-3afe-47c9-83cf-6b59c9d3d017','foul',2,'TeamA','TeamD');
insert into basketballfouls(eventId,player,reason) values ('2d4780b6-0e9f-42c9-8141-0be089a73492','Doppler','Holding');
insert into basketballgameevents(id,gameId,playType,period,teamFor,teamAgainst) values ('a9478b87-3eee-4a90-a785-b2c6181bba7b','e9fcb950-3afe-47c9-83cf-6b59c9d3d017','block',2,'TeamD','TeamA');
insert into basketballblocks(eventId,player) values ('a9478b87-3eee-4a90-a785-b2c6181bba7b','Cody');
insert into basketballgameevents(id,gameId,playType,period,teamFor,teamAgainst) values ('00198898-5209-42bf-8037-9537fda7bfef','e9fcb950-3afe-47c9-83cf-6b59c9d3d017','turnover',2,'TeamA','TeamD');
insert into basketballturnovers(eventId,player) values ('00198898-5209-42bf-8037-9537fda7bfef','Dapper');
insert into basketballgameevents(id,gameId,playType,period,teamFor,teamAgainst) values ('84a0456c-cec5-4ac1-ba57-121118887b68','e9fcb950-3afe-47c9-83cf-6b59c9d3d017','steal',2,'TeamD','TeamA');
insert into basketballsteals(eventId,player) values ('84a0456c-cec5-4ac1-ba57-121118887b68','Caleb');
insert into basketballgameevents(id,gameId,playType,period,teamFor,teamAgainst) values ('587bdb0b-b24b-476b-bcb8-77015b9eba87','e9fcb950-3afe-47c9-83cf-6b59c9d3d017','point',2,'TeamD','TeamA');
insert into basketballpoints(eventId,player,result,point) values ('587bdb0b-b24b-476b-bcb8-77015b9eba87','Cauchy','miss',1);
insert into basketballgameevents(id,gameId,playType,period,teamFor,teamAgainst) values ('63944c42-60ea-40fd-86a5-f683c676e0df','e9fcb950-3afe-47c9-83cf-6b59c9d3d017','foul',2,'TeamD','TeamA');
insert into basketballfouls(eventId,player,reason) values ('63944c42-60ea-40fd-86a5-f683c676e0df','Cameron','Holding');
insert into basketballgameevents(id,gameId,playType,period,teamFor,teamAgainst) values ('b426bae6-638f-485d-b83b-cc04ca972f95','e9fcb950-3afe-47c9-83cf-6b59c9d3d017','turnover',2,'TeamA','TeamD');
insert into basketballturnovers(eventId,player) values ('b426bae6-638f-485d-b83b-cc04ca972f95','Dapper');
insert into basketballgameevents(id,gameId,playType,period,teamFor,teamAgainst) values ('93ea47e3-653a-45b6-aed9-33aa81979dd1','e9fcb950-3afe-47c9-83cf-6b59c9d3d017','rebound',2,'TeamD','TeamA');
insert into basketballrebounds(eventId,player) values ('93ea47e3-653a-45b6-aed9-33aa81979dd1','Caleb');
insert into basketballgameevents(id,gameId,playType,period,teamFor,teamAgainst) values ('e43c1d3b-e03b-4ea3-8e33-83da9690a3b4','e9fcb950-3afe-47c9-83cf-6b59c9d3d017','steal',2,'TeamA','TeamD');
insert into basketballsteals(eventId,player) values ('e43c1d3b-e03b-4ea3-8e33-83da9690a3b4','Denver');
insert into basketballgameevents(id,gameId,playType,period,teamFor,teamAgainst) values ('eb8bcb33-4de0-4cb7-9015-b4cbb9dd0d75','e9fcb950-3afe-47c9-83cf-6b59c9d3d017','turnover',2,'TeamA','TeamD');
insert into basketballturnovers(eventId,player) values ('eb8bcb33-4de0-4cb7-9015-b4cbb9dd0d75','Doppler');
insert into basketballgameevents(id,gameId,playType,period,teamFor,teamAgainst) values ('2642e96f-78f8-40d0-b1f9-9db517e2c962','e9fcb950-3afe-47c9-83cf-6b59c9d3d017','point',2,'TeamA','TeamD');
insert into basketballpoints(eventId,player,result,point) values ('2642e96f-78f8-40d0-b1f9-9db517e2c962','Dickson','miss',3);
insert into basketballgameevents(id,gameId,playType,period,teamFor,teamAgainst) values ('ac31b44e-285d-47ab-a14a-2fc4dddd69ad','e9fcb950-3afe-47c9-83cf-6b59c9d3d017','rebound',2,'TeamD','TeamA');
insert into basketballrebounds(eventId,player) values ('ac31b44e-285d-47ab-a14a-2fc4dddd69ad','Cauchy');
insert into basketballgameevents(id,gameId,playType,period,teamFor,teamAgainst) values ('99152d68-7e01-418d-ab3b-7ff84c45d12f','e9fcb950-3afe-47c9-83cf-6b59c9d3d017','block',2,'TeamA','TeamD');
insert into basketballblocks(eventId,player) values ('99152d68-7e01-418d-ab3b-7ff84c45d12f','Denver');
insert into basketballgameevents(id,gameId,playType,period,teamFor,teamAgainst) values ('7108e7f1-f381-49bd-a6aa-7a0655e76357','e9fcb950-3afe-47c9-83cf-6b59c9d3d017','foul',2,'TeamD','TeamA');
insert into basketballfouls(eventId,player,reason) values ('7108e7f1-f381-49bd-a6aa-7a0655e76357','Cameron','Pushing');
insert into basketballgameevents(id,gameId,playType,period,teamFor,teamAgainst) values ('cacc1288-7c0f-436b-a923-bfcd50fd4109','e9fcb950-3afe-47c9-83cf-6b59c9d3d017','block',2,'TeamD','TeamA');
insert into basketballblocks(eventId,player) values ('cacc1288-7c0f-436b-a923-bfcd50fd4109','Caleb');
insert into basketballgameevents(id,gameId,playType,period,teamFor,teamAgainst) values ('3fc46c91-971e-41a5-912a-e0f6ada4066a','e9fcb950-3afe-47c9-83cf-6b59c9d3d017','block',2,'TeamA','TeamD');
insert into basketballblocks(eventId,player) values ('3fc46c91-971e-41a5-912a-e0f6ada4066a','Denver');
insert into basketballgameevents(id,gameId,playType,period,teamFor,teamAgainst) values ('652560ef-8ace-4184-9c4e-0296470f2dc2','e9fcb950-3afe-47c9-83cf-6b59c9d3d017','turnover',2,'TeamA','TeamD');
insert into basketballturnovers(eventId,player) values ('652560ef-8ace-4184-9c4e-0296470f2dc2','Doppler');
insert into basketballgameevents(id,gameId,playType,period,teamFor,teamAgainst) values ('2dde79bb-fb50-4f8f-8f58-063465cedf2c','e9fcb950-3afe-47c9-83cf-6b59c9d3d017','point',2,'TeamD','TeamA');
insert into basketballpoints(eventId,player,result,point) values ('2dde79bb-fb50-4f8f-8f58-063465cedf2c','Camel','miss',2);
insert into basketballgameevents(id,gameId,playType,period,teamFor,teamAgainst) values ('24089887-5a32-449b-8e7b-638935afe0ea','e9fcb950-3afe-47c9-83cf-6b59c9d3d017','point',2,'TeamD','TeamA');
insert into basketballpoints(eventId,player,result,point) values ('24089887-5a32-449b-8e7b-638935afe0ea','Caleb','miss',1);
insert into basketballgameevents(id,gameId,playType,period,teamFor,teamAgainst) values ('87130df4-321c-4468-8279-54ba8ca6922d','e9fcb950-3afe-47c9-83cf-6b59c9d3d017','block',2,'TeamA','TeamD');
insert into basketballblocks(eventId,player) values ('87130df4-321c-4468-8279-54ba8ca6922d','Denver');
insert into basketballgameevents(id,gameId,playType,period,teamFor,teamAgainst) values ('f8de476c-d683-4607-9c72-ea5e4e078c2b','e9fcb950-3afe-47c9-83cf-6b59c9d3d017','foul',2,'TeamD','TeamA');
insert into basketballfouls(eventId,player,reason) values ('f8de476c-d683-4607-9c72-ea5e4e078c2b','Caleb','Holding');
insert into basketballgameevents(id,gameId,playType,period,teamFor,teamAgainst) values ('4f3d0e42-48fc-4f15-ab21-c5f35bcaa9be','e9fcb950-3afe-47c9-83cf-6b59c9d3d017','rebound',2,'TeamA','TeamD');
insert into basketballrebounds(eventId,player) values ('4f3d0e42-48fc-4f15-ab21-c5f35bcaa9be','Dickson');
insert into basketballgameevents(id,gameId,playType,period,teamFor,teamAgainst) values ('91ec2fe4-8cfa-4aef-a3f9-5f59788ec304','e9fcb950-3afe-47c9-83cf-6b59c9d3d017','turnover',2,'TeamD','TeamA');
insert into basketballturnovers(eventId,player) values ('91ec2fe4-8cfa-4aef-a3f9-5f59788ec304','Caleb');
insert into basketballgameevents(id,gameId,playType,period,teamFor,teamAgainst) values ('96b2607b-4507-4fe0-a439-db2ee123e4f2','e9fcb950-3afe-47c9-83cf-6b59c9d3d017','rebound',2,'TeamA','TeamD');
insert into basketballrebounds(eventId,player) values ('96b2607b-4507-4fe0-a439-db2ee123e4f2','Dickson');
insert into basketballgameevents(id,gameId,playType,period,teamFor,teamAgainst) values ('27c54335-632e-42a7-b59e-82ed12b66b15','e9fcb950-3afe-47c9-83cf-6b59c9d3d017','point',2,'TeamA','TeamD');
insert into basketballpoints(eventId,player,result,point) values ('27c54335-632e-42a7-b59e-82ed12b66b15','Dapper','made',3);
insert into basketballgameevents(id,gameId,playType,period,teamFor,teamAgainst) values ('10553db4-4d23-428d-8837-b74121eac91f','e9fcb950-3afe-47c9-83cf-6b59c9d3d017','foul',2,'TeamD','TeamA');
insert into basketballfouls(eventId,player,reason) values ('10553db4-4d23-428d-8837-b74121eac91f','Cameron','Holding');
insert into basketballgameevents(id,gameId,playType,period,teamFor,teamAgainst) values ('df7ffb52-78c7-4120-ae18-9d7568a51628','e9fcb950-3afe-47c9-83cf-6b59c9d3d017','rebound',2,'TeamA','TeamD');
insert into basketballrebounds(eventId,player) values ('df7ffb52-78c7-4120-ae18-9d7568a51628','Denver');
insert into basketballgameevents(id,gameId,playType,period,teamFor,teamAgainst) values ('d8a404f3-d1f6-40a8-991c-2a247085a16b','e9fcb950-3afe-47c9-83cf-6b59c9d3d017','steal',2,'TeamA','TeamD');
insert into basketballsteals(eventId,player) values ('d8a404f3-d1f6-40a8-991c-2a247085a16b','Dapper');
insert into basketballgameevents(id,gameId,playType,period,teamFor,teamAgainst) values ('1c3ef936-6f9d-4452-ad40-54d2d33456cc','e9fcb950-3afe-47c9-83cf-6b59c9d3d017','turnover',2,'TeamD','TeamA');
insert into basketballturnovers(eventId,player) values ('1c3ef936-6f9d-4452-ad40-54d2d33456cc','Cameron');
insert into basketballgameevents(id,gameId,playType,period,teamFor,teamAgainst) values ('f8a23088-e50b-4309-bc78-2c5921119b55','e9fcb950-3afe-47c9-83cf-6b59c9d3d017','point',2,'TeamA','TeamD');
insert into basketballpoints(eventId,player,result,point) values ('f8a23088-e50b-4309-bc78-2c5921119b55','Doppler','miss',2);
insert into basketballgameevents(id,gameId,playType,period,teamFor,teamAgainst) values ('6e4f3548-dd93-409c-8293-da1f31b6c41d','e9fcb950-3afe-47c9-83cf-6b59c9d3d017','point',2,'TeamA','TeamD');
insert into basketballpoints(eventId,player,result,point) values ('6e4f3548-dd93-409c-8293-da1f31b6c41d','Daniel','made',3);
insert into basketballgameevents(id,gameId,playType,period,teamFor,teamAgainst) values ('eb1700c6-3652-4b84-929a-7bfaa86fba91','e9fcb950-3afe-47c9-83cf-6b59c9d3d017','steal',2,'TeamA','TeamD');
insert into basketballsteals(eventId,player) values ('eb1700c6-3652-4b84-929a-7bfaa86fba91','Daniel');
insert into basketballgameevents(id,gameId,playType,period,teamFor,teamAgainst) values ('d6b8eb53-b5ab-4584-9d87-349e806daa44','e9fcb950-3afe-47c9-83cf-6b59c9d3d017','foul',2,'TeamA','TeamD');
insert into basketballfouls(eventId,player,reason) values ('d6b8eb53-b5ab-4584-9d87-349e806daa44','Doppler','Holding');
insert into basketballgameevents(id,gameId,playType,period,teamFor,teamAgainst) values ('989cf820-b0cc-4976-9e20-4e2d5e2df91c','e9fcb950-3afe-47c9-83cf-6b59c9d3d017','rebound',2,'TeamD','TeamA');
insert into basketballrebounds(eventId,player) values ('989cf820-b0cc-4976-9e20-4e2d5e2df91c','Cody');
insert into basketballgameevents(id,gameId,playType,period,teamFor,teamAgainst) values ('23886aed-8c76-4e5b-9d44-342129d96207','e9fcb950-3afe-47c9-83cf-6b59c9d3d017','rebound',2,'TeamA','TeamD');
insert into basketballrebounds(eventId,player) values ('23886aed-8c76-4e5b-9d44-342129d96207','Dickson');
insert into basketballgameevents(id,gameId,playType,period,teamFor,teamAgainst) values ('bd1f693b-8d9e-4580-bd0d-55a5e96ce420','e9fcb950-3afe-47c9-83cf-6b59c9d3d017','block',2,'TeamA','TeamD');
insert into basketballblocks(eventId,player) values ('bd1f693b-8d9e-4580-bd0d-55a5e96ce420','Denver');
insert into basketballgameevents(id,gameId,playType,period,teamFor,teamAgainst) values ('7ff5db6c-8248-4f3a-8801-8dee5d707b69','e9fcb950-3afe-47c9-83cf-6b59c9d3d017','steal',2,'TeamD','TeamA');
insert into basketballsteals(eventId,player) values ('7ff5db6c-8248-4f3a-8801-8dee5d707b69','Cauchy');
insert into basketballgameevents(id,gameId,playType,period,teamFor,teamAgainst) values ('a9cc7853-944a-4fab-b3ba-b9c6a0957425','e9fcb950-3afe-47c9-83cf-6b59c9d3d017','foul',3,'TeamA','TeamD');
insert into basketballfouls(eventId,player,reason) values ('a9cc7853-944a-4fab-b3ba-b9c6a0957425','Dickson','Pushing');
insert into basketballgameevents(id,gameId,playType,period,teamFor,teamAgainst) values ('565dbfe0-1b50-4bc7-a928-ce04485bc088','e9fcb950-3afe-47c9-83cf-6b59c9d3d017','rebound',3,'TeamD','TeamA');
insert into basketballrebounds(eventId,player) values ('565dbfe0-1b50-4bc7-a928-ce04485bc088','Caleb');
insert into basketballgameevents(id,gameId,playType,period,teamFor,teamAgainst) values ('53c6baa0-70f8-4048-bb6e-1c6462eb941a','e9fcb950-3afe-47c9-83cf-6b59c9d3d017','rebound',3,'TeamA','TeamD');
insert into basketballrebounds(eventId,player) values ('53c6baa0-70f8-4048-bb6e-1c6462eb941a','Dapper');
insert into basketballgameevents(id,gameId,playType,period,teamFor,teamAgainst) values ('b765c47d-e015-4e50-ba6d-4eed3b548bdc','e9fcb950-3afe-47c9-83cf-6b59c9d3d017','block',3,'TeamA','TeamD');
insert into basketballblocks(eventId,player) values ('b765c47d-e015-4e50-ba6d-4eed3b548bdc','Dickson');
insert into basketballgameevents(id,gameId,playType,period,teamFor,teamAgainst) values ('da82909c-1939-444a-b98b-927d4a457a19','e9fcb950-3afe-47c9-83cf-6b59c9d3d017','foul',3,'TeamA','TeamD');
insert into basketballfouls(eventId,player,reason) values ('da82909c-1939-444a-b98b-927d4a457a19','Denver','Holding');
insert into basketballgameevents(id,gameId,playType,period,teamFor,teamAgainst) values ('cd7dd453-33e3-4c84-9ac3-be97c9560f52','e9fcb950-3afe-47c9-83cf-6b59c9d3d017','point',3,'TeamD','TeamA');
insert into basketballpoints(eventId,player,result,point) values ('cd7dd453-33e3-4c84-9ac3-be97c9560f52','Cameron','miss',2);
insert into basketballgameevents(id,gameId,playType,period,teamFor,teamAgainst) values ('a2b87162-063a-4946-9be9-8d7417cb576d','e9fcb950-3afe-47c9-83cf-6b59c9d3d017','block',3,'TeamA','TeamD');
insert into basketballblocks(eventId,player) values ('a2b87162-063a-4946-9be9-8d7417cb576d','Dickson');
insert into basketballgameevents(id,gameId,playType,period,teamFor,teamAgainst) values ('6cf46b40-bd14-4120-a887-150acac8beb2','e9fcb950-3afe-47c9-83cf-6b59c9d3d017','foul',3,'TeamD','TeamA');
insert into basketballfouls(eventId,player,reason) values ('6cf46b40-bd14-4120-a887-150acac8beb2','Camel','Holding');
insert into basketballgameevents(id,gameId,playType,period,teamFor,teamAgainst) values ('db5442dd-98b2-43ad-962b-ac5cb1de19f7','e9fcb950-3afe-47c9-83cf-6b59c9d3d017','steal',3,'TeamD','TeamA');
insert into basketballsteals(eventId,player) values ('db5442dd-98b2-43ad-962b-ac5cb1de19f7','Cameron');
insert into basketballgameevents(id,gameId,playType,period,teamFor,teamAgainst) values ('f0a57b17-68b1-4184-b0c8-f8c01e682d77','e9fcb950-3afe-47c9-83cf-6b59c9d3d017','turnover',3,'TeamA','TeamD');
insert into basketballturnovers(eventId,player) values ('f0a57b17-68b1-4184-b0c8-f8c01e682d77','Dickson');
insert into basketballgameevents(id,gameId,playType,period,teamFor,teamAgainst) values ('3bed0e58-942d-4800-ae4b-dcd91cb9237c','e9fcb950-3afe-47c9-83cf-6b59c9d3d017','point',3,'TeamA','TeamD');
insert into basketballpoints(eventId,player,assist,result,point) values ('3bed0e58-942d-4800-ae4b-dcd91cb9237c', 'Dickson', 'Dapper', 'made', 1);
insert into basketballgameevents(id,gameId,playType,period,teamFor,teamAgainst) values ('66b6de5b-5613-4650-a326-cb4d5b482f6d','e9fcb950-3afe-47c9-83cf-6b59c9d3d017','foul',3,'TeamA','TeamD');
insert into basketballfouls(eventId,player,reason) values ('66b6de5b-5613-4650-a326-cb4d5b482f6d','Dickson','Holding');
insert into basketballgameevents(id,gameId,playType,period,teamFor,teamAgainst) values ('b56c0d02-c22d-4d9e-9461-d83a79df1928','e9fcb950-3afe-47c9-83cf-6b59c9d3d017','foul',3,'TeamA','TeamD');
insert into basketballfouls(eventId,player,reason) values ('b56c0d02-c22d-4d9e-9461-d83a79df1928','Dickson','Holding');
insert into basketballgameevents(id,gameId,playType,period,teamFor,teamAgainst) values ('f9eed1d1-6151-49de-b7cc-6923f63ff3f8','e9fcb950-3afe-47c9-83cf-6b59c9d3d017','steal',3,'TeamD','TeamA');
insert into basketballsteals(eventId,player) values ('f9eed1d1-6151-49de-b7cc-6923f63ff3f8','Cauchy');
insert into basketballgameevents(id,gameId,playType,period,teamFor,teamAgainst) values ('39fe9d16-1413-4a4e-be62-59d2f3f70b14','e9fcb950-3afe-47c9-83cf-6b59c9d3d017','rebound',3,'TeamA','TeamD');
insert into basketballrebounds(eventId,player) values ('39fe9d16-1413-4a4e-be62-59d2f3f70b14','Dickson');
insert into basketballgameevents(id,gameId,playType,period,teamFor,teamAgainst) values ('6031db70-4e51-41a4-b3bf-9642602e7ab9','e9fcb950-3afe-47c9-83cf-6b59c9d3d017','point',3,'TeamA','TeamD');
insert into basketballpoints(eventId,player,assist,result,point) values ('6031db70-4e51-41a4-b3bf-9642602e7ab9', 'Dickson', 'Denver', 'made', 2);
insert into basketballgameevents(id,gameId,playType,period,teamFor,teamAgainst) values ('f16dc69b-acc1-412a-b76d-5b45c79bfbe9','e9fcb950-3afe-47c9-83cf-6b59c9d3d017','steal',3,'TeamD','TeamA');
insert into basketballsteals(eventId,player) values ('f16dc69b-acc1-412a-b76d-5b45c79bfbe9','Caleb');
insert into basketballgameevents(id,gameId,playType,period,teamFor,teamAgainst) values ('b4d5716e-ee28-48eb-a425-8baae8271f80','e9fcb950-3afe-47c9-83cf-6b59c9d3d017','steal',3,'TeamD','TeamA');
insert into basketballsteals(eventId,player) values ('b4d5716e-ee28-48eb-a425-8baae8271f80','Cody');
insert into basketballgameevents(id,gameId,playType,period,teamFor,teamAgainst) values ('dc51ff0c-63a7-441e-a5eb-c554ad144e25','e9fcb950-3afe-47c9-83cf-6b59c9d3d017','foul',3,'TeamA','TeamD');
insert into basketballfouls(eventId,player,reason) values ('dc51ff0c-63a7-441e-a5eb-c554ad144e25','Daniel','Holding');
insert into basketballgameevents(id,gameId,playType,period,teamFor,teamAgainst) values ('28800afa-2267-478a-8e74-1858fe062c08','e9fcb950-3afe-47c9-83cf-6b59c9d3d017','steal',3,'TeamA','TeamD');
insert into basketballsteals(eventId,player) values ('28800afa-2267-478a-8e74-1858fe062c08','Doppler');
insert into basketballgameevents(id,gameId,playType,period,teamFor,teamAgainst) values ('92c571b1-b14d-400f-9632-ac31c856a5e4','e9fcb950-3afe-47c9-83cf-6b59c9d3d017','turnover',3,'TeamA','TeamD');
insert into basketballturnovers(eventId,player) values ('92c571b1-b14d-400f-9632-ac31c856a5e4','Dapper');
insert into basketballgameevents(id,gameId,playType,period,teamFor,teamAgainst) values ('d6a7cccd-83b3-4443-be87-605f8cc5fdd5','e9fcb950-3afe-47c9-83cf-6b59c9d3d017','block',3,'TeamD','TeamA');
insert into basketballblocks(eventId,player) values ('d6a7cccd-83b3-4443-be87-605f8cc5fdd5','Cody');
insert into basketballgameevents(id,gameId,playType,period,teamFor,teamAgainst) values ('df703092-e8c9-429a-903f-b0ce4056fe83','e9fcb950-3afe-47c9-83cf-6b59c9d3d017','turnover',3,'TeamD','TeamA');
insert into basketballturnovers(eventId,player) values ('df703092-e8c9-429a-903f-b0ce4056fe83','Cauchy');
insert into basketballgameevents(id,gameId,playType,period,teamFor,teamAgainst) values ('ed336bc2-bb03-4eb6-b793-71a13555af38','e9fcb950-3afe-47c9-83cf-6b59c9d3d017','block',3,'TeamA','TeamD');
insert into basketballblocks(eventId,player) values ('ed336bc2-bb03-4eb6-b793-71a13555af38','Denver');
insert into basketballgameevents(id,gameId,playType,period,teamFor,teamAgainst) values ('4d33760b-bdb9-47b5-8602-0fc9b5eb87ea','e9fcb950-3afe-47c9-83cf-6b59c9d3d017','turnover',3,'TeamA','TeamD');
insert into basketballturnovers(eventId,player) values ('4d33760b-bdb9-47b5-8602-0fc9b5eb87ea','Dickson');
insert into basketballgameevents(id,gameId,playType,period,teamFor,teamAgainst) values ('102ee578-bd4b-43ac-b192-94f91b8cbda1','e9fcb950-3afe-47c9-83cf-6b59c9d3d017','steal',3,'TeamA','TeamD');
insert into basketballsteals(eventId,player) values ('102ee578-bd4b-43ac-b192-94f91b8cbda1','Dapper');
insert into basketballgameevents(id,gameId,playType,period,teamFor,teamAgainst) values ('ef6759a1-e9a6-4995-a756-a90a17d92863','e9fcb950-3afe-47c9-83cf-6b59c9d3d017','point',3,'TeamA','TeamD');
insert into basketballpoints(eventId,player,result,point) values ('ef6759a1-e9a6-4995-a756-a90a17d92863','Daniel','made',1);
insert into basketballgameevents(id,gameId,playType,period,teamFor,teamAgainst) values ('42a16552-6513-4510-9c6f-649186c1a3c9','e9fcb950-3afe-47c9-83cf-6b59c9d3d017','rebound',3,'TeamD','TeamA');
insert into basketballrebounds(eventId,player) values ('42a16552-6513-4510-9c6f-649186c1a3c9','Cauchy');
insert into basketballgameevents(id,gameId,playType,period,teamFor,teamAgainst) values ('50351b5c-4781-4b5d-b14c-eba183631d47','e9fcb950-3afe-47c9-83cf-6b59c9d3d017','rebound',3,'TeamA','TeamD');
insert into basketballrebounds(eventId,player) values ('50351b5c-4781-4b5d-b14c-eba183631d47','Denver');
insert into basketballgameevents(id,gameId,playType,period,teamFor,teamAgainst) values ('3ad19192-eac7-4e9e-a4e2-836a904ccfbe','e9fcb950-3afe-47c9-83cf-6b59c9d3d017','foul',3,'TeamD','TeamA');
insert into basketballfouls(eventId,player,reason) values ('3ad19192-eac7-4e9e-a4e2-836a904ccfbe','Camel','Pushing');
insert into basketballgameevents(id,gameId,playType,period,teamFor,teamAgainst) values ('be7828b7-4b3d-42bb-9283-5e49eb312709','e9fcb950-3afe-47c9-83cf-6b59c9d3d017','steal',3,'TeamD','TeamA');
insert into basketballsteals(eventId,player) values ('be7828b7-4b3d-42bb-9283-5e49eb312709','Cody');
insert into basketballgameevents(id,gameId,playType,period,teamFor,teamAgainst) values ('3ebb78f4-9810-44ab-a1be-0bcad7e7db02','e9fcb950-3afe-47c9-83cf-6b59c9d3d017','foul',3,'TeamA','TeamD');
insert into basketballfouls(eventId,player,reason) values ('3ebb78f4-9810-44ab-a1be-0bcad7e7db02','Dapper','Pushing');
insert into basketballgameevents(id,gameId,playType,period,teamFor,teamAgainst) values ('f0f8e791-24a0-4112-bf70-074c2cde4aec','e9fcb950-3afe-47c9-83cf-6b59c9d3d017','point',3,'TeamA','TeamD');
insert into basketballpoints(eventId,player,assist,result,point) values ('f0f8e791-24a0-4112-bf70-074c2cde4aec', 'Denver', 'Dickson', 'made', 1);
insert into basketballgameevents(id,gameId,playType,period,teamFor,teamAgainst) values ('305bdced-3d82-4cf1-8d85-0ad80e188fbb','e9fcb950-3afe-47c9-83cf-6b59c9d3d017','foul',3,'TeamD','TeamA');
insert into basketballfouls(eventId,player,reason) values ('305bdced-3d82-4cf1-8d85-0ad80e188fbb','Cameron','Pushing');
insert into basketballgameevents(id,gameId,playType,period,teamFor,teamAgainst) values ('77f92d71-eecb-4d6d-b5b6-150f06adef6c','e9fcb950-3afe-47c9-83cf-6b59c9d3d017','rebound',3,'TeamA','TeamD');
insert into basketballrebounds(eventId,player) values ('77f92d71-eecb-4d6d-b5b6-150f06adef6c','Denver');
insert into basketballgameevents(id,gameId,playType,period,teamFor,teamAgainst) values ('c99a29f6-e610-4baa-8129-e2335e562311','e9fcb950-3afe-47c9-83cf-6b59c9d3d017','foul',3,'TeamA','TeamD');
insert into basketballfouls(eventId,player,reason) values ('c99a29f6-e610-4baa-8129-e2335e562311','Denver','Pushing');
insert into basketballgameevents(id,gameId,playType,period,teamFor,teamAgainst) values ('db65b1ef-07ef-42b1-89fb-4eb94a10e0be','e9fcb950-3afe-47c9-83cf-6b59c9d3d017','rebound',3,'TeamA','TeamD');
insert into basketballrebounds(eventId,player) values ('db65b1ef-07ef-42b1-89fb-4eb94a10e0be','Daniel');
insert into basketballgameevents(id,gameId,playType,period,teamFor,teamAgainst) values ('5ba8c4dc-08b7-4ec4-9f3e-b55f69035fa2','e9fcb950-3afe-47c9-83cf-6b59c9d3d017','turnover',3,'TeamA','TeamD');
insert into basketballturnovers(eventId,player) values ('5ba8c4dc-08b7-4ec4-9f3e-b55f69035fa2','Daniel');
insert into basketballgameevents(id,gameId,playType,period,teamFor,teamAgainst) values ('490577b9-ef20-44e2-b398-062af4c19256','e9fcb950-3afe-47c9-83cf-6b59c9d3d017','rebound',3,'TeamA','TeamD');
insert into basketballrebounds(eventId,player) values ('490577b9-ef20-44e2-b398-062af4c19256','Dickson');
insert into basketballgameevents(id,gameId,playType,period,teamFor,teamAgainst) values ('7b92464e-750b-4688-8237-519c0479ff06','e9fcb950-3afe-47c9-83cf-6b59c9d3d017','point',3,'TeamA','TeamD');
insert into basketballpoints(eventId,player,result,point) values ('7b92464e-750b-4688-8237-519c0479ff06','Dickson','made',2);
insert into basketballgameevents(id,gameId,playType,period,teamFor,teamAgainst) values ('ffae428a-0805-47ff-b40a-073a1e837903','e9fcb950-3afe-47c9-83cf-6b59c9d3d017','block',3,'TeamD','TeamA');
insert into basketballblocks(eventId,player) values ('ffae428a-0805-47ff-b40a-073a1e837903','Cameron');
insert into basketballgameevents(id,gameId,playType,period,teamFor,teamAgainst) values ('1592a348-a4d9-4433-883b-da76dfecdbd9','e9fcb950-3afe-47c9-83cf-6b59c9d3d017','rebound',3,'TeamD','TeamA');
insert into basketballrebounds(eventId,player) values ('1592a348-a4d9-4433-883b-da76dfecdbd9','Cauchy');
insert into basketballgameevents(id,gameId,playType,period,teamFor,teamAgainst) values ('46c89f6b-be6a-4c22-b049-f2366900eb6a','e9fcb950-3afe-47c9-83cf-6b59c9d3d017','rebound',3,'TeamD','TeamA');
insert into basketballrebounds(eventId,player) values ('46c89f6b-be6a-4c22-b049-f2366900eb6a','Caleb');
insert into basketballgameevents(id,gameId,playType,period,teamFor,teamAgainst) values ('738708ac-b290-477e-8735-e6adf7fc8ce3','e9fcb950-3afe-47c9-83cf-6b59c9d3d017','steal',3,'TeamD','TeamA');
insert into basketballsteals(eventId,player) values ('738708ac-b290-477e-8735-e6adf7fc8ce3','Cauchy');
insert into basketballgameevents(id,gameId,playType,period,teamFor,teamAgainst) values ('2919bc2e-dfdf-4f6b-95a0-baacad5b82c8','e9fcb950-3afe-47c9-83cf-6b59c9d3d017','foul',3,'TeamD','TeamA');
insert into basketballfouls(eventId,player,reason) values ('2919bc2e-dfdf-4f6b-95a0-baacad5b82c8','Cauchy','Pushing');
insert into basketballgameevents(id,gameId,playType,period,teamFor,teamAgainst) values ('8eb454c4-4ddb-4e77-80a1-78b08a0362d4','e9fcb950-3afe-47c9-83cf-6b59c9d3d017','steal',3,'TeamA','TeamD');
insert into basketballsteals(eventId,player) values ('8eb454c4-4ddb-4e77-80a1-78b08a0362d4','Denver');
insert into basketballgameevents(id,gameId,playType,period,teamFor,teamAgainst) values ('da2a2c40-9b40-4faf-bea6-7067908ea59d','e9fcb950-3afe-47c9-83cf-6b59c9d3d017','point',3,'TeamD','TeamA');
insert into basketballpoints(eventId,player,result,point) values ('da2a2c40-9b40-4faf-bea6-7067908ea59d','Cameron','miss',1);
insert into basketballgameevents(id,gameId,playType,period,teamFor,teamAgainst) values ('01fe0fae-5eff-4ec0-9ea5-eef527c132b0','e9fcb950-3afe-47c9-83cf-6b59c9d3d017','steal',3,'TeamD','TeamA');
insert into basketballsteals(eventId,player) values ('01fe0fae-5eff-4ec0-9ea5-eef527c132b0','Cody');
insert into basketballgameevents(id,gameId,playType,period,teamFor,teamAgainst) values ('ce4b77a3-4592-4ffd-b840-334d3a0c2407','e9fcb950-3afe-47c9-83cf-6b59c9d3d017','block',3,'TeamD','TeamA');
insert into basketballblocks(eventId,player) values ('ce4b77a3-4592-4ffd-b840-334d3a0c2407','Cody');
insert into basketballgameevents(id,gameId,playType,period,teamFor,teamAgainst) values ('0b90777f-60f6-4f99-ae3e-a7e88920a784','e9fcb950-3afe-47c9-83cf-6b59c9d3d017','foul',3,'TeamA','TeamD');
insert into basketballfouls(eventId,player,reason) values ('0b90777f-60f6-4f99-ae3e-a7e88920a784','Dickson','Holding');
insert into basketballgameevents(id,gameId,playType,period,teamFor,teamAgainst) values ('d06d7451-4595-47db-9660-5708abb0e5a4','e9fcb950-3afe-47c9-83cf-6b59c9d3d017','steal',3,'TeamA','TeamD');
insert into basketballsteals(eventId,player) values ('d06d7451-4595-47db-9660-5708abb0e5a4','Dickson');
insert into basketballgameevents(id,gameId,playType,period,teamFor,teamAgainst) values ('4bef57e8-fe49-4b57-92a1-d6f871d7979f','e9fcb950-3afe-47c9-83cf-6b59c9d3d017','rebound',3,'TeamA','TeamD');
insert into basketballrebounds(eventId,player) values ('4bef57e8-fe49-4b57-92a1-d6f871d7979f','Denver');
insert into basketballgameevents(id,gameId,playType,period,teamFor,teamAgainst) values ('a3d00743-a38c-4d0d-902f-f74042a1c184','e9fcb950-3afe-47c9-83cf-6b59c9d3d017','rebound',3,'TeamD','TeamA');
insert into basketballrebounds(eventId,player) values ('a3d00743-a38c-4d0d-902f-f74042a1c184','Caleb');
insert into basketballgameevents(id,gameId,playType,period,teamFor,teamAgainst) values ('77bb0d1c-809b-44b2-a104-3c23d4a4edcc','e9fcb950-3afe-47c9-83cf-6b59c9d3d017','foul',3,'TeamD','TeamA');
insert into basketballfouls(eventId,player,reason) values ('77bb0d1c-809b-44b2-a104-3c23d4a4edcc','Camel','Holding');
insert into basketballgameevents(id,gameId,playType,period,teamFor,teamAgainst) values ('732e09c7-7415-4ff5-9fea-0ffe88f33404','e9fcb950-3afe-47c9-83cf-6b59c9d3d017','block',3,'TeamA','TeamD');
insert into basketballblocks(eventId,player) values ('732e09c7-7415-4ff5-9fea-0ffe88f33404','Denver');
insert into basketballgameevents(id,gameId,playType,period,teamFor,teamAgainst) values ('4ec22813-697e-4d72-9b6f-3de5610f4d45','e9fcb950-3afe-47c9-83cf-6b59c9d3d017','block',3,'TeamD','TeamA');
insert into basketballblocks(eventId,player) values ('4ec22813-697e-4d72-9b6f-3de5610f4d45','Cauchy');
insert into basketballgameevents(id,gameId,playType,period,teamFor,teamAgainst) values ('49be77fc-b242-4156-8300-7092cd88698e','e9fcb950-3afe-47c9-83cf-6b59c9d3d017','block',3,'TeamD','TeamA');
insert into basketballblocks(eventId,player) values ('49be77fc-b242-4156-8300-7092cd88698e','Cameron');
insert into basketballgameevents(id,gameId,playType,period,teamFor,teamAgainst) values ('a6d982d6-fbfe-4015-b4e6-3d94cdef7469','e9fcb950-3afe-47c9-83cf-6b59c9d3d017','point',3,'TeamA','TeamD');
insert into basketballpoints(eventId,player,assist,result,point) values ('a6d982d6-fbfe-4015-b4e6-3d94cdef7469', 'Dickson', 'Doppler', 'made', 3);
insert into basketballgameevents(id,gameId,playType,period,teamFor,teamAgainst) values ('8d2736b1-379a-484c-a93a-6c1ed855542c','e9fcb950-3afe-47c9-83cf-6b59c9d3d017','turnover',3,'TeamA','TeamD');
insert into basketballturnovers(eventId,player) values ('8d2736b1-379a-484c-a93a-6c1ed855542c','Denver');
insert into basketballgameevents(id,gameId,playType,period,teamFor,teamAgainst) values ('e40f1668-e45b-441a-acf3-e5001b2570be','e9fcb950-3afe-47c9-83cf-6b59c9d3d017','steal',3,'TeamD','TeamA');
insert into basketballsteals(eventId,player) values ('e40f1668-e45b-441a-acf3-e5001b2570be','Cody');
insert into basketballgameevents(id,gameId,playType,period,teamFor,teamAgainst) values ('e84e973e-2684-4613-8355-2e3dbfabfc68','e9fcb950-3afe-47c9-83cf-6b59c9d3d017','steal',3,'TeamA','TeamD');
insert into basketballsteals(eventId,player) values ('e84e973e-2684-4613-8355-2e3dbfabfc68','Denver');
insert into basketballgameevents(id,gameId,playType,period,teamFor,teamAgainst) values ('6294bec6-316c-4fae-a05e-579e92fd4923','e9fcb950-3afe-47c9-83cf-6b59c9d3d017','rebound',3,'TeamD','TeamA');
insert into basketballrebounds(eventId,player) values ('6294bec6-316c-4fae-a05e-579e92fd4923','Cameron');
insert into basketballgameevents(id,gameId,playType,period,teamFor,teamAgainst) values ('e8ff77bc-903d-4b46-9918-e96125692ef7','e9fcb950-3afe-47c9-83cf-6b59c9d3d017','foul',3,'TeamD','TeamA');
insert into basketballfouls(eventId,player,reason) values ('e8ff77bc-903d-4b46-9918-e96125692ef7','Camel','Pushing');
insert into basketballgameevents(id,gameId,playType,period,teamFor,teamAgainst) values ('29d7811f-b058-40c6-8c1f-dbc7e6c91fd9','e9fcb950-3afe-47c9-83cf-6b59c9d3d017','point',3,'TeamA','TeamD');
insert into basketballpoints(eventId,player,result,point) values ('29d7811f-b058-40c6-8c1f-dbc7e6c91fd9','Doppler','miss',2);
insert into basketballgameevents(id,gameId,playType,period,teamFor,teamAgainst) values ('49c78929-7600-4a26-aabb-5865b09a2b8d','e9fcb950-3afe-47c9-83cf-6b59c9d3d017','foul',3,'TeamA','TeamD');
insert into basketballfouls(eventId,player,reason) values ('49c78929-7600-4a26-aabb-5865b09a2b8d','Daniel','Pushing');
insert into basketballgameevents(id,gameId,playType,period,teamFor,teamAgainst) values ('895b6a0f-fd91-4543-9cbe-13313e13ead4','e9fcb950-3afe-47c9-83cf-6b59c9d3d017','point',3,'TeamD','TeamA');
insert into basketballpoints(eventId,player,result,point) values ('895b6a0f-fd91-4543-9cbe-13313e13ead4','Cody','made',2);
insert into basketballgameevents(id,gameId,playType,period,teamFor,teamAgainst) values ('ed89c217-878a-4164-9395-a841599dae32','e9fcb950-3afe-47c9-83cf-6b59c9d3d017','steal',3,'TeamD','TeamA');
insert into basketballsteals(eventId,player) values ('ed89c217-878a-4164-9395-a841599dae32','Caleb');
insert into basketballgameevents(id,gameId,playType,period,teamFor,teamAgainst) values ('9e6e86be-38b5-41bb-b37c-98bab1e9b886','e9fcb950-3afe-47c9-83cf-6b59c9d3d017','block',3,'TeamD','TeamA');
insert into basketballblocks(eventId,player) values ('9e6e86be-38b5-41bb-b37c-98bab1e9b886','Cody');
insert into basketballgameevents(id,gameId,playType,period,teamFor,teamAgainst) values ('03bad9f8-8065-4312-bbe8-1f06d76589ae','e9fcb950-3afe-47c9-83cf-6b59c9d3d017','rebound',3,'TeamA','TeamD');
insert into basketballrebounds(eventId,player) values ('03bad9f8-8065-4312-bbe8-1f06d76589ae','Doppler');
insert into basketballgameevents(id,gameId,playType,period,teamFor,teamAgainst) values ('5da1ca89-f611-488b-be16-d01ef3064971','e9fcb950-3afe-47c9-83cf-6b59c9d3d017','rebound',3,'TeamA','TeamD');
insert into basketballrebounds(eventId,player) values ('5da1ca89-f611-488b-be16-d01ef3064971','Denver');
insert into basketballgameevents(id,gameId,playType,period,teamFor,teamAgainst) values ('22311880-6c55-456d-9746-c187d9d96709','e9fcb950-3afe-47c9-83cf-6b59c9d3d017','turnover',3,'TeamD','TeamA');
insert into basketballturnovers(eventId,player) values ('22311880-6c55-456d-9746-c187d9d96709','Caleb');
insert into basketballgameevents(id,gameId,playType,period,teamFor,teamAgainst) values ('43da2662-23a0-482f-8e1c-18c5a49821cf','e9fcb950-3afe-47c9-83cf-6b59c9d3d017','turnover',3,'TeamD','TeamA');
insert into basketballturnovers(eventId,player) values ('43da2662-23a0-482f-8e1c-18c5a49821cf','Camel');
insert into basketballgameevents(id,gameId,playType,period,teamFor,teamAgainst) values ('76c68ad7-81f7-40ee-a3c4-d9ccae93acbe','e9fcb950-3afe-47c9-83cf-6b59c9d3d017','rebound',3,'TeamA','TeamD');
insert into basketballrebounds(eventId,player) values ('76c68ad7-81f7-40ee-a3c4-d9ccae93acbe','Daniel');
insert into basketballgameevents(id,gameId,playType,period,teamFor,teamAgainst) values ('a56258a9-3524-4df8-a1a8-5bac9db5aa45','e9fcb950-3afe-47c9-83cf-6b59c9d3d017','steal',3,'TeamA','TeamD');
insert into basketballsteals(eventId,player) values ('a56258a9-3524-4df8-a1a8-5bac9db5aa45','Doppler');
insert into basketballgameevents(id,gameId,playType,period,teamFor,teamAgainst) values ('ab263838-2cee-4790-b6d7-b1af32551e19','e9fcb950-3afe-47c9-83cf-6b59c9d3d017','rebound',3,'TeamA','TeamD');
insert into basketballrebounds(eventId,player) values ('ab263838-2cee-4790-b6d7-b1af32551e19','Doppler');
insert into basketballgameevents(id,gameId,playType,period,teamFor,teamAgainst) values ('616d42ae-24a9-492e-bb9d-54e7ee7a0837','e9fcb950-3afe-47c9-83cf-6b59c9d3d017','turnover',3,'TeamA','TeamD');
insert into basketballturnovers(eventId,player) values ('616d42ae-24a9-492e-bb9d-54e7ee7a0837','Daniel');
insert into basketballgameevents(id,gameId,playType,period,teamFor,teamAgainst) values ('34a33e6b-ff89-4249-bbd1-0e70197f8e09','e9fcb950-3afe-47c9-83cf-6b59c9d3d017','steal',3,'TeamD','TeamA');
insert into basketballsteals(eventId,player) values ('34a33e6b-ff89-4249-bbd1-0e70197f8e09','Cody');
insert into basketballgameevents(id,gameId,playType,period,teamFor,teamAgainst) values ('d6647182-3f95-46f9-a5c9-0fe139cf0f8c','e9fcb950-3afe-47c9-83cf-6b59c9d3d017','point',3,'TeamD','TeamA');
insert into basketballpoints(eventId,player,result,point) values ('d6647182-3f95-46f9-a5c9-0fe139cf0f8c','Cody','made',2);
insert into basketballgameevents(id,gameId,playType,period,teamFor,teamAgainst) values ('461c7677-808e-4c0f-b13c-b7aac076ea5c','e9fcb950-3afe-47c9-83cf-6b59c9d3d017','foul',3,'TeamA','TeamD');
insert into basketballfouls(eventId,player,reason) values ('461c7677-808e-4c0f-b13c-b7aac076ea5c','Daniel','Pushing');
insert into basketballgameevents(id,gameId,playType,period,teamFor,teamAgainst) values ('8057ed00-ef93-4234-b5ad-e1ebb0b05638','e9fcb950-3afe-47c9-83cf-6b59c9d3d017','turnover',3,'TeamD','TeamA');
insert into basketballturnovers(eventId,player) values ('8057ed00-ef93-4234-b5ad-e1ebb0b05638','Cameron');
insert into basketballgameevents(id,gameId,playType,period,teamFor,teamAgainst) values ('5e2bdbfe-9125-41d5-af75-2c4527ed1bac','e9fcb950-3afe-47c9-83cf-6b59c9d3d017','steal',3,'TeamD','TeamA');
insert into basketballsteals(eventId,player) values ('5e2bdbfe-9125-41d5-af75-2c4527ed1bac','Cameron');
insert into basketballgameevents(id,gameId,playType,period,teamFor,teamAgainst) values ('d6a82562-756e-49ce-943a-14e0ec753f5b','e9fcb950-3afe-47c9-83cf-6b59c9d3d017','foul',3,'TeamA','TeamD');
insert into basketballfouls(eventId,player,reason) values ('d6a82562-756e-49ce-943a-14e0ec753f5b','Daniel','Holding');
insert into basketballgameevents(id,gameId,playType,period,teamFor,teamAgainst) values ('60b3fd0b-20a6-4b1a-8014-07c343da028e','e9fcb950-3afe-47c9-83cf-6b59c9d3d017','block',3,'TeamD','TeamA');
insert into basketballblocks(eventId,player) values ('60b3fd0b-20a6-4b1a-8014-07c343da028e','Camel');
insert into basketballgameevents(id,gameId,playType,period,teamFor,teamAgainst) values ('9d39e0a7-7b53-4736-90f7-0d317eb6137f','e9fcb950-3afe-47c9-83cf-6b59c9d3d017','rebound',3,'TeamA','TeamD');
insert into basketballrebounds(eventId,player) values ('9d39e0a7-7b53-4736-90f7-0d317eb6137f','Dapper');
insert into basketballgameevents(id,gameId,playType,period,teamFor,teamAgainst) values ('557615f3-ea13-4ca8-9e3b-fcd14700d26a','e9fcb950-3afe-47c9-83cf-6b59c9d3d017','block',3,'TeamA','TeamD');
insert into basketballblocks(eventId,player) values ('557615f3-ea13-4ca8-9e3b-fcd14700d26a','Dickson');
insert into basketballgameevents(id,gameId,playType,period,teamFor,teamAgainst) values ('1ae5ef42-cfa7-4e52-804d-d60da07fde8b','e9fcb950-3afe-47c9-83cf-6b59c9d3d017','point',3,'TeamA','TeamD');
insert into basketballpoints(eventId,player,result,point) values ('1ae5ef42-cfa7-4e52-804d-d60da07fde8b','Denver','made',3);
insert into basketballgameevents(id,gameId,playType,period,teamFor,teamAgainst) values ('a1d730c3-790b-4d88-9231-3b481626f6a2','e9fcb950-3afe-47c9-83cf-6b59c9d3d017','rebound',3,'TeamA','TeamD');
insert into basketballrebounds(eventId,player) values ('a1d730c3-790b-4d88-9231-3b481626f6a2','Denver');
insert into basketballgameevents(id,gameId,playType,period,teamFor,teamAgainst) values ('7b8e4431-b29e-4203-90ff-b5d75a78ad2e','e9fcb950-3afe-47c9-83cf-6b59c9d3d017','block',3,'TeamA','TeamD');
insert into basketballblocks(eventId,player) values ('7b8e4431-b29e-4203-90ff-b5d75a78ad2e','Dickson');
insert into basketballgameevents(id,gameId,playType,period,teamFor,teamAgainst) values ('6bc8e841-8ba4-443c-b635-a88d9f8c3bde','e9fcb950-3afe-47c9-83cf-6b59c9d3d017','steal',3,'TeamA','TeamD');
insert into basketballsteals(eventId,player) values ('6bc8e841-8ba4-443c-b635-a88d9f8c3bde','Dickson');
insert into basketballgameevents(id,gameId,playType,period,teamFor,teamAgainst) values ('7faf7739-f6a0-440b-93fb-ba6ee79d5d1e','e9fcb950-3afe-47c9-83cf-6b59c9d3d017','steal',3,'TeamA','TeamD');
insert into basketballsteals(eventId,player) values ('7faf7739-f6a0-440b-93fb-ba6ee79d5d1e','Dapper');
insert into basketballgameevents(id,gameId,playType,period,teamFor,teamAgainst) values ('1279c5f6-31bd-4bb2-be86-122f9b00fb17','e9fcb950-3afe-47c9-83cf-6b59c9d3d017','steal',3,'TeamD','TeamA');
insert into basketballsteals(eventId,player) values ('1279c5f6-31bd-4bb2-be86-122f9b00fb17','Cauchy');
insert into basketballgameevents(id,gameId,playType,period,teamFor,teamAgainst) values ('3ba0e281-3dec-4fe0-84bf-afb1c2f4d512','e9fcb950-3afe-47c9-83cf-6b59c9d3d017','steal',3,'TeamD','TeamA');
insert into basketballsteals(eventId,player) values ('3ba0e281-3dec-4fe0-84bf-afb1c2f4d512','Cameron');
insert into basketballgameevents(id,gameId,playType,period,teamFor,teamAgainst) values ('7e69cbe8-2757-432f-ab67-45eb900338a4','e9fcb950-3afe-47c9-83cf-6b59c9d3d017','foul',3,'TeamA','TeamD');
insert into basketballfouls(eventId,player,reason) values ('7e69cbe8-2757-432f-ab67-45eb900338a4','Daniel','Pushing');
insert into basketballgameevents(id,gameId,playType,period,teamFor,teamAgainst) values ('4e989b6d-8095-4c88-88ff-3b14478dca58','e9fcb950-3afe-47c9-83cf-6b59c9d3d017','turnover',3,'TeamD','TeamA');
insert into basketballturnovers(eventId,player) values ('4e989b6d-8095-4c88-88ff-3b14478dca58','Camel');
insert into basketballgameevents(id,gameId,playType,period,teamFor,teamAgainst) values ('ab913211-4d84-4fcf-a028-68a53389554e','e9fcb950-3afe-47c9-83cf-6b59c9d3d017','steal',3,'TeamA','TeamD');
insert into basketballsteals(eventId,player) values ('ab913211-4d84-4fcf-a028-68a53389554e','Dapper');
insert into basketballgameevents(id,gameId,playType,period,teamFor,teamAgainst) values ('e25bd688-7c8b-447e-a37f-c921f490e823','e9fcb950-3afe-47c9-83cf-6b59c9d3d017','turnover',3,'TeamD','TeamA');
insert into basketballturnovers(eventId,player) values ('e25bd688-7c8b-447e-a37f-c921f490e823','Caleb');
insert into basketballgameevents(id,gameId,playType,period,teamFor,teamAgainst) values ('5f5d4df1-f722-4c97-a636-ac30a0a24a45','e9fcb950-3afe-47c9-83cf-6b59c9d3d017','point',3,'TeamA','TeamD');
insert into basketballpoints(eventId,player,result,point) values ('5f5d4df1-f722-4c97-a636-ac30a0a24a45','Doppler','miss',3);
insert into basketballgameevents(id,gameId,playType,period,teamFor,teamAgainst) values ('a05e4c16-ee93-4652-82fc-8b0739d5aec7','e9fcb950-3afe-47c9-83cf-6b59c9d3d017','block',3,'TeamA','TeamD');
insert into basketballblocks(eventId,player) values ('a05e4c16-ee93-4652-82fc-8b0739d5aec7','Doppler');
insert into basketballgameevents(id,gameId,playType,period,teamFor,teamAgainst) values ('74ad6a5b-fa5f-482b-bf33-4be487529511','e9fcb950-3afe-47c9-83cf-6b59c9d3d017','steal',3,'TeamD','TeamA');
insert into basketballsteals(eventId,player) values ('74ad6a5b-fa5f-482b-bf33-4be487529511','Cody');
insert into basketballgameevents(id,gameId,playType,period,teamFor,teamAgainst) values ('e082e64e-7ea6-4ea6-bea0-8a25092e68c2','e9fcb950-3afe-47c9-83cf-6b59c9d3d017','point',3,'TeamD','TeamA');
insert into basketballpoints(eventId,player,assist,result,point) values ('e082e64e-7ea6-4ea6-bea0-8a25092e68c2', 'Cody', 'Camel', 'made', 3);
insert into basketballgameevents(id,gameId,playType,period,teamFor,teamAgainst) values ('4d0d54b8-6901-4fde-b35e-18e789723e08','e9fcb950-3afe-47c9-83cf-6b59c9d3d017','point',4,'TeamD','TeamA');
insert into basketballpoints(eventId,player,assist,result,point) values ('4d0d54b8-6901-4fde-b35e-18e789723e08', 'Cauchy', 'Camel', 'made', 3);
insert into basketballgameevents(id,gameId,playType,period,teamFor,teamAgainst) values ('84e6d1cc-bc33-4e02-87d8-1e4ffc1ad495','e9fcb950-3afe-47c9-83cf-6b59c9d3d017','foul',4,'TeamA','TeamD');
insert into basketballfouls(eventId,player,reason) values ('84e6d1cc-bc33-4e02-87d8-1e4ffc1ad495','Daniel','Holding');
insert into basketballgameevents(id,gameId,playType,period,teamFor,teamAgainst) values ('95b86733-7ec5-4e79-ac1e-0d485c340cc5','e9fcb950-3afe-47c9-83cf-6b59c9d3d017','steal',4,'TeamA','TeamD');
insert into basketballsteals(eventId,player) values ('95b86733-7ec5-4e79-ac1e-0d485c340cc5','Daniel');
insert into basketballgameevents(id,gameId,playType,period,teamFor,teamAgainst) values ('22251171-35ae-4ae3-829f-d2e4f418fc20','e9fcb950-3afe-47c9-83cf-6b59c9d3d017','turnover',4,'TeamA','TeamD');
insert into basketballturnovers(eventId,player) values ('22251171-35ae-4ae3-829f-d2e4f418fc20','Dickson');
insert into basketballgameevents(id,gameId,playType,period,teamFor,teamAgainst) values ('b0637f81-ccb2-4053-945e-317829ae76ba','e9fcb950-3afe-47c9-83cf-6b59c9d3d017','point',4,'TeamD','TeamA');
insert into basketballpoints(eventId,player,assist,result,point) values ('b0637f81-ccb2-4053-945e-317829ae76ba', 'Cody', 'Camel', 'made', 3);
insert into basketballgameevents(id,gameId,playType,period,teamFor,teamAgainst) values ('9a3ed970-123e-4fa2-a453-e488fe681a44','e9fcb950-3afe-47c9-83cf-6b59c9d3d017','rebound',4,'TeamA','TeamD');
insert into basketballrebounds(eventId,player) values ('9a3ed970-123e-4fa2-a453-e488fe681a44','Denver');
insert into basketballgameevents(id,gameId,playType,period,teamFor,teamAgainst) values ('0bc44ba4-af74-45dd-881c-0b7139e7a152','e9fcb950-3afe-47c9-83cf-6b59c9d3d017','turnover',4,'TeamA','TeamD');
insert into basketballturnovers(eventId,player) values ('0bc44ba4-af74-45dd-881c-0b7139e7a152','Daniel');
insert into basketballgameevents(id,gameId,playType,period,teamFor,teamAgainst) values ('2723091a-f2cf-4494-b1ed-343b820044ba','e9fcb950-3afe-47c9-83cf-6b59c9d3d017','rebound',4,'TeamD','TeamA');
insert into basketballrebounds(eventId,player) values ('2723091a-f2cf-4494-b1ed-343b820044ba','Cameron');
insert into basketballgameevents(id,gameId,playType,period,teamFor,teamAgainst) values ('ab8dd8e6-8b73-4819-ab79-da6c8ad89107','e9fcb950-3afe-47c9-83cf-6b59c9d3d017','foul',4,'TeamD','TeamA');
insert into basketballfouls(eventId,player,reason) values ('ab8dd8e6-8b73-4819-ab79-da6c8ad89107','Cameron','Holding');
insert into basketballgameevents(id,gameId,playType,period,teamFor,teamAgainst) values ('6a0486c4-5f93-44e1-8a8a-77b60caf8631','e9fcb950-3afe-47c9-83cf-6b59c9d3d017','rebound',4,'TeamA','TeamD');
insert into basketballrebounds(eventId,player) values ('6a0486c4-5f93-44e1-8a8a-77b60caf8631','Dickson');
insert into basketballgameevents(id,gameId,playType,period,teamFor,teamAgainst) values ('c7d89c4d-a182-4051-a368-f2359aed1347','e9fcb950-3afe-47c9-83cf-6b59c9d3d017','point',4,'TeamD','TeamA');
insert into basketballpoints(eventId,player,result,point) values ('c7d89c4d-a182-4051-a368-f2359aed1347','Camel','miss',3);
insert into basketballgameevents(id,gameId,playType,period,teamFor,teamAgainst) values ('b5e3a745-8a6a-4a44-9154-cb0fa887f487','e9fcb950-3afe-47c9-83cf-6b59c9d3d017','rebound',4,'TeamD','TeamA');
insert into basketballrebounds(eventId,player) values ('b5e3a745-8a6a-4a44-9154-cb0fa887f487','Cauchy');
insert into basketballgameevents(id,gameId,playType,period,teamFor,teamAgainst) values ('0a494ad1-5cf0-40b2-be76-c05ddc26a285','e9fcb950-3afe-47c9-83cf-6b59c9d3d017','point',4,'TeamD','TeamA');
insert into basketballpoints(eventId,player,result,point) values ('0a494ad1-5cf0-40b2-be76-c05ddc26a285','Cauchy','miss',2);
insert into basketballgameevents(id,gameId,playType,period,teamFor,teamAgainst) values ('9025da67-3faf-4130-ab2c-5de283463d52','e9fcb950-3afe-47c9-83cf-6b59c9d3d017','steal',4,'TeamA','TeamD');
insert into basketballsteals(eventId,player) values ('9025da67-3faf-4130-ab2c-5de283463d52','Daniel');
insert into basketballgameevents(id,gameId,playType,period,teamFor,teamAgainst) values ('bc379577-eb00-4f3d-9a62-4e0cfbbfc8e9','e9fcb950-3afe-47c9-83cf-6b59c9d3d017','point',4,'TeamD','TeamA');
insert into basketballpoints(eventId,player,assist,result,point) values ('bc379577-eb00-4f3d-9a62-4e0cfbbfc8e9', 'Caleb', 'Cameron', 'made', 1);
insert into basketballgameevents(id,gameId,playType,period,teamFor,teamAgainst) values ('3f9188f7-2d2f-45f8-805d-1eebff512659','e9fcb950-3afe-47c9-83cf-6b59c9d3d017','turnover',4,'TeamD','TeamA');
insert into basketballturnovers(eventId,player) values ('3f9188f7-2d2f-45f8-805d-1eebff512659','Cameron');
insert into basketballgameevents(id,gameId,playType,period,teamFor,teamAgainst) values ('ca8a5e52-2bdf-4491-b08d-aa6f9370bb4d','e9fcb950-3afe-47c9-83cf-6b59c9d3d017','steal',4,'TeamA','TeamD');
insert into basketballsteals(eventId,player) values ('ca8a5e52-2bdf-4491-b08d-aa6f9370bb4d','Denver');
insert into basketballgameevents(id,gameId,playType,period,teamFor,teamAgainst) values ('c0a25e27-bf9e-42c9-b01f-4c3774db8d58','e9fcb950-3afe-47c9-83cf-6b59c9d3d017','block',4,'TeamA','TeamD');
insert into basketballblocks(eventId,player) values ('c0a25e27-bf9e-42c9-b01f-4c3774db8d58','Dapper');
insert into basketballgameevents(id,gameId,playType,period,teamFor,teamAgainst) values ('83dcedad-b60c-4653-8619-8b3f5edf8460','e9fcb950-3afe-47c9-83cf-6b59c9d3d017','block',4,'TeamD','TeamA');
insert into basketballblocks(eventId,player) values ('83dcedad-b60c-4653-8619-8b3f5edf8460','Caleb');
insert into basketballgameevents(id,gameId,playType,period,teamFor,teamAgainst) values ('0cb68e58-ab92-4d4f-9512-f98fa0d43fe7','e9fcb950-3afe-47c9-83cf-6b59c9d3d017','block',4,'TeamD','TeamA');
insert into basketballblocks(eventId,player) values ('0cb68e58-ab92-4d4f-9512-f98fa0d43fe7','Cody');
insert into basketballgameevents(id,gameId,playType,period,teamFor,teamAgainst) values ('75c0f241-5c4e-4318-b86e-378becf1cf67','e9fcb950-3afe-47c9-83cf-6b59c9d3d017','turnover',4,'TeamA','TeamD');
insert into basketballturnovers(eventId,player) values ('75c0f241-5c4e-4318-b86e-378becf1cf67','Doppler');
insert into basketballgameevents(id,gameId,playType,period,teamFor,teamAgainst) values ('26de39a9-7d4c-435a-bf41-e059e9a81b0a','e9fcb950-3afe-47c9-83cf-6b59c9d3d017','steal',4,'TeamA','TeamD');
insert into basketballsteals(eventId,player) values ('26de39a9-7d4c-435a-bf41-e059e9a81b0a','Dickson');
insert into basketballgameevents(id,gameId,playType,period,teamFor,teamAgainst) values ('b76682f9-1d93-4431-a754-f9793b936ef3','e9fcb950-3afe-47c9-83cf-6b59c9d3d017','rebound',4,'TeamD','TeamA');
insert into basketballrebounds(eventId,player) values ('b76682f9-1d93-4431-a754-f9793b936ef3','Cauchy');
insert into basketballgameevents(id,gameId,playType,period,teamFor,teamAgainst) values ('af4983cd-743e-403d-834a-d020339076be','e9fcb950-3afe-47c9-83cf-6b59c9d3d017','block',4,'TeamA','TeamD');
insert into basketballblocks(eventId,player) values ('af4983cd-743e-403d-834a-d020339076be','Dapper');
insert into basketballgameevents(id,gameId,playType,period,teamFor,teamAgainst) values ('c274b171-c039-45dd-970e-e83696ae924a','e9fcb950-3afe-47c9-83cf-6b59c9d3d017','rebound',4,'TeamD','TeamA');
insert into basketballrebounds(eventId,player) values ('c274b171-c039-45dd-970e-e83696ae924a','Camel');
insert into basketballgameevents(id,gameId,playType,period,teamFor,teamAgainst) values ('74dd94cd-dd09-4427-8a40-bd09af1622dc','e9fcb950-3afe-47c9-83cf-6b59c9d3d017','turnover',4,'TeamA','TeamD');
insert into basketballturnovers(eventId,player) values ('74dd94cd-dd09-4427-8a40-bd09af1622dc','Denver');
insert into basketballgameevents(id,gameId,playType,period,teamFor,teamAgainst) values ('8504d43f-7dcc-4171-9dc3-08f961c6317f','e9fcb950-3afe-47c9-83cf-6b59c9d3d017','block',4,'TeamD','TeamA');
insert into basketballblocks(eventId,player) values ('8504d43f-7dcc-4171-9dc3-08f961c6317f','Cody');
insert into basketballgameevents(id,gameId,playType,period,teamFor,teamAgainst) values ('6034800d-20c2-4969-a9b7-9917b8f8a19c','e9fcb950-3afe-47c9-83cf-6b59c9d3d017','foul',4,'TeamD','TeamA');
insert into basketballfouls(eventId,player,reason) values ('6034800d-20c2-4969-a9b7-9917b8f8a19c','Caleb','Pushing');
insert into basketballgameevents(id,gameId,playType,period,teamFor,teamAgainst) values ('d5ec1002-5f95-43ba-8e1d-e386256e127c','e9fcb950-3afe-47c9-83cf-6b59c9d3d017','foul',4,'TeamD','TeamA');
insert into basketballfouls(eventId,player,reason) values ('d5ec1002-5f95-43ba-8e1d-e386256e127c','Cameron','Pushing');
insert into basketballgameevents(id,gameId,playType,period,teamFor,teamAgainst) values ('357ed97c-1566-4893-ba84-aadfd34df4e6','e9fcb950-3afe-47c9-83cf-6b59c9d3d017','point',4,'TeamD','TeamA');
insert into basketballpoints(eventId,player,result,point) values ('357ed97c-1566-4893-ba84-aadfd34df4e6','Camel','miss',1);
insert into basketballgameevents(id,gameId,playType,period,teamFor,teamAgainst) values ('264efe65-a7ae-44f4-8f74-64330f23cae8','e9fcb950-3afe-47c9-83cf-6b59c9d3d017','steal',4,'TeamD','TeamA');
insert into basketballsteals(eventId,player) values ('264efe65-a7ae-44f4-8f74-64330f23cae8','Camel');
insert into basketballgameevents(id,gameId,playType,period,teamFor,teamAgainst) values ('e7add14a-6589-4b6e-9b83-b4c10539984b','e9fcb950-3afe-47c9-83cf-6b59c9d3d017','turnover',4,'TeamA','TeamD');
insert into basketballturnovers(eventId,player) values ('e7add14a-6589-4b6e-9b83-b4c10539984b','Doppler');
insert into basketballgameevents(id,gameId,playType,period,teamFor,teamAgainst) values ('4ad77fa0-29a3-4699-b706-ca87676fba09','e9fcb950-3afe-47c9-83cf-6b59c9d3d017','turnover',4,'TeamD','TeamA');
insert into basketballturnovers(eventId,player) values ('4ad77fa0-29a3-4699-b706-ca87676fba09','Caleb');
insert into basketballgameevents(id,gameId,playType,period,teamFor,teamAgainst) values ('b4d4b314-a0c8-4fb4-bb5e-ae128107df94','e9fcb950-3afe-47c9-83cf-6b59c9d3d017','block',4,'TeamD','TeamA');
insert into basketballblocks(eventId,player) values ('b4d4b314-a0c8-4fb4-bb5e-ae128107df94','Cauchy');
insert into basketballgameevents(id,gameId,playType,period,teamFor,teamAgainst) values ('544b04e2-e8fd-40ba-9211-4c68d74e61a2','e9fcb950-3afe-47c9-83cf-6b59c9d3d017','turnover',4,'TeamD','TeamA');
insert into basketballturnovers(eventId,player) values ('544b04e2-e8fd-40ba-9211-4c68d74e61a2','Cauchy');
insert into basketballgameevents(id,gameId,playType,period,teamFor,teamAgainst) values ('9327b866-734a-4683-b4a8-4d9651771f95','e9fcb950-3afe-47c9-83cf-6b59c9d3d017','turnover',4,'TeamD','TeamA');
insert into basketballturnovers(eventId,player) values ('9327b866-734a-4683-b4a8-4d9651771f95','Cauchy');
insert into basketballgameevents(id,gameId,playType,period,teamFor,teamAgainst) values ('8f09454a-3167-4370-b0dd-41557bf5bf91','e9fcb950-3afe-47c9-83cf-6b59c9d3d017','turnover',4,'TeamD','TeamA');
insert into basketballturnovers(eventId,player) values ('8f09454a-3167-4370-b0dd-41557bf5bf91','Caleb');
insert into basketballgameevents(id,gameId,playType,period,teamFor,teamAgainst) values ('c9f32fee-749e-4484-95e6-008589ffbda8','e9fcb950-3afe-47c9-83cf-6b59c9d3d017','foul',4,'TeamD','TeamA');
insert into basketballfouls(eventId,player,reason) values ('c9f32fee-749e-4484-95e6-008589ffbda8','Cameron','Holding');
insert into basketballgameevents(id,gameId,playType,period,teamFor,teamAgainst) values ('ba16a31d-0cc8-4af2-80cc-e5652087cf2a','e9fcb950-3afe-47c9-83cf-6b59c9d3d017','foul',4,'TeamD','TeamA');
insert into basketballfouls(eventId,player,reason) values ('ba16a31d-0cc8-4af2-80cc-e5652087cf2a','Cameron','Pushing');
insert into basketballgameevents(id,gameId,playType,period,teamFor,teamAgainst) values ('d5081a05-26ba-403a-9877-fa8a2137156c','e9fcb950-3afe-47c9-83cf-6b59c9d3d017','turnover',4,'TeamA','TeamD');
insert into basketballturnovers(eventId,player) values ('d5081a05-26ba-403a-9877-fa8a2137156c','Dapper');
insert into basketballgameevents(id,gameId,playType,period,teamFor,teamAgainst) values ('7a386236-979e-4e32-8bed-ff1e43c17ff8','e9fcb950-3afe-47c9-83cf-6b59c9d3d017','point',4,'TeamD','TeamA');
insert into basketballpoints(eventId,player,assist,result,point) values ('7a386236-979e-4e32-8bed-ff1e43c17ff8', 'Caleb', 'Cody', 'made', 2);
insert into basketballgameevents(id,gameId,playType,period,teamFor,teamAgainst) values ('d65c92b7-5702-4291-8f64-1f308029ad37','e9fcb950-3afe-47c9-83cf-6b59c9d3d017','point',4,'TeamD','TeamA');
insert into basketballpoints(eventId,player,result,point) values ('d65c92b7-5702-4291-8f64-1f308029ad37','Camel','miss',3);
insert into basketballgameevents(id,gameId,playType,period,teamFor,teamAgainst) values ('ac8f1112-cae4-4e9e-84e9-900af01e694c','e9fcb950-3afe-47c9-83cf-6b59c9d3d017','block',4,'TeamD','TeamA');
insert into basketballblocks(eventId,player) values ('ac8f1112-cae4-4e9e-84e9-900af01e694c','Camel');
insert into basketballgameevents(id,gameId,playType,period,teamFor,teamAgainst) values ('958d93b0-b47c-47e4-a425-548ae151e44a','e9fcb950-3afe-47c9-83cf-6b59c9d3d017','turnover',4,'TeamA','TeamD');
insert into basketballturnovers(eventId,player) values ('958d93b0-b47c-47e4-a425-548ae151e44a','Dickson');
insert into basketballgameevents(id,gameId,playType,period,teamFor,teamAgainst) values ('6b56bdf7-953e-4c10-af9d-783376e786d5','e9fcb950-3afe-47c9-83cf-6b59c9d3d017','steal',4,'TeamD','TeamA');
insert into basketballsteals(eventId,player) values ('6b56bdf7-953e-4c10-af9d-783376e786d5','Cody');
insert into basketballgameevents(id,gameId,playType,period,teamFor,teamAgainst) values ('f74939db-cdf6-4985-ae1f-9397ba8f1ab4','e9fcb950-3afe-47c9-83cf-6b59c9d3d017','point',4,'TeamA','TeamD');
insert into basketballpoints(eventId,player,result,point) values ('f74939db-cdf6-4985-ae1f-9397ba8f1ab4','Doppler','miss',1);
insert into basketballgameevents(id,gameId,playType,period,teamFor,teamAgainst) values ('242df047-18be-4b82-81de-eda05fdcd465','e9fcb950-3afe-47c9-83cf-6b59c9d3d017','block',4,'TeamA','TeamD');
insert into basketballblocks(eventId,player) values ('242df047-18be-4b82-81de-eda05fdcd465','Doppler');
insert into basketballgameevents(id,gameId,playType,period,teamFor,teamAgainst) values ('19a8501f-3e11-4bc2-9de2-0f42b58605ad','e9fcb950-3afe-47c9-83cf-6b59c9d3d017','foul',4,'TeamD','TeamA');
insert into basketballfouls(eventId,player,reason) values ('19a8501f-3e11-4bc2-9de2-0f42b58605ad','Caleb','Holding');
insert into basketballgameevents(id,gameId,playType,period,teamFor,teamAgainst) values ('4bd47fa7-87a8-4f5b-a02d-4b0e55fb4c80','e9fcb950-3afe-47c9-83cf-6b59c9d3d017','steal',4,'TeamD','TeamA');
insert into basketballsteals(eventId,player) values ('4bd47fa7-87a8-4f5b-a02d-4b0e55fb4c80','Caleb');
insert into basketballgameevents(id,gameId,playType,period,teamFor,teamAgainst) values ('3d692451-5db7-4c4f-8683-013dd52be8a9','e9fcb950-3afe-47c9-83cf-6b59c9d3d017','steal',4,'TeamD','TeamA');
insert into basketballsteals(eventId,player) values ('3d692451-5db7-4c4f-8683-013dd52be8a9','Caleb');
insert into basketballgameevents(id,gameId,playType,period,teamFor,teamAgainst) values ('ea067d73-6b2d-4ccf-bfd4-def0651c7030','e9fcb950-3afe-47c9-83cf-6b59c9d3d017','rebound',4,'TeamA','TeamD');
insert into basketballrebounds(eventId,player) values ('ea067d73-6b2d-4ccf-bfd4-def0651c7030','Denver');
insert into basketballgameevents(id,gameId,playType,period,teamFor,teamAgainst) values ('8f506204-7292-4cc3-aa7d-34f2f66e5530','e9fcb950-3afe-47c9-83cf-6b59c9d3d017','block',4,'TeamD','TeamA');
insert into basketballblocks(eventId,player) values ('8f506204-7292-4cc3-aa7d-34f2f66e5530','Camel');
insert into basketballgameevents(id,gameId,playType,period,teamFor,teamAgainst) values ('bcbe2248-c36c-4115-99cb-322e94f12cae','e9fcb950-3afe-47c9-83cf-6b59c9d3d017','rebound',4,'TeamD','TeamA');
insert into basketballrebounds(eventId,player) values ('bcbe2248-c36c-4115-99cb-322e94f12cae','Cameron');
insert into basketballgameevents(id,gameId,playType,period,teamFor,teamAgainst) values ('6273f64f-765f-4948-ad75-f24bacc28e8f','e9fcb950-3afe-47c9-83cf-6b59c9d3d017','steal',4,'TeamD','TeamA');
insert into basketballsteals(eventId,player) values ('6273f64f-765f-4948-ad75-f24bacc28e8f','Cody');
insert into basketballgameevents(id,gameId,playType,period,teamFor,teamAgainst) values ('0416554e-b0f2-47e8-9ab5-8c16f71943a1','e9fcb950-3afe-47c9-83cf-6b59c9d3d017','turnover',4,'TeamD','TeamA');
insert into basketballturnovers(eventId,player) values ('0416554e-b0f2-47e8-9ab5-8c16f71943a1','Cody');
insert into basketballgameevents(id,gameId,playType,period,teamFor,teamAgainst) values ('c89d3755-a446-4fc9-bf3a-f6313af4df66','e9fcb950-3afe-47c9-83cf-6b59c9d3d017','foul',4,'TeamD','TeamA');
insert into basketballfouls(eventId,player,reason) values ('c89d3755-a446-4fc9-bf3a-f6313af4df66','Caleb','Pushing');
insert into basketballgameevents(id,gameId,playType,period,teamFor,teamAgainst) values ('168ddf64-396b-437b-ac77-754b44323dde','e9fcb950-3afe-47c9-83cf-6b59c9d3d017','point',4,'TeamD','TeamA');
insert into basketballpoints(eventId,player,result,point) values ('168ddf64-396b-437b-ac77-754b44323dde','Cauchy','made',2);
insert into basketballgameevents(id,gameId,playType,period,teamFor,teamAgainst) values ('36e97b27-f715-4849-963b-cbdce47a42f7','e9fcb950-3afe-47c9-83cf-6b59c9d3d017','foul',4,'TeamD','TeamA');
insert into basketballfouls(eventId,player,reason) values ('36e97b27-f715-4849-963b-cbdce47a42f7','Cauchy','Pushing');
insert into basketballgameevents(id,gameId,playType,period,teamFor,teamAgainst) values ('e5b89d16-a41a-411c-9e14-59dce1059163','e9fcb950-3afe-47c9-83cf-6b59c9d3d017','block',4,'TeamD','TeamA');
insert into basketballblocks(eventId,player) values ('e5b89d16-a41a-411c-9e14-59dce1059163','Cauchy');
insert into basketballgameevents(id,gameId,playType,period,teamFor,teamAgainst) values ('d23429ef-c424-439c-b7ac-587562193a9d','e9fcb950-3afe-47c9-83cf-6b59c9d3d017','block',4,'TeamD','TeamA');
insert into basketballblocks(eventId,player) values ('d23429ef-c424-439c-b7ac-587562193a9d','Caleb');
insert into basketballgameevents(id,gameId,playType,period,teamFor,teamAgainst) values ('80df4b66-460e-4bb6-af46-e6c0125cc1d3','e9fcb950-3afe-47c9-83cf-6b59c9d3d017','point',4,'TeamA','TeamD');
insert into basketballpoints(eventId,player,result,point) values ('80df4b66-460e-4bb6-af46-e6c0125cc1d3','Denver','miss',3);
insert into basketballgameevents(id,gameId,playType,period,teamFor,teamAgainst) values ('cedec9b1-90a4-456f-9abf-d9caabeafa19','e9fcb950-3afe-47c9-83cf-6b59c9d3d017','steal',4,'TeamD','TeamA');
insert into basketballsteals(eventId,player) values ('cedec9b1-90a4-456f-9abf-d9caabeafa19','Cameron');
insert into basketballgameevents(id,gameId,playType,period,teamFor,teamAgainst) values ('ede21ad7-7c3d-4dc2-be8d-c84dcb45bd92','e9fcb950-3afe-47c9-83cf-6b59c9d3d017','turnover',4,'TeamD','TeamA');
insert into basketballturnovers(eventId,player) values ('ede21ad7-7c3d-4dc2-be8d-c84dcb45bd92','Caleb');
insert into basketballgameevents(id,gameId,playType,period,teamFor,teamAgainst) values ('8b48278a-0a11-4fc6-9fb1-10a3abfd311e','e9fcb950-3afe-47c9-83cf-6b59c9d3d017','foul',4,'TeamD','TeamA');
insert into basketballfouls(eventId,player,reason) values ('8b48278a-0a11-4fc6-9fb1-10a3abfd311e','Cody','Holding');
insert into basketballgameevents(id,gameId,playType,period,teamFor,teamAgainst) values ('63cc7100-1ff4-486d-90a6-7d7c6c56144f','e9fcb950-3afe-47c9-83cf-6b59c9d3d017','rebound',4,'TeamA','TeamD');
insert into basketballrebounds(eventId,player) values ('63cc7100-1ff4-486d-90a6-7d7c6c56144f','Dickson');
insert into basketballgameevents(id,gameId,playType,period,teamFor,teamAgainst) values ('cccf0364-c06a-4b49-b37d-fb763cfcf0d6','e9fcb950-3afe-47c9-83cf-6b59c9d3d017','block',4,'TeamD','TeamA');
insert into basketballblocks(eventId,player) values ('cccf0364-c06a-4b49-b37d-fb763cfcf0d6','Cameron');
insert into basketballgameevents(id,gameId,playType,period,teamFor,teamAgainst) values ('28a27842-9d9d-43d1-b808-b4a2316187ca','e9fcb950-3afe-47c9-83cf-6b59c9d3d017','turnover',4,'TeamA','TeamD');
insert into basketballturnovers(eventId,player) values ('28a27842-9d9d-43d1-b808-b4a2316187ca','Denver');
insert into basketballgameevents(id,gameId,playType,period,teamFor,teamAgainst) values ('12caf7ae-14f1-46c7-a4c8-64e6cab8c716','e9fcb950-3afe-47c9-83cf-6b59c9d3d017','turnover',4,'TeamA','TeamD');
insert into basketballturnovers(eventId,player) values ('12caf7ae-14f1-46c7-a4c8-64e6cab8c716','Dapper');
insert into basketballgameevents(id,gameId,playType,period,teamFor,teamAgainst) values ('5e5ddae8-d685-42a9-9459-c92417f8d0c6','e9fcb950-3afe-47c9-83cf-6b59c9d3d017','rebound',4,'TeamA','TeamD');
insert into basketballrebounds(eventId,player) values ('5e5ddae8-d685-42a9-9459-c92417f8d0c6','Dickson');
insert into basketballgameevents(id,gameId,playType,period,teamFor,teamAgainst) values ('692609bf-d420-4bbb-a92b-f4469bc62f6e','e9fcb950-3afe-47c9-83cf-6b59c9d3d017','block',4,'TeamD','TeamA');
insert into basketballblocks(eventId,player) values ('692609bf-d420-4bbb-a92b-f4469bc62f6e','Camel');
insert into basketballgameevents(id,gameId,playType,period,teamFor,teamAgainst) values ('505c05a7-9c18-4ab5-8757-ba4bb7274d71','e9fcb950-3afe-47c9-83cf-6b59c9d3d017','point',4,'TeamD','TeamA');
insert into basketballpoints(eventId,player,result,point) values ('505c05a7-9c18-4ab5-8757-ba4bb7274d71','Cauchy','miss',3);
insert into basketballgameevents(id,gameId,playType,period,teamFor,teamAgainst) values ('a07bc6cb-506a-4c2f-a541-248abd5b07fb','e9fcb950-3afe-47c9-83cf-6b59c9d3d017','block',4,'TeamD','TeamA');
insert into basketballblocks(eventId,player) values ('a07bc6cb-506a-4c2f-a541-248abd5b07fb','Cauchy');
insert into basketballgameevents(id,gameId,playType,period,teamFor,teamAgainst) values ('f61df04d-1635-4a73-936f-9e7d328560b6','e9fcb950-3afe-47c9-83cf-6b59c9d3d017','turnover',4,'TeamD','TeamA');
insert into basketballturnovers(eventId,player) values ('f61df04d-1635-4a73-936f-9e7d328560b6','Cauchy');
insert into basketballgameevents(id,gameId,playType,period,teamFor,teamAgainst) values ('365019d5-8d53-4daf-af9b-b49432069d94','e9fcb950-3afe-47c9-83cf-6b59c9d3d017','steal',4,'TeamD','TeamA');
insert into basketballsteals(eventId,player) values ('365019d5-8d53-4daf-af9b-b49432069d94','Cameron');
insert into basketballgameevents(id,gameId,playType,period,teamFor,teamAgainst) values ('87118f15-97bc-4ced-8d69-2890fc5d9d2b','e9fcb950-3afe-47c9-83cf-6b59c9d3d017','point',4,'TeamA','TeamD');
insert into basketballpoints(eventId,player,result,point) values ('87118f15-97bc-4ced-8d69-2890fc5d9d2b','Denver','miss',3);
insert into basketballgameevents(id,gameId,playType,period,teamFor,teamAgainst) values ('dd30e560-6898-450f-ad05-3a6875c75978','e9fcb950-3afe-47c9-83cf-6b59c9d3d017','foul',4,'TeamA','TeamD');
insert into basketballfouls(eventId,player,reason) values ('dd30e560-6898-450f-ad05-3a6875c75978','Denver','Pushing');
insert into basketballgameevents(id,gameId,playType,period,teamFor,teamAgainst) values ('faaa165a-2e78-4092-938e-f053c0a8c162','e9fcb950-3afe-47c9-83cf-6b59c9d3d017','turnover',4,'TeamD','TeamA');
insert into basketballturnovers(eventId,player) values ('faaa165a-2e78-4092-938e-f053c0a8c162','Cauchy');
insert into basketballgameevents(id,gameId,playType,period,teamFor,teamAgainst) values ('47497b41-a95e-4176-8b17-5054e5d936ae','e9fcb950-3afe-47c9-83cf-6b59c9d3d017','turnover',4,'TeamD','TeamA');
insert into basketballturnovers(eventId,player) values ('47497b41-a95e-4176-8b17-5054e5d936ae','Cameron');
insert into basketballgameevents(id,gameId,playType,period,teamFor,teamAgainst) values ('6de1243e-0758-47cc-b246-2642cf537a00','e9fcb950-3afe-47c9-83cf-6b59c9d3d017','rebound',4,'TeamD','TeamA');
insert into basketballrebounds(eventId,player) values ('6de1243e-0758-47cc-b246-2642cf537a00','Camel');
insert into basketballgameevents(id,gameId,playType,period,teamFor,teamAgainst) values ('5c5c2bd9-f8ab-49c1-ba6f-4e61a09e3a2d','e9fcb950-3afe-47c9-83cf-6b59c9d3d017','turnover',4,'TeamA','TeamD');
insert into basketballturnovers(eventId,player) values ('5c5c2bd9-f8ab-49c1-ba6f-4e61a09e3a2d','Dickson');
insert into basketballgameevents(id,gameId,playType,period,teamFor,teamAgainst) values ('75aa121a-52de-40cb-b8b8-ce3abbab97b5','e9fcb950-3afe-47c9-83cf-6b59c9d3d017','point',4,'TeamD','TeamA');
insert into basketballpoints(eventId,player,result,point) values ('75aa121a-52de-40cb-b8b8-ce3abbab97b5','Camel','made',3);
insert into basketballgameevents(id,gameId,playType,period,teamFor,teamAgainst) values ('73e07267-fe67-4226-ba92-220c2f97c7f8','e9fcb950-3afe-47c9-83cf-6b59c9d3d017','point',4,'TeamA','TeamD');
insert into basketballpoints(eventId,player,result,point) values ('73e07267-fe67-4226-ba92-220c2f97c7f8','Doppler','miss',2);
insert into basketballgameevents(id,gameId,playType,period,teamFor,teamAgainst) values ('c13451c2-bb89-483e-ae77-b37fa1134bab','e9fcb950-3afe-47c9-83cf-6b59c9d3d017','point',4,'TeamA','TeamD');
insert into basketballpoints(eventId,player,result,point) values ('c13451c2-bb89-483e-ae77-b37fa1134bab','Dickson','miss',2);
insert into basketballgameevents(id,gameId,playType,period,teamFor,teamAgainst) values ('d4193f4e-8db6-4869-bb04-627289dd07bb','e9fcb950-3afe-47c9-83cf-6b59c9d3d017','turnover',4,'TeamD','TeamA');
insert into basketballturnovers(eventId,player) values ('d4193f4e-8db6-4869-bb04-627289dd07bb','Cauchy');
insert into basketballgameevents(id,gameId,playType,period,teamFor,teamAgainst) values ('c556b4b0-7fcc-4c3c-a941-a4e10e3d590f','e9fcb950-3afe-47c9-83cf-6b59c9d3d017','point',4,'TeamD','TeamA');
insert into basketballpoints(eventId,player,assist,result,point) values ('c556b4b0-7fcc-4c3c-a941-a4e10e3d590f', 'Caleb', 'Cauchy', 'made', 3);
insert into basketballgameevents(id,gameId,playType,period,teamFor,teamAgainst) values ('d169e1c6-a10b-4036-8665-490606e043a1','e9fcb950-3afe-47c9-83cf-6b59c9d3d017','block',4,'TeamA','TeamD');
insert into basketballblocks(eventId,player) values ('d169e1c6-a10b-4036-8665-490606e043a1','Doppler');
insert into basketballgameevents(id,gameId,playType,period,teamFor,teamAgainst) values ('db5129ca-8f2d-457d-b97a-fa5e1722b78d','e9fcb950-3afe-47c9-83cf-6b59c9d3d017','foul',4,'TeamA','TeamD');
insert into basketballfouls(eventId,player,reason) values ('db5129ca-8f2d-457d-b97a-fa5e1722b78d','Dickson','Holding');
insert into basketballgameevents(id,gameId,playType,period,teamFor,teamAgainst) values ('45a045ca-5675-47d3-97aa-86418403cfe9','e9fcb950-3afe-47c9-83cf-6b59c9d3d017','turnover',4,'TeamA','TeamD');
insert into basketballturnovers(eventId,player) values ('45a045ca-5675-47d3-97aa-86418403cfe9','Doppler');
insert into basketballgameevents(id,gameId,playType,period,teamFor,teamAgainst) values ('303ca66a-90e9-4f33-b5b5-35c1547e7608','e9fcb950-3afe-47c9-83cf-6b59c9d3d017','foul',4,'TeamD','TeamA');
insert into basketballfouls(eventId,player,reason) values ('303ca66a-90e9-4f33-b5b5-35c1547e7608','Cameron','Holding');
insert into basketballgameevents(id,gameId,playType,period,teamFor,teamAgainst) values ('5d1ce468-bda3-4d51-9c48-772851f5f871','e9fcb950-3afe-47c9-83cf-6b59c9d3d017','rebound',4,'TeamD','TeamA');
insert into basketballrebounds(eventId,player) values ('5d1ce468-bda3-4d51-9c48-772851f5f871','Cody');
insert into basketballgameevents(id,gameId,playType,period,teamFor,teamAgainst) values ('5b50ec15-78b9-445d-b7c5-bc73214a5a1a','e9fcb950-3afe-47c9-83cf-6b59c9d3d017','point',4,'TeamD','TeamA');
insert into basketballpoints(eventId,player,result,point) values ('5b50ec15-78b9-445d-b7c5-bc73214a5a1a','Cody','miss',3);
insert into basketballgameevents(id,gameId,playType,period,teamFor,teamAgainst) values ('0a156ea0-4cdc-4eeb-bff0-5323c3b73792','e9fcb950-3afe-47c9-83cf-6b59c9d3d017','point',4,'TeamA','TeamD');
insert into basketballpoints(eventId,player,result,point) values ('0a156ea0-4cdc-4eeb-bff0-5323c3b73792','Dapper','miss',3);
insert into basketballgameevents(id,gameId,playType,period,teamFor,teamAgainst) values ('6ffa4bb0-b477-4c25-971a-5c82c2bc8ba3','e9fcb950-3afe-47c9-83cf-6b59c9d3d017','point',4,'TeamD','TeamA');
insert into basketballpoints(eventId,player,result,point) values ('6ffa4bb0-b477-4c25-971a-5c82c2bc8ba3','Cauchy','miss',3);
insert into basketballgameevents(id,gameId,playType,period,teamFor,teamAgainst) values ('6e0e54c7-0a20-49ba-8e4d-e05e4e2d7aac','e9fcb950-3afe-47c9-83cf-6b59c9d3d017','point',4,'TeamD','TeamA');
insert into basketballpoints(eventId,player,assist,result,point) values ('6e0e54c7-0a20-49ba-8e4d-e05e4e2d7aac', 'Caleb', 'Cody', 'made', 2);
insert into basketballgameevents(id,gameId,playType,period,teamFor,teamAgainst) values ('60d9c92f-3219-44c0-86c7-4cbfe2ca4f8d','e9fcb950-3afe-47c9-83cf-6b59c9d3d017','foul',4,'TeamA','TeamD');
insert into basketballfouls(eventId,player,reason) values ('60d9c92f-3219-44c0-86c7-4cbfe2ca4f8d','Denver','Pushing');
insert into basketballgameevents(id,gameId,playType,period,teamFor,teamAgainst) values ('b4f16483-acd8-4646-8481-f0dfa0c46fbb','e9fcb950-3afe-47c9-83cf-6b59c9d3d017','block',4,'TeamD','TeamA');
insert into basketballblocks(eventId,player) values ('b4f16483-acd8-4646-8481-f0dfa0c46fbb','Cameron');
insert into basketballgameevents(id,gameId,playType,period,teamFor,teamAgainst) values ('33264fb9-285a-4598-bf2b-5d828fe731a1','e9fcb950-3afe-47c9-83cf-6b59c9d3d017','block',4,'TeamD','TeamA');
insert into basketballblocks(eventId,player) values ('33264fb9-285a-4598-bf2b-5d828fe731a1','Camel');
insert into basketballgameevents(id,gameId,playType,period,teamFor,teamAgainst) values ('201c8674-e721-4398-b341-11dc8f62b968','e9fcb950-3afe-47c9-83cf-6b59c9d3d017','steal',4,'TeamD','TeamA');
insert into basketballsteals(eventId,player) values ('201c8674-e721-4398-b341-11dc8f62b968','Cody');
insert into basketballgameevents(id,gameId,playType,period,teamFor,teamAgainst) values ('ec07ac64-f349-4ed8-a34c-94b44d023ee9','e9fcb950-3afe-47c9-83cf-6b59c9d3d017','foul',4,'TeamD','TeamA');
insert into basketballfouls(eventId,player,reason) values ('ec07ac64-f349-4ed8-a34c-94b44d023ee9','Cauchy','Pushing');
insert into basketballgameevents(id,gameId,playType,period,teamFor,teamAgainst) values ('c4962ae7-4b9a-4aac-9a3b-b0c0afc6ca0a','e9fcb950-3afe-47c9-83cf-6b59c9d3d017','steal',4,'TeamA','TeamD');
insert into basketballsteals(eventId,player) values ('c4962ae7-4b9a-4aac-9a3b-b0c0afc6ca0a','Dapper');
