insert into users values ('c4220f10-0450-424a-a3bd-ba3738acce53', 'iram', 'iram_1nil@gmail.com', 'somehash');
insert into leagues values ('6ce49d32-bcc6-4df1-ad7f-a342b0a945ce', 'basketball', 'Small Ballers', 'password');
insert into leagues values ('3d978474-cc28-41bb-8547-d68a0c35b40c', 'basketball', 'Medium Ballers', 'password');
insert into leagues values ('5a756fc1-5d41-4e37-b556-255acac3d679', 'basketball', 'Big Ballers', 'password');
insert into basketballgames(id,leagueId,home,away,starttime) values ('b42f749b-4501-481b-82d8-7c9fadb1bd38','6ce49d32-bcc6-4df1-ad7f-a342b0a945ce','TeamA','TeamB','2023-02-23T22:42:43+00:00');
insert into basketballgameevents(id,gameId,playType,period,teamFor,teamAgainst) values ('1b8d3c7b-f068-41c2-9cff-1f7f0d49a079','b42f749b-4501-481b-82d8-7c9fadb1bd38','steal',1,'TeamB','TeamA');
insert into basketballsteals(eventId,player) values ('1b8d3c7b-f068-41c2-9cff-1f7f0d49a079','Beckham');
insert into basketballgameevents(id,gameId,playType,period,teamFor,teamAgainst) values ('9892784d-982e-4fd1-bd7a-69a42fddcd32','b42f749b-4501-481b-82d8-7c9fadb1bd38','foul',1,'TeamB','TeamA');
insert into basketballfouls(eventId,player,reason) values ('9892784d-982e-4fd1-bd7a-69a42fddcd32','Beckham','Holding');
insert into basketballgameevents(id,gameId,playType,period,teamFor,teamAgainst) values ('8d2fa80d-bc20-4476-86e1-eee6bbb2f29a','b42f749b-4501-481b-82d8-7c9fadb1bd38','steal',1,'TeamB','TeamA');
insert into basketballsteals(eventId,player) values ('8d2fa80d-bc20-4476-86e1-eee6bbb2f29a','Ben');
insert into basketballgameevents(id,gameId,playType,period,teamFor,teamAgainst) values ('94d1ccf2-b777-4347-bf53-9dddd78ba653','b42f749b-4501-481b-82d8-7c9fadb1bd38','steal',1,'TeamB','TeamA');
insert into basketballsteals(eventId,player) values ('94d1ccf2-b777-4347-bf53-9dddd78ba653','Ben');
insert into basketballgameevents(id,gameId,playType,period,teamFor,teamAgainst) values ('926a84ed-3a90-4232-b850-fd45e6af8e74','b42f749b-4501-481b-82d8-7c9fadb1bd38','turnover',1,'TeamB','TeamA');
insert into basketballturnovers(eventId,player) values ('926a84ed-3a90-4232-b850-fd45e6af8e74','Banin');
insert into basketballgameevents(id,gameId,playType,period,teamFor,teamAgainst) values ('2ec20a7a-f118-4fe0-b425-043f4d9b6135','b42f749b-4501-481b-82d8-7c9fadb1bd38','rebound',1,'TeamB','TeamA');
insert into basketballrebounds(eventId,player) values ('2ec20a7a-f118-4fe0-b425-043f4d9b6135','Ben');
insert into basketballgameevents(id,gameId,playType,period,teamFor,teamAgainst) values ('ee54b6ad-6a68-4179-83ae-f9103575c852','b42f749b-4501-481b-82d8-7c9fadb1bd38','block',1,'TeamA','TeamB');
insert into basketballblocks(eventId,player) values ('ee54b6ad-6a68-4179-83ae-f9103575c852','Alain');
insert into basketballgameevents(id,gameId,playType,period,teamFor,teamAgainst) values ('82d54410-0b47-48c9-ba6b-f46f44a3c48a','b42f749b-4501-481b-82d8-7c9fadb1bd38','foul',1,'TeamA','TeamB');
insert into basketballfouls(eventId,player,reason) values ('82d54410-0b47-48c9-ba6b-f46f44a3c48a','Adam','Holding');
insert into basketballgameevents(id,gameId,playType,period,teamFor,teamAgainst) values ('66d44b5c-1e53-4706-a273-065922148f73','b42f749b-4501-481b-82d8-7c9fadb1bd38','block',1,'TeamA','TeamB');
insert into basketballblocks(eventId,player) values ('66d44b5c-1e53-4706-a273-065922148f73','Alain');
insert into basketballgameevents(id,gameId,playType,period,teamFor,teamAgainst) values ('9828ab20-0598-4955-b68f-31617380a533','b42f749b-4501-481b-82d8-7c9fadb1bd38','turnover',1,'TeamA','TeamB');
insert into basketballturnovers(eventId,player) values ('9828ab20-0598-4955-b68f-31617380a533','Abby');
insert into basketballgameevents(id,gameId,playType,period,teamFor,teamAgainst) values ('61954f35-87a2-440d-9a25-1f0bd3af3248','b42f749b-4501-481b-82d8-7c9fadb1bd38','turnover',1,'TeamB','TeamA');
insert into basketballturnovers(eventId,player) values ('61954f35-87a2-440d-9a25-1f0bd3af3248','Bonnie');
insert into basketballgameevents(id,gameId,playType,period,teamFor,teamAgainst) values ('d5133a8d-7eeb-4adf-a8af-db6243e1efd0','b42f749b-4501-481b-82d8-7c9fadb1bd38','turnover',1,'TeamB','TeamA');
insert into basketballturnovers(eventId,player) values ('d5133a8d-7eeb-4adf-a8af-db6243e1efd0','Barry');
insert into basketballgameevents(id,gameId,playType,period,teamFor,teamAgainst) values ('0e07cdff-9f8b-4550-a258-ac9390950b46','b42f749b-4501-481b-82d8-7c9fadb1bd38','turnover',1,'TeamA','TeamB');
insert into basketballturnovers(eventId,player) values ('0e07cdff-9f8b-4550-a258-ac9390950b46','Abdul');
insert into basketballgameevents(id,gameId,playType,period,teamFor,teamAgainst) values ('78f4f0db-b3fc-4fa6-a4a4-ae8653cff86c','b42f749b-4501-481b-82d8-7c9fadb1bd38','block',1,'TeamB','TeamA');
insert into basketballblocks(eventId,player) values ('78f4f0db-b3fc-4fa6-a4a4-ae8653cff86c','Beckham');
insert into basketballgameevents(id,gameId,playType,period,teamFor,teamAgainst) values ('0826f940-3554-4342-aa2a-d103bccdc4d6','b42f749b-4501-481b-82d8-7c9fadb1bd38','foul',1,'TeamB','TeamA');
insert into basketballfouls(eventId,player,reason) values ('0826f940-3554-4342-aa2a-d103bccdc4d6','Barry','Holding');
insert into basketballgameevents(id,gameId,playType,period,teamFor,teamAgainst) values ('ef58b1f8-6023-4630-b3b1-36f305b177d3','b42f749b-4501-481b-82d8-7c9fadb1bd38','point',1,'TeamA','TeamB');
insert into basketballpoints(eventId,player,assist,result,point) values ('ef58b1f8-6023-4630-b3b1-36f305b177d3', 'Alain', 'Adam', 'made', 3);
insert into basketballgameevents(id,gameId,playType,period,teamFor,teamAgainst) values ('43929ecb-9281-49ab-8782-5fb4b147b884','b42f749b-4501-481b-82d8-7c9fadb1bd38','turnover',1,'TeamB','TeamA');
insert into basketballturnovers(eventId,player) values ('43929ecb-9281-49ab-8782-5fb4b147b884','Bonnie');
insert into basketballgameevents(id,gameId,playType,period,teamFor,teamAgainst) values ('bab36de3-6aeb-4027-ba58-5d8f6de2e24a','b42f749b-4501-481b-82d8-7c9fadb1bd38','steal',1,'TeamA','TeamB');
insert into basketballsteals(eventId,player) values ('bab36de3-6aeb-4027-ba58-5d8f6de2e24a','Adam');
insert into basketballgameevents(id,gameId,playType,period,teamFor,teamAgainst) values ('e6366ed2-cb39-4102-8380-b56975454df4','b42f749b-4501-481b-82d8-7c9fadb1bd38','rebound',1,'TeamB','TeamA');
insert into basketballrebounds(eventId,player) values ('e6366ed2-cb39-4102-8380-b56975454df4','Barry');
insert into basketballgameevents(id,gameId,playType,period,teamFor,teamAgainst) values ('9af544bd-4ba7-4df2-bdf4-63c76b8c4cd7','b42f749b-4501-481b-82d8-7c9fadb1bd38','rebound',1,'TeamA','TeamB');
insert into basketballrebounds(eventId,player) values ('9af544bd-4ba7-4df2-bdf4-63c76b8c4cd7','Alain');
insert into basketballgameevents(id,gameId,playType,period,teamFor,teamAgainst) values ('d144bf5b-181c-4b53-9244-e461f6ed18bd','b42f749b-4501-481b-82d8-7c9fadb1bd38','point',1,'TeamB','TeamA');
insert into basketballpoints(eventId,player,result,point) values ('d144bf5b-181c-4b53-9244-e461f6ed18bd','Barry','miss',3);
insert into basketballgameevents(id,gameId,playType,period,teamFor,teamAgainst) values ('25c85ce4-1ff6-42f0-8bed-a68d972949bb','b42f749b-4501-481b-82d8-7c9fadb1bd38','foul',1,'TeamA','TeamB');
insert into basketballfouls(eventId,player,reason) values ('25c85ce4-1ff6-42f0-8bed-a68d972949bb','Alain','Holding');
insert into basketballgameevents(id,gameId,playType,period,teamFor,teamAgainst) values ('b0ed0d02-bb12-4029-b6e9-55eb13266baf','b42f749b-4501-481b-82d8-7c9fadb1bd38','rebound',1,'TeamB','TeamA');
insert into basketballrebounds(eventId,player) values ('b0ed0d02-bb12-4029-b6e9-55eb13266baf','Bonnie');
insert into basketballgameevents(id,gameId,playType,period,teamFor,teamAgainst) values ('768fa901-00b7-46d0-bb4a-cbbf330fd741','b42f749b-4501-481b-82d8-7c9fadb1bd38','steal',1,'TeamB','TeamA');
insert into basketballsteals(eventId,player) values ('768fa901-00b7-46d0-bb4a-cbbf330fd741','Banin');
insert into basketballgameevents(id,gameId,playType,period,teamFor,teamAgainst) values ('05909cb3-bc86-4c46-884e-8006acaf3dbc','b42f749b-4501-481b-82d8-7c9fadb1bd38','point',1,'TeamB','TeamA');
insert into basketballpoints(eventId,player,result,point) values ('05909cb3-bc86-4c46-884e-8006acaf3dbc','Barry','made',3);
insert into basketballgameevents(id,gameId,playType,period,teamFor,teamAgainst) values ('9b4cc9b0-ba6c-40c7-928c-6f22c5be1b44','b42f749b-4501-481b-82d8-7c9fadb1bd38','rebound',1,'TeamA','TeamB');
insert into basketballrebounds(eventId,player) values ('9b4cc9b0-ba6c-40c7-928c-6f22c5be1b44','Adam');
insert into basketballgameevents(id,gameId,playType,period,teamFor,teamAgainst) values ('f5237217-f9f2-4e0d-8542-7b64d31b1b8b','b42f749b-4501-481b-82d8-7c9fadb1bd38','rebound',1,'TeamA','TeamB');
insert into basketballrebounds(eventId,player) values ('f5237217-f9f2-4e0d-8542-7b64d31b1b8b','Alain');
insert into basketballgameevents(id,gameId,playType,period,teamFor,teamAgainst) values ('f0ad9223-4eed-4a9e-b4e9-b658ca291efc','b42f749b-4501-481b-82d8-7c9fadb1bd38','foul',1,'TeamA','TeamB');
insert into basketballfouls(eventId,player,reason) values ('f0ad9223-4eed-4a9e-b4e9-b658ca291efc','Alain','Holding');
insert into basketballgameevents(id,gameId,playType,period,teamFor,teamAgainst) values ('22152d01-df60-4adf-bff4-3cbd80e5ecea','b42f749b-4501-481b-82d8-7c9fadb1bd38','block',1,'TeamB','TeamA');
insert into basketballblocks(eventId,player) values ('22152d01-df60-4adf-bff4-3cbd80e5ecea','Bonnie');
insert into basketballgameevents(id,gameId,playType,period,teamFor,teamAgainst) values ('48c6d027-36db-4a7c-9b38-621af7003f80','b42f749b-4501-481b-82d8-7c9fadb1bd38','steal',1,'TeamB','TeamA');
insert into basketballsteals(eventId,player) values ('48c6d027-36db-4a7c-9b38-621af7003f80','Banin');
insert into basketballgameevents(id,gameId,playType,period,teamFor,teamAgainst) values ('6450adfb-9283-4871-8a6f-89841db218e1','b42f749b-4501-481b-82d8-7c9fadb1bd38','foul',2,'TeamA','TeamB');
insert into basketballfouls(eventId,player,reason) values ('6450adfb-9283-4871-8a6f-89841db218e1','Alice','Holding');
insert into basketballgameevents(id,gameId,playType,period,teamFor,teamAgainst) values ('1e9e40b6-7b06-4268-8454-d5d157365190','b42f749b-4501-481b-82d8-7c9fadb1bd38','rebound',2,'TeamA','TeamB');
insert into basketballrebounds(eventId,player) values ('1e9e40b6-7b06-4268-8454-d5d157365190','Alain');
insert into basketballgameevents(id,gameId,playType,period,teamFor,teamAgainst) values ('0728564f-3715-4aa4-9717-57038e6d0ff0','b42f749b-4501-481b-82d8-7c9fadb1bd38','rebound',2,'TeamA','TeamB');
insert into basketballrebounds(eventId,player) values ('0728564f-3715-4aa4-9717-57038e6d0ff0','Alice');
insert into basketballgameevents(id,gameId,playType,period,teamFor,teamAgainst) values ('7e362ac5-f9a5-450a-a679-e909272c31b7','b42f749b-4501-481b-82d8-7c9fadb1bd38','foul',2,'TeamA','TeamB');
insert into basketballfouls(eventId,player,reason) values ('7e362ac5-f9a5-450a-a679-e909272c31b7','Abdul','Holding');
insert into basketballgameevents(id,gameId,playType,period,teamFor,teamAgainst) values ('53a30ad5-d71d-44ef-85e0-30086d3af899','b42f749b-4501-481b-82d8-7c9fadb1bd38','turnover',2,'TeamA','TeamB');
insert into basketballturnovers(eventId,player) values ('53a30ad5-d71d-44ef-85e0-30086d3af899','Abby');
insert into basketballgameevents(id,gameId,playType,period,teamFor,teamAgainst) values ('0786a55f-9b71-4a65-b24d-54524b52b5cd','b42f749b-4501-481b-82d8-7c9fadb1bd38','rebound',2,'TeamB','TeamA');
insert into basketballrebounds(eventId,player) values ('0786a55f-9b71-4a65-b24d-54524b52b5cd','Banin');
insert into basketballgameevents(id,gameId,playType,period,teamFor,teamAgainst) values ('e0373a84-bbf6-42ef-9241-49e3388f2c8e','b42f749b-4501-481b-82d8-7c9fadb1bd38','foul',2,'TeamA','TeamB');
insert into basketballfouls(eventId,player,reason) values ('e0373a84-bbf6-42ef-9241-49e3388f2c8e','Adam','Holding');
insert into basketballgameevents(id,gameId,playType,period,teamFor,teamAgainst) values ('c203a64f-70b3-4008-91c1-4647f28a628f','b42f749b-4501-481b-82d8-7c9fadb1bd38','rebound',2,'TeamA','TeamB');
insert into basketballrebounds(eventId,player) values ('c203a64f-70b3-4008-91c1-4647f28a628f','Abby');
insert into basketballgameevents(id,gameId,playType,period,teamFor,teamAgainst) values ('00397ee5-cf6e-4296-b20f-631481409605','b42f749b-4501-481b-82d8-7c9fadb1bd38','point',2,'TeamA','TeamB');
insert into basketballpoints(eventId,player,result,point) values ('00397ee5-cf6e-4296-b20f-631481409605','Abdul','miss',1);
insert into basketballgameevents(id,gameId,playType,period,teamFor,teamAgainst) values ('f171e3a0-5cf4-4c07-aa0a-07377a5bc61d','b42f749b-4501-481b-82d8-7c9fadb1bd38','rebound',2,'TeamA','TeamB');
insert into basketballrebounds(eventId,player) values ('f171e3a0-5cf4-4c07-aa0a-07377a5bc61d','Adam');
insert into basketballgameevents(id,gameId,playType,period,teamFor,teamAgainst) values ('f0b7d14d-0644-4952-8f74-86cc3c90a28e','b42f749b-4501-481b-82d8-7c9fadb1bd38','point',2,'TeamB','TeamA');
insert into basketballpoints(eventId,player,result,point) values ('f0b7d14d-0644-4952-8f74-86cc3c90a28e','Beckham','miss',2);
insert into basketballgameevents(id,gameId,playType,period,teamFor,teamAgainst) values ('0b1ac651-d952-4937-9bdb-70701638cfbc','b42f749b-4501-481b-82d8-7c9fadb1bd38','rebound',2,'TeamB','TeamA');
insert into basketballrebounds(eventId,player) values ('0b1ac651-d952-4937-9bdb-70701638cfbc','Ben');
insert into basketballgameevents(id,gameId,playType,period,teamFor,teamAgainst) values ('aaaaed3b-d2ea-4106-9c16-ae7e6dda316d','b42f749b-4501-481b-82d8-7c9fadb1bd38','turnover',2,'TeamA','TeamB');
insert into basketballturnovers(eventId,player) values ('aaaaed3b-d2ea-4106-9c16-ae7e6dda316d','Alain');
insert into basketballgameevents(id,gameId,playType,period,teamFor,teamAgainst) values ('982271ab-f5d7-42f4-b0cd-7e87eb0d2349','b42f749b-4501-481b-82d8-7c9fadb1bd38','rebound',2,'TeamB','TeamA');
insert into basketballrebounds(eventId,player) values ('982271ab-f5d7-42f4-b0cd-7e87eb0d2349','Ben');
insert into basketballgameevents(id,gameId,playType,period,teamFor,teamAgainst) values ('322ff9db-b433-43e4-a6b8-410e57c1e73c','b42f749b-4501-481b-82d8-7c9fadb1bd38','point',2,'TeamA','TeamB');
insert into basketballpoints(eventId,player,result,point) values ('322ff9db-b433-43e4-a6b8-410e57c1e73c','Adam','miss',2);
insert into basketballgameevents(id,gameId,playType,period,teamFor,teamAgainst) values ('008e3ef5-2c93-4892-9c85-1111100266a6','b42f749b-4501-481b-82d8-7c9fadb1bd38','block',2,'TeamA','TeamB');
insert into basketballblocks(eventId,player) values ('008e3ef5-2c93-4892-9c85-1111100266a6','Alain');
insert into basketballgameevents(id,gameId,playType,period,teamFor,teamAgainst) values ('12c99f5b-6306-4db2-859b-1018b7237a64','b42f749b-4501-481b-82d8-7c9fadb1bd38','steal',2,'TeamB','TeamA');
insert into basketballsteals(eventId,player) values ('12c99f5b-6306-4db2-859b-1018b7237a64','Ben');
insert into basketballgameevents(id,gameId,playType,period,teamFor,teamAgainst) values ('80c3bf2d-f9d1-4c43-9507-654ed0ca1ff0','b42f749b-4501-481b-82d8-7c9fadb1bd38','rebound',2,'TeamB','TeamA');
insert into basketballrebounds(eventId,player) values ('80c3bf2d-f9d1-4c43-9507-654ed0ca1ff0','Banin');
insert into basketballgameevents(id,gameId,playType,period,teamFor,teamAgainst) values ('47c9d6cd-48aa-40db-b0d7-a86ce08dd986','b42f749b-4501-481b-82d8-7c9fadb1bd38','foul',2,'TeamB','TeamA');
insert into basketballfouls(eventId,player,reason) values ('47c9d6cd-48aa-40db-b0d7-a86ce08dd986','Beckham','Holding');
insert into basketballgameevents(id,gameId,playType,period,teamFor,teamAgainst) values ('ef48d669-161a-4b6e-a19f-a15c3f21fb06','b42f749b-4501-481b-82d8-7c9fadb1bd38','turnover',2,'TeamA','TeamB');
insert into basketballturnovers(eventId,player) values ('ef48d669-161a-4b6e-a19f-a15c3f21fb06','Alice');
insert into basketballgameevents(id,gameId,playType,period,teamFor,teamAgainst) values ('e9787434-50e4-4ccf-8607-7c8ae16a856d','b42f749b-4501-481b-82d8-7c9fadb1bd38','turnover',2,'TeamB','TeamA');
insert into basketballturnovers(eventId,player) values ('e9787434-50e4-4ccf-8607-7c8ae16a856d','Bonnie');
insert into basketballgameevents(id,gameId,playType,period,teamFor,teamAgainst) values ('a09ecb53-117e-4015-95ea-e59b22b931f2','b42f749b-4501-481b-82d8-7c9fadb1bd38','point',2,'TeamB','TeamA');
insert into basketballpoints(eventId,player,result,point) values ('a09ecb53-117e-4015-95ea-e59b22b931f2','Banin','miss',3);
insert into basketballgameevents(id,gameId,playType,period,teamFor,teamAgainst) values ('7b8391d8-4642-4828-8dfd-4f6729961216','b42f749b-4501-481b-82d8-7c9fadb1bd38','foul',2,'TeamB','TeamA');
insert into basketballfouls(eventId,player,reason) values ('7b8391d8-4642-4828-8dfd-4f6729961216','Ben','Holding');
insert into basketballgameevents(id,gameId,playType,period,teamFor,teamAgainst) values ('73349b8f-346b-4498-8050-00f9e82fa233','b42f749b-4501-481b-82d8-7c9fadb1bd38','block',2,'TeamB','TeamA');
insert into basketballblocks(eventId,player) values ('73349b8f-346b-4498-8050-00f9e82fa233','Banin');
insert into basketballgameevents(id,gameId,playType,period,teamFor,teamAgainst) values ('628df992-e035-4778-91b5-4d37de67ef68','b42f749b-4501-481b-82d8-7c9fadb1bd38','turnover',2,'TeamA','TeamB');
insert into basketballturnovers(eventId,player) values ('628df992-e035-4778-91b5-4d37de67ef68','Adam');
insert into basketballgameevents(id,gameId,playType,period,teamFor,teamAgainst) values ('f2b29efb-ca04-4d0c-bc81-6c5d01081848','b42f749b-4501-481b-82d8-7c9fadb1bd38','turnover',2,'TeamA','TeamB');
insert into basketballturnovers(eventId,player) values ('f2b29efb-ca04-4d0c-bc81-6c5d01081848','Alain');
insert into basketballgameevents(id,gameId,playType,period,teamFor,teamAgainst) values ('d18afa94-926a-4f54-90a9-33aa7d64e9b5','b42f749b-4501-481b-82d8-7c9fadb1bd38','foul',2,'TeamA','TeamB');
insert into basketballfouls(eventId,player,reason) values ('d18afa94-926a-4f54-90a9-33aa7d64e9b5','Abdul','Holding');
insert into basketballgameevents(id,gameId,playType,period,teamFor,teamAgainst) values ('ea25e39e-abb2-4cf1-8c91-1ff9a0edf293','b42f749b-4501-481b-82d8-7c9fadb1bd38','point',2,'TeamA','TeamB');
insert into basketballpoints(eventId,player,result,point) values ('ea25e39e-abb2-4cf1-8c91-1ff9a0edf293','Abdul','miss',1);
insert into basketballgameevents(id,gameId,playType,period,teamFor,teamAgainst) values ('9bd32ca1-501c-4f6f-90ca-c36743da70c3','b42f749b-4501-481b-82d8-7c9fadb1bd38','steal',2,'TeamB','TeamA');
insert into basketballsteals(eventId,player) values ('9bd32ca1-501c-4f6f-90ca-c36743da70c3','Ben');
insert into basketballgameevents(id,gameId,playType,period,teamFor,teamAgainst) values ('7104c4d1-7f86-4120-b041-f36ae51aac19','b42f749b-4501-481b-82d8-7c9fadb1bd38','steal',2,'TeamA','TeamB');
insert into basketballsteals(eventId,player) values ('7104c4d1-7f86-4120-b041-f36ae51aac19','Adam');
insert into basketballgameevents(id,gameId,playType,period,teamFor,teamAgainst) values ('7fe837a1-4db3-4c08-be1b-3802d75aa42c','b42f749b-4501-481b-82d8-7c9fadb1bd38','rebound',3,'TeamA','TeamB');
insert into basketballrebounds(eventId,player) values ('7fe837a1-4db3-4c08-be1b-3802d75aa42c','Alice');
insert into basketballgameevents(id,gameId,playType,period,teamFor,teamAgainst) values ('4c3e3025-4922-4bf3-8ca4-124523db017b','b42f749b-4501-481b-82d8-7c9fadb1bd38','point',3,'TeamB','TeamA');
insert into basketballpoints(eventId,player,result,point) values ('4c3e3025-4922-4bf3-8ca4-124523db017b','Ben','miss',1);
insert into basketballgameevents(id,gameId,playType,period,teamFor,teamAgainst) values ('1699d929-c64c-4770-801a-3f5da9fdd8f7','b42f749b-4501-481b-82d8-7c9fadb1bd38','steal',3,'TeamB','TeamA');
insert into basketballsteals(eventId,player) values ('1699d929-c64c-4770-801a-3f5da9fdd8f7','Ben');
insert into basketballgameevents(id,gameId,playType,period,teamFor,teamAgainst) values ('026335fc-4802-4967-ab5a-85b4a358b885','b42f749b-4501-481b-82d8-7c9fadb1bd38','rebound',3,'TeamB','TeamA');
insert into basketballrebounds(eventId,player) values ('026335fc-4802-4967-ab5a-85b4a358b885','Beckham');
insert into basketballgameevents(id,gameId,playType,period,teamFor,teamAgainst) values ('1ebfba62-d192-4d5a-88d6-4841e2560ab5','b42f749b-4501-481b-82d8-7c9fadb1bd38','turnover',3,'TeamA','TeamB');
insert into basketballturnovers(eventId,player) values ('1ebfba62-d192-4d5a-88d6-4841e2560ab5','Alice');
insert into basketballgameevents(id,gameId,playType,period,teamFor,teamAgainst) values ('83f0d6fa-95f3-4e50-94f3-ad0786b2c5db','b42f749b-4501-481b-82d8-7c9fadb1bd38','foul',3,'TeamA','TeamB');
insert into basketballfouls(eventId,player,reason) values ('83f0d6fa-95f3-4e50-94f3-ad0786b2c5db','Alice','Holding');
insert into basketballgameevents(id,gameId,playType,period,teamFor,teamAgainst) values ('acaa77ba-8734-461e-9d80-62243a97f418','b42f749b-4501-481b-82d8-7c9fadb1bd38','block',3,'TeamB','TeamA');
insert into basketballblocks(eventId,player) values ('acaa77ba-8734-461e-9d80-62243a97f418','Beckham');
insert into basketballgameevents(id,gameId,playType,period,teamFor,teamAgainst) values ('029f9ee9-7397-4965-a6d5-28c341a35df6','b42f749b-4501-481b-82d8-7c9fadb1bd38','rebound',3,'TeamB','TeamA');
insert into basketballrebounds(eventId,player) values ('029f9ee9-7397-4965-a6d5-28c341a35df6','Banin');
insert into basketballgameevents(id,gameId,playType,period,teamFor,teamAgainst) values ('fcfd713f-0d18-47f0-90e8-4f97e02c37ea','b42f749b-4501-481b-82d8-7c9fadb1bd38','rebound',3,'TeamA','TeamB');
insert into basketballrebounds(eventId,player) values ('fcfd713f-0d18-47f0-90e8-4f97e02c37ea','Adam');
insert into basketballgameevents(id,gameId,playType,period,teamFor,teamAgainst) values ('804cb88a-02af-4e6a-a30e-2a6b251c2911','b42f749b-4501-481b-82d8-7c9fadb1bd38','steal',3,'TeamB','TeamA');
insert into basketballsteals(eventId,player) values ('804cb88a-02af-4e6a-a30e-2a6b251c2911','Beckham');
insert into basketballgameevents(id,gameId,playType,period,teamFor,teamAgainst) values ('324fe8df-e382-4ee2-bead-2096a5f173bf','b42f749b-4501-481b-82d8-7c9fadb1bd38','turnover',3,'TeamB','TeamA');
insert into basketballturnovers(eventId,player) values ('324fe8df-e382-4ee2-bead-2096a5f173bf','Beckham');
insert into basketballgameevents(id,gameId,playType,period,teamFor,teamAgainst) values ('e8cbf1f4-87ef-4f42-82eb-a1b9421df848','b42f749b-4501-481b-82d8-7c9fadb1bd38','steal',3,'TeamB','TeamA');
insert into basketballsteals(eventId,player) values ('e8cbf1f4-87ef-4f42-82eb-a1b9421df848','Banin');
insert into basketballgameevents(id,gameId,playType,period,teamFor,teamAgainst) values ('20a442dd-e232-4fd7-95c5-57fb71ed35c7','b42f749b-4501-481b-82d8-7c9fadb1bd38','turnover',3,'TeamB','TeamA');
insert into basketballturnovers(eventId,player) values ('20a442dd-e232-4fd7-95c5-57fb71ed35c7','Barry');
insert into basketballgameevents(id,gameId,playType,period,teamFor,teamAgainst) values ('a9c6750e-224d-4f5e-91b3-66a12a1bd087','b42f749b-4501-481b-82d8-7c9fadb1bd38','block',3,'TeamB','TeamA');
insert into basketballblocks(eventId,player) values ('a9c6750e-224d-4f5e-91b3-66a12a1bd087','Barry');
insert into basketballgameevents(id,gameId,playType,period,teamFor,teamAgainst) values ('b3656395-21d5-4650-90f7-78e76bb84599','b42f749b-4501-481b-82d8-7c9fadb1bd38','steal',3,'TeamB','TeamA');
insert into basketballsteals(eventId,player) values ('b3656395-21d5-4650-90f7-78e76bb84599','Beckham');
insert into basketballgameevents(id,gameId,playType,period,teamFor,teamAgainst) values ('81bd111a-dd65-470c-97ba-cebacf508425','b42f749b-4501-481b-82d8-7c9fadb1bd38','turnover',3,'TeamA','TeamB');
insert into basketballturnovers(eventId,player) values ('81bd111a-dd65-470c-97ba-cebacf508425','Alain');
insert into basketballgameevents(id,gameId,playType,period,teamFor,teamAgainst) values ('a186f23f-f6e0-4e50-94de-4e0436446530','b42f749b-4501-481b-82d8-7c9fadb1bd38','turnover',3,'TeamB','TeamA');
insert into basketballturnovers(eventId,player) values ('a186f23f-f6e0-4e50-94de-4e0436446530','Beckham');
insert into basketballgameevents(id,gameId,playType,period,teamFor,teamAgainst) values ('39ccba1c-4ac6-43f8-9835-aaef91019f98','b42f749b-4501-481b-82d8-7c9fadb1bd38','point',3,'TeamA','TeamB');
insert into basketballpoints(eventId,player,result,point) values ('39ccba1c-4ac6-43f8-9835-aaef91019f98','Alain','miss',1);
insert into basketballgameevents(id,gameId,playType,period,teamFor,teamAgainst) values ('0c1a6d21-d0ce-4916-ac9e-b2bed8d89170','b42f749b-4501-481b-82d8-7c9fadb1bd38','steal',3,'TeamA','TeamB');
insert into basketballsteals(eventId,player) values ('0c1a6d21-d0ce-4916-ac9e-b2bed8d89170','Adam');
insert into basketballgameevents(id,gameId,playType,period,teamFor,teamAgainst) values ('af7a11a9-c840-4a89-81f1-96c04c53bb66','b42f749b-4501-481b-82d8-7c9fadb1bd38','foul',3,'TeamA','TeamB');
insert into basketballfouls(eventId,player,reason) values ('af7a11a9-c840-4a89-81f1-96c04c53bb66','Abdul','Holding');
insert into basketballgameevents(id,gameId,playType,period,teamFor,teamAgainst) values ('2b99ff46-dbc4-44c8-afd2-3831399a1e6f','b42f749b-4501-481b-82d8-7c9fadb1bd38','point',3,'TeamB','TeamA');
insert into basketballpoints(eventId,player,result,point) values ('2b99ff46-dbc4-44c8-afd2-3831399a1e6f','Ben','made',3);
insert into basketballgameevents(id,gameId,playType,period,teamFor,teamAgainst) values ('1dd0bcbd-f35a-49cf-a7a9-a8a9868e9225','b42f749b-4501-481b-82d8-7c9fadb1bd38','point',3,'TeamB','TeamA');
insert into basketballpoints(eventId,player,result,point) values ('1dd0bcbd-f35a-49cf-a7a9-a8a9868e9225','Barry','miss',1);
insert into basketballgameevents(id,gameId,playType,period,teamFor,teamAgainst) values ('727b76f2-6b21-4f6a-b296-94ebe1b9e237','b42f749b-4501-481b-82d8-7c9fadb1bd38','rebound',3,'TeamA','TeamB');
insert into basketballrebounds(eventId,player) values ('727b76f2-6b21-4f6a-b296-94ebe1b9e237','Abdul');
insert into basketballgameevents(id,gameId,playType,period,teamFor,teamAgainst) values ('1b7e75ad-64f8-4132-8eb3-1c7a749a0aad','b42f749b-4501-481b-82d8-7c9fadb1bd38','point',3,'TeamB','TeamA');
insert into basketballpoints(eventId,player,assist,result,point) values ('1b7e75ad-64f8-4132-8eb3-1c7a749a0aad', 'Beckham', 'Barry', 'made', 1);
insert into basketballgameevents(id,gameId,playType,period,teamFor,teamAgainst) values ('236c19b1-b133-4169-a5a8-e9f86eb542fa','b42f749b-4501-481b-82d8-7c9fadb1bd38','foul',3,'TeamB','TeamA');
insert into basketballfouls(eventId,player,reason) values ('236c19b1-b133-4169-a5a8-e9f86eb542fa','Barry','Holding');
insert into basketballgameevents(id,gameId,playType,period,teamFor,teamAgainst) values ('061947a8-29fe-437b-a0d7-d43493e49be9','b42f749b-4501-481b-82d8-7c9fadb1bd38','point',3,'TeamA','TeamB');
insert into basketballpoints(eventId,player,result,point) values ('061947a8-29fe-437b-a0d7-d43493e49be9','Alice','miss',2);
insert into basketballgameevents(id,gameId,playType,period,teamFor,teamAgainst) values ('c2fb81cd-8415-4b75-8cb8-91eae22f21b0','b42f749b-4501-481b-82d8-7c9fadb1bd38','block',3,'TeamB','TeamA');
insert into basketballblocks(eventId,player) values ('c2fb81cd-8415-4b75-8cb8-91eae22f21b0','Barry');
insert into basketballgameevents(id,gameId,playType,period,teamFor,teamAgainst) values ('719726e4-8cab-45af-b9ec-933c12bb06c3','b42f749b-4501-481b-82d8-7c9fadb1bd38','point',3,'TeamB','TeamA');
insert into basketballpoints(eventId,player,result,point) values ('719726e4-8cab-45af-b9ec-933c12bb06c3','Bonnie','miss',2);
insert into basketballgameevents(id,gameId,playType,period,teamFor,teamAgainst) values ('88645944-a4f6-4e9e-987e-75309839eeb2','b42f749b-4501-481b-82d8-7c9fadb1bd38','steal',3,'TeamB','TeamA');
insert into basketballsteals(eventId,player) values ('88645944-a4f6-4e9e-987e-75309839eeb2','Bonnie');
insert into basketballgameevents(id,gameId,playType,period,teamFor,teamAgainst) values ('9806db61-38f3-43db-8006-9f58b799d542','b42f749b-4501-481b-82d8-7c9fadb1bd38','rebound',3,'TeamB','TeamA');
insert into basketballrebounds(eventId,player) values ('9806db61-38f3-43db-8006-9f58b799d542','Ben');
insert into basketballgameevents(id,gameId,playType,period,teamFor,teamAgainst) values ('a331dce7-dcc8-43e7-b596-674604b57f77','b42f749b-4501-481b-82d8-7c9fadb1bd38','turnover',4,'TeamB','TeamA');
insert into basketballturnovers(eventId,player) values ('a331dce7-dcc8-43e7-b596-674604b57f77','Barry');
insert into basketballgameevents(id,gameId,playType,period,teamFor,teamAgainst) values ('aee57f62-3151-4a29-ae62-8bcbd85e426e','b42f749b-4501-481b-82d8-7c9fadb1bd38','foul',4,'TeamA','TeamB');
insert into basketballfouls(eventId,player,reason) values ('aee57f62-3151-4a29-ae62-8bcbd85e426e','Alice','Holding');
insert into basketballgameevents(id,gameId,playType,period,teamFor,teamAgainst) values ('8bc1479e-3a1d-45ec-8d41-7d2e507bf0e2','b42f749b-4501-481b-82d8-7c9fadb1bd38','foul',4,'TeamA','TeamB');
insert into basketballfouls(eventId,player,reason) values ('8bc1479e-3a1d-45ec-8d41-7d2e507bf0e2','Abby','Holding');
insert into basketballgameevents(id,gameId,playType,period,teamFor,teamAgainst) values ('38fac48b-d943-4474-88df-c1e47a1e92e4','b42f749b-4501-481b-82d8-7c9fadb1bd38','block',4,'TeamB','TeamA');
insert into basketballblocks(eventId,player) values ('38fac48b-d943-4474-88df-c1e47a1e92e4','Beckham');
insert into basketballgameevents(id,gameId,playType,period,teamFor,teamAgainst) values ('4589d1d0-3e95-4146-8441-55564a51bcfd','b42f749b-4501-481b-82d8-7c9fadb1bd38','foul',4,'TeamA','TeamB');
insert into basketballfouls(eventId,player,reason) values ('4589d1d0-3e95-4146-8441-55564a51bcfd','Adam','Holding');
insert into basketballgameevents(id,gameId,playType,period,teamFor,teamAgainst) values ('fca959af-04b5-4dc0-9d34-7eec8c5f056f','b42f749b-4501-481b-82d8-7c9fadb1bd38','turnover',4,'TeamB','TeamA');
insert into basketballturnovers(eventId,player) values ('fca959af-04b5-4dc0-9d34-7eec8c5f056f','Bonnie');
insert into basketballgameevents(id,gameId,playType,period,teamFor,teamAgainst) values ('0a2c2175-fd44-4d84-8a2f-1748743cd2f0','b42f749b-4501-481b-82d8-7c9fadb1bd38','steal',4,'TeamB','TeamA');
insert into basketballsteals(eventId,player) values ('0a2c2175-fd44-4d84-8a2f-1748743cd2f0','Banin');
insert into basketballgameevents(id,gameId,playType,period,teamFor,teamAgainst) values ('55585c8b-62e1-42b4-94c5-6e98a4f77727','b42f749b-4501-481b-82d8-7c9fadb1bd38','turnover',4,'TeamA','TeamB');
insert into basketballturnovers(eventId,player) values ('55585c8b-62e1-42b4-94c5-6e98a4f77727','Alain');
insert into basketballgameevents(id,gameId,playType,period,teamFor,teamAgainst) values ('4fe8ad3e-085a-45e1-a91c-1de402ec9156','b42f749b-4501-481b-82d8-7c9fadb1bd38','point',4,'TeamA','TeamB');
insert into basketballpoints(eventId,player,assist,result,point) values ('4fe8ad3e-085a-45e1-a91c-1de402ec9156', 'Adam', 'Abdul', 'made', 2);
insert into basketballgameevents(id,gameId,playType,period,teamFor,teamAgainst) values ('892817fb-1b6c-4930-989c-da5c87a0627b','b42f749b-4501-481b-82d8-7c9fadb1bd38','block',4,'TeamB','TeamA');
insert into basketballblocks(eventId,player) values ('892817fb-1b6c-4930-989c-da5c87a0627b','Ben');
insert into basketballgameevents(id,gameId,playType,period,teamFor,teamAgainst) values ('06ee5f58-2fb0-4859-b584-700facadf10a','b42f749b-4501-481b-82d8-7c9fadb1bd38','rebound',4,'TeamB','TeamA');
insert into basketballrebounds(eventId,player) values ('06ee5f58-2fb0-4859-b584-700facadf10a','Barry');
insert into basketballgameevents(id,gameId,playType,period,teamFor,teamAgainst) values ('53886841-3d61-4abb-8797-cbe3703e019c','b42f749b-4501-481b-82d8-7c9fadb1bd38','foul',4,'TeamA','TeamB');
insert into basketballfouls(eventId,player,reason) values ('53886841-3d61-4abb-8797-cbe3703e019c','Abdul','Holding');
insert into basketballgameevents(id,gameId,playType,period,teamFor,teamAgainst) values ('3240e013-8027-44b6-9387-0d2fe28ab1c9','b42f749b-4501-481b-82d8-7c9fadb1bd38','block',4,'TeamA','TeamB');
insert into basketballblocks(eventId,player) values ('3240e013-8027-44b6-9387-0d2fe28ab1c9','Abdul');
insert into basketballgameevents(id,gameId,playType,period,teamFor,teamAgainst) values ('4f5c3a9f-5ad5-458c-af92-f21043eda5f8','b42f749b-4501-481b-82d8-7c9fadb1bd38','steal',4,'TeamB','TeamA');
insert into basketballsteals(eventId,player) values ('4f5c3a9f-5ad5-458c-af92-f21043eda5f8','Barry');
insert into basketballgameevents(id,gameId,playType,period,teamFor,teamAgainst) values ('08528c7f-0151-4c5e-af46-f98c0ff1fae1','b42f749b-4501-481b-82d8-7c9fadb1bd38','foul',4,'TeamB','TeamA');
insert into basketballfouls(eventId,player,reason) values ('08528c7f-0151-4c5e-af46-f98c0ff1fae1','Beckham','Holding');
insert into basketballgameevents(id,gameId,playType,period,teamFor,teamAgainst) values ('fa750634-2dc1-4008-a6dd-485159f8385a','b42f749b-4501-481b-82d8-7c9fadb1bd38','rebound',4,'TeamB','TeamA');
insert into basketballrebounds(eventId,player) values ('fa750634-2dc1-4008-a6dd-485159f8385a','Bonnie');
insert into basketballgameevents(id,gameId,playType,period,teamFor,teamAgainst) values ('5bb52e09-4978-4654-9cb8-ff7884cc16ab','b42f749b-4501-481b-82d8-7c9fadb1bd38','turnover',4,'TeamB','TeamA');
insert into basketballturnovers(eventId,player) values ('5bb52e09-4978-4654-9cb8-ff7884cc16ab','Barry');
insert into basketballgameevents(id,gameId,playType,period,teamFor,teamAgainst) values ('e5d0b65b-b1ef-40b4-b7cb-1d9a7b6d170d','b42f749b-4501-481b-82d8-7c9fadb1bd38','rebound',4,'TeamA','TeamB');
insert into basketballrebounds(eventId,player) values ('e5d0b65b-b1ef-40b4-b7cb-1d9a7b6d170d','Alain');
insert into basketballgameevents(id,gameId,playType,period,teamFor,teamAgainst) values ('2a64f545-6738-4494-b745-b98298450841','b42f749b-4501-481b-82d8-7c9fadb1bd38','block',4,'TeamA','TeamB');
insert into basketballblocks(eventId,player) values ('2a64f545-6738-4494-b745-b98298450841','Adam');
insert into basketballgameevents(id,gameId,playType,period,teamFor,teamAgainst) values ('77bec5f6-aba3-4c09-9112-10f03023473d','b42f749b-4501-481b-82d8-7c9fadb1bd38','turnover',4,'TeamA','TeamB');
insert into basketballturnovers(eventId,player) values ('77bec5f6-aba3-4c09-9112-10f03023473d','Alain');
insert into basketballgameevents(id,gameId,playType,period,teamFor,teamAgainst) values ('c1d479ec-247c-440b-b621-6d03a974a457','b42f749b-4501-481b-82d8-7c9fadb1bd38','rebound',4,'TeamA','TeamB');
insert into basketballrebounds(eventId,player) values ('c1d479ec-247c-440b-b621-6d03a974a457','Abby');
insert into basketballgameevents(id,gameId,playType,period,teamFor,teamAgainst) values ('e0e788c3-546d-4bad-9fb8-c9672cdc93a7','b42f749b-4501-481b-82d8-7c9fadb1bd38','steal',4,'TeamA','TeamB');
insert into basketballsteals(eventId,player) values ('e0e788c3-546d-4bad-9fb8-c9672cdc93a7','Alain');
insert into basketballgameevents(id,gameId,playType,period,teamFor,teamAgainst) values ('1acc9da6-77d8-4e89-8c6b-92f43e8c7417','b42f749b-4501-481b-82d8-7c9fadb1bd38','rebound',4,'TeamB','TeamA');
insert into basketballrebounds(eventId,player) values ('1acc9da6-77d8-4e89-8c6b-92f43e8c7417','Ben');
insert into basketballgameevents(id,gameId,playType,period,teamFor,teamAgainst) values ('d5eceea9-b2fd-44c2-87ca-1b37fcf2e5f7','b42f749b-4501-481b-82d8-7c9fadb1bd38','turnover',4,'TeamB','TeamA');
insert into basketballturnovers(eventId,player) values ('d5eceea9-b2fd-44c2-87ca-1b37fcf2e5f7','Banin');
insert into basketballgameevents(id,gameId,playType,period,teamFor,teamAgainst) values ('1f8e2e9f-128b-49eb-a92a-0fc49856f10c','b42f749b-4501-481b-82d8-7c9fadb1bd38','rebound',4,'TeamA','TeamB');
insert into basketballrebounds(eventId,player) values ('1f8e2e9f-128b-49eb-a92a-0fc49856f10c','Alice');
insert into basketballgameevents(id,gameId,playType,period,teamFor,teamAgainst) values ('7ce53f3f-07bb-4793-938f-c4d0489703cb','b42f749b-4501-481b-82d8-7c9fadb1bd38','block',4,'TeamA','TeamB');
insert into basketballblocks(eventId,player) values ('7ce53f3f-07bb-4793-938f-c4d0489703cb','Abby');
insert into basketballgameevents(id,gameId,playType,period,teamFor,teamAgainst) values ('39a4107c-a8fd-4b3d-b01a-48aa86e9fccd','b42f749b-4501-481b-82d8-7c9fadb1bd38','foul',4,'TeamA','TeamB');
insert into basketballfouls(eventId,player,reason) values ('39a4107c-a8fd-4b3d-b01a-48aa86e9fccd','Adam','Holding');
insert into basketballgameevents(id,gameId,playType,period,teamFor,teamAgainst) values ('7aa9e111-4aa0-46bf-87b3-e91af85a2521','b42f749b-4501-481b-82d8-7c9fadb1bd38','rebound',4,'TeamB','TeamA');
insert into basketballrebounds(eventId,player) values ('7aa9e111-4aa0-46bf-87b3-e91af85a2521','Bonnie');
insert into basketballgameevents(id,gameId,playType,period,teamFor,teamAgainst) values ('78c7938c-ca9c-473a-967c-4716f189a14d','b42f749b-4501-481b-82d8-7c9fadb1bd38','turnover',4,'TeamB','TeamA');
insert into basketballturnovers(eventId,player) values ('78c7938c-ca9c-473a-967c-4716f189a14d','Bonnie');
insert into basketballgameevents(id,gameId,playType,period,teamFor,teamAgainst) values ('eef771fe-5ea8-4c1f-8ea9-6a5361d5fcb6','b42f749b-4501-481b-82d8-7c9fadb1bd38','point',4,'TeamB','TeamA');
insert into basketballpoints(eventId,player,result,point) values ('eef771fe-5ea8-4c1f-8ea9-6a5361d5fcb6','Beckham','miss',1);
